lemma,paradigm_slot,target,prediction
postare,V;IND;PST;2;SG;PFV,p o s t a s t i,p ɔ s t a s t i
postare,V;IND;PST;3;PL;IPFV,p o s t a v a n o,p o s t a v a n o
postare,V;COND;1;SG,p o s t e r ɛ j,p o s t e r ɛ j
postare,V;COND;2;SG,p o s t e r e s t i,p o s t e r e s t i
postare,V;IND;PRS;1;PL,p o s t j a m o,p o s t j a m o
provare,V;NFIN,p r o v a r e,p r o v a r e
provare,V;SBJV;PST;1;SG,p r o v a s s i,p r o v a s s i
provare,V;IND;PST;2;SG;PFV,p r o v a s t i,p r o v a s t i
provare,V;POS;IMP;2;PL,p r o v a t e,p r o v a t e
provare,V;IND;PST;2;PL;IPFV,p r o v a v a t e,p r o v a v a t e
provare,V;IND;FUT;3;SG,p r o v e r a,p r o v e r a
provare,V;COND;3;PL,p r o v e r ɛ b b e r o,p r o v e r ɛ b b e r o
provare,V;COND;3;SG,p r o v e r ɛ b b e,p r o v e r ɛ b b e
provare,V;IND;FUT;1;PL,p r o v e r e m o,p r o v e r e m o
provare,V;COND;2;PL,p r o v e r e s t e,p r o v e r e s t e
provare,V;IND;FUT;2;PL,p r o v e r e t e,p r o v e r e t e
provare,V;IND;PRS;1;PL,p r o v j a m o,p r o v a m o
provare,V;IND;PRS;2;SG,p r ɔ v i,p r ɔ v a
provare,V;POS;IMP;3;SG,p r ɔ v i,p r ɔ v a
provare,V;IND;PST;3;SG;PFV,p r o v ɔ,p r o v a j
bisognare,V;NFIN,b i z o ɲ ɲ a r e,v o t a r e
bisognare,V;SBJV;PRS;3;SG,b i z o ɲ ɲ i,b i z o ɲ ɲ a s s e
iniziare,V;IND;PST;1;SG;PFV,i n i t t͡s j a j,p o r t a j
iniziare,V;IND;PRS;3;PL,i n i t t͡s j a n o,i n i t t͡s j e r a n o
iniziare,V;NFIN,i n i t t͡s j a r e,i n i t t͡s j a r e
iniziare,V;SBJV;PST;3;SG,i n i t t͡s j a s s e,i n i t t͡s j a s s e
iniziare,V;SBJV;PST;1;PL,i n i t t͡s j a s s i m o,i n i t t͡s j a s s i m o
iniziare,V;SBJV;PST;1;SG,i n i t t͡s j a s s i,i n i t t͡s j a s s i
iniziare,V;IND;PST;2;SG;PFV,i n i t t͡s j a s t i,i n i t t͡s j a s t i
iniziare,V;SBJV;PRS;2;PL,i n i t t͡s j a t e,i n i t t͡s j a t e
iniziare,V;IND;PST;3;SG;IPFV,i n i t t͡s j a v a,d e t t a ʎ ʎ a v a
iniziare,V;IND;PST;2;SG;IPFV,i n i t t͡s j a v i,i n i t t͡s j a v i
iniziare,V;POS;IMP;2;SG,i n i t t͡s j a,i n i t t͡s j a
iniziare,V;IND;FUT;1;SG,i n i t t͡s j e r ɔ,d a t e r ɔ
iniziare,V;SBJV;PRS;1;SG,i n i t t͡s i,i n i t t͡s i
squadrare,V;IND;PRS;3;PL,s k w a d r a n o,s k w a d r a n o
squadrare,V;IND;PST;2;SG;PFV,s k w a d r a s t i,s k w a d r a j
squadrare,V;POS;IMP;2;PL,s k w a d r a t e,s k w a d r a t e
squadrare,V;IND;PST;3;SG;IPFV,s k w a d r a v a,v o l ɛ v a
squadrare,V;IND;PRS;3;SG,s k w a d r a,s k w a d r a
squadrare,V;IND;FUT;3;SG,s k w a d r e r a,s k w a d r e r a
squadrare,V;COND;1;SG,s k w a d r e r ɛ j,s k w a d r e r ɛ j
squadrare,V;IND;FUT;1;PL,s k w a d r e r e m o,s k w a d r e m o
squadrare,V;COND;2;PL,s k w a d r e r e s t e,s k w a d r e s t e
squadrare,V;IND;FUT;2;PL,s k w a d r e r e t e,s k w a d r e r e t e
squadrare,V;SBJV;PRS;3;PL,s k w a d r i n o,s k w a d r i n o
sfidare,V;SBJV;PST;2;SG,s f i d a s s i,s f i d a s s i
sfidare,V;SBJV;PST;2;PL,s f i d a s t e,s f i d a s t e
sfidare,V;IND;PST;2;SG;PFV,s f i d a s t i,s f i d a j
sfidare,V;IND;PST;1;SG;IPFV,s f i d a v o,s f i d a v o
sfidare,V;IND;FUT;3;PL,s f i d e r a n n o,s f i d e r a n n o
sfidare,V;COND;1;PL,s f i d e r e m m o,d a r e m m o
sfidare,V;IND;FUT;1;PL,s f i d e r e m o,s f i d e r e m o
sfidare,V;IND;PRS;1;PL,s f i d j a m o,s f i d a n n o
sfidare,V;SBJV;PRS;2;PL,s f i d j a t e,s f i d j a t e
sfidare,V;POS;IMP;3;SG,s f i d i,s f i d a
sfidare,V;IND;PRS;1;SG,s f i d o,t͡ʃ i s t o
progettare,V;SBJV;PST;2;SG,p r o d͡ʒ e t t a s s i,p r o d͡ʒ e t t a s s i
progettare,V;IND;PST;3;PL;IPFV,p r o d͡ʒ e t t a v a n o,p r o d͡ʒ e t t a v a n o
progettare,V;IND;PST;2;PL;IPFV,p r o d͡ʒ e t t a v a t e,v i s t a v a t e
progettare,V;IND;PRS;1;PL,p r o d͡ʒ e t t j a m o,p r o d͡ʒ e t t j a m o
motivare,V;IND;PST;3;PL;IPFV,m o t i v a v a n o,m o t i v a v a n o
motivare,V;POS;IMP;2;SG,m o t i v a,k ɔ z a
motivare,V;IND;FUT;1;SG,m o t i v e r ɔ,m o t i v e r ɔ
motivare,V;POS;IMP;3;PL,m o t i v i n o,m o t i v i n o
motivare,V;SBJV;PRS;2;SG,m o t i v i,m o t i v i
sembrare,V;IND;PST;2;PL;PFV,s e m b r a s t e,s e m b r a s t e
sembrare,V;SBJV;PST;2;PL,s e m b r a s t e,s e m b r a s t e
sembrare,V;IND;PRS;2;PL,s e m b r a t e,s e m b r a t e
sembrare,V;IND;PST;2;PL;IPFV,s e m b r a v a t e,s e m b r a v a t e
sembrare,V;IND;PST;3;SG;IPFV,s e m b r a v a,s e m b r a v a
sembrare,V;IND;PRS;3;SG,s e m b r a,s e m b r a
sembrare,V;POS;IMP;2;SG,s e m b r a,s e m b r i
sembrare,V;IND;FUT;3;SG,s e m b r e r a,s e m b r e r a
sembrare,V;COND;3;PL,s e m b r e r ɛ b b e r o,s e m b r e r ɛ b b e r o
sembrare,V;COND;3;SG,s e m b r e r ɛ b b e,s e m b r e r ɛ b b e
sembrare,V;COND;1;PL,s e m b r e r e m m o,s e m b r e r e m m o
sembrare,V;COND;2;SG,s e m b r e r e s t i,s e m b r e r e s t i
sembrare,V;SBJV;PRS;1;PL,s e m b r j a m o,s e m b r j a m o
sembrare,V;SBJV;PRS;2;SG,s e m b r i,s e m b r i
partire,V;POS;IMP;3;SG,p a r t a,p a r t a
partire,V;SBJV;PRS;2;SG,p a r t a,p a r t i
partire,V;POS;IMP;1;PL,p a r t j a m o,s t j a m o t͡ʃ i
partire,V;SBJV;PRS;2;PL,p a r t j a t e,p a r t e
partire,V;COND;3;PL,p a r t i r ɛ b b e r o,p a r t i r ɛ b b e r o
partire,V;COND;1;PL,p a r t i r e m m o,p a r t i r e m m o
partire,V;IND;FUT;2;PL,p a r t i r e t e,p a r t i r e t e
partire,V;NFIN,p a r t i r e,p a r t i r e
partire,V;SBJV;PST;3;PL,p a r t i s s e r o,p a r t i s s e r o
partire,V;SBJV;PST;3;SG,p a r t i s s e,p a r t i s s e
partire,V;IND;PST;2;PL;IPFV,p a r t i v a t e,p a r t i v a t e
partire,V;IND;PST;3;SG;PFV,p a r t i,i n i t t͡s j ɔ
partire,V;IND;PRS;3;PL,p a r t o n o,p a r t a n o
fermare,V;IND;PST;3;PL;PFV,f e r m a r o n o,f e r m a r o n o
fermare,V;SBJV;PST;1;PL,f e r m a s s i m o,f e r m a s s i m o
fermare,V;SBJV;PST;2;SG,f e r m a s s i,f e r m a s s i
fermare,V;IND;FUT;2;SG,f e r m e r a j,f e r m e r a j
fermare,V;IND;FUT;3;SG,f e r m e r a,f e r m e r a
fermare,V;IND;FUT;1;PL,f e r m e r e m o,n o m e r e m o
fermare,V;SBJV;PRS;1;SG,f e r m i,f e r m i
sonare,V;NFIN,s o n a r e,s o n a r e
sonare,V;SBJV;PST;3;PL,s o n a s s e r o,s o n a s s e r o
sonare,V;SBJV;PST;3;SG,s o n a s s e,s o n a s s e
sonare,V;SBJV;PST;2;SG,s o n a s s i,s o n a s s i
sonare,V;IND;PST;1;SG;IPFV,s o n a v o,s o n a v o
sonare,V;COND;3;PL,s o n e r ɛ b b e r o,s o n e r ɛ b b e r o
sonare,V;IND;FUT;1;SG,s o n e r ɔ,s o n e r ɔ
sonare,V;IND;PRS;1;PL,s o n j a m o,s o n j a m o
datare,V;IND;PRS;3;PL,d a t a n o,d a t a r a n o
datare,V;NFIN,d a t a r e,d a t a r e
datare,V;SBJV;PST;3;PL,d a t a s s e r o,d a t a s s e r o
datare,V;IND;PST;2;SG;PFV,d a t a s t i,d a t a s t i
datare,V;IND;PST;1;PL;IPFV,d a t a v a m o,d a t a v a m o
datare,V;IND;PST;2;PL;IPFV,d a t a v a t e,p r o d͡ʒ e t t a v a t e
datare,V;IND;FUT;1;SG,d a t e r ɔ,d a t e r e r ɔ
datare,V;SBJV;PRS;1;SG,d a t i,d a t o
mancare,V;SBJV;PST;1;PL,m a n k a s s i m o,m a n k a s s i m o
mancare,V;IND;FUT;2;SG,m a n k e r a j,m a n k e r a j
mancare,V;COND;3;PL,m a n k e r ɛ b b e r o,m a n k e r ɛ b b e r o
mancare,V;COND;3;SG,m a n k e r ɛ b b e,m a n k e r ɛ b b e
mancare,V;COND;1;SG,m a n k e r ɛ i,m a n k e r ɛ j
mancare,V;COND;1;PL,m a n k e r e m m o,m a n k e r e m m o
mancare,V;COND;2;SG,m a n k e r e s t i,m a n k e r e s t i
mancare,V;SBJV;PRS;1;PL,m a n k j a m o,m a n k j a m o
mancare,V;SBJV;PRS;3;PL,m a n k i n o,m a n k a n o
mancare,V;IND;PRS;2;SG,m a n k i,m a n k a
mancare,V;SBJV;PRS;3;SG,m a n k i,m a n k i
mancare,V;IND;PRS;1;SG,m a n k o,k o z o
mancare,V;IND;PST;3;SG;PFV,m a n k ɔ,m a n k a r o n o
starsi,V;IND;PST;1;SG;PFV,m i s t e t t i,m i s t a j
starsi,V;SBJV;PRS;1;SG,m i s t i a,t͡ʃ i s t i a
starsi,V;IND;FUT;3;SG,s i s t a r a,t͡ʃ i s t a r a
starsi,V;SBJV;PST;3;SG,s i s t e s s e,t͡ʃ i s t e s s e
starsi,V;SBJV;PRS;3;PL,s i s t j a n o,t͡ʃ i s t j a n o
starsi,V;SBJV;PRS;3;SG,s i s t i a,t͡ʃ i s t i a
starsi,V;COND;2;SG,t i s t a r e s t i,m i s t e r e s t i
starsi,V;SBJV;PST;2;PL,v i s t ɛ s t e,m i s t a s t e
contrare,V;IND;PST;1;SG;PFV,k o n t r a j,v ɔ l l i
contrare,V;IND;PST;2;SG;PFV,k o n t r a s t i,k o n t r a s t i
contrare,V;POS;IMP;2;PL,k o n t r a t e,k o n t r a t e
contrare,V;IND;PST;3;PL;IPFV,k o n t r a v a n o,v ɔ ʎ ʎ o r a v a n o
contrare,V;COND;3;PL,k o n t r e r ɛ b b e r o,k o n t r e r ɛ b b e r o
immaginare,V;IND;PST;1;SG;PFV,i m m a d͡ʒ i n a j,i m m a d͡ʒ i n a v o
immaginare,V;SBJV;PST;3;PL,i m m a d͡ʒ i n a s s e r o,i m m a d͡ʒ i n a s s e r o
immaginare,V;SBJV;PST;1;SG,i m m a d͡ʒ i n a s s i,i m m a d͡ʒ i n a s s i
immaginare,V;SBJV;PST;2;PL,i m m a d͡ʒ i n a s t e,i m m a d͡ʒ i n a s t e
immaginare,V;IND;PRS;2;PL,i m m a d͡ʒ i n a t e,i m m a d͡ʒ i n a t e
immaginare,V;IND;FUT;1;PL,i m m a d͡ʒ i n e r e m o,i n i t t͡s j ɛ r e m o
immaginare,V;COND;2;PL,i m m a d͡ʒ i n e r e s t e,i m m a d͡ʒ i n e r e s t e
immaginare,V;COND;2;SG,i m m a d͡ʒ i n e r e s t i,i m m a d͡ʒ i n e r e s t i
immaginare,V;POS;IMP;1;PL,i m m a d͡ʒ i n j a m o,i m m a d͡ʒ i n a r e m m o
immaginare,V;SBJV;PRS;3;PL,i m m a d͡ʒ i n i n o,i m m a d͡ʒ i n i n o
immaginare,V;POS;IMP;3;SG,i m m a d͡ʒ i n i,i m m a d͡ʒ i n a
restare,V;IND;PST;1;SG;PFV,r e s t a j,r ɛ s t a j
restare,V;SBJV;PST;3;PL,r e s t a s s e r o,r e s t a s s e r o
restare,V;SBJV;PST;1;SG,r e s t a s s i,r ɛ s t a s s i
restare,V;IND;PST;2;PL;PFV,r e s t a s t e,r e s t a s t e
restare,V;IND;PRS;2;PL,r e s t a t e,r e s t j a t e r o
restare,V;IND;PST;1;SG;IPFV,r e s t a v o,r e s t a v o
restare,V;IND;FUT;3;PL,r e s t e r a n n o,r e s t j a t e r a n n o
restare,V;COND;2;PL,r e s t e r e s t e,r ɛ s t a r e s t e
restare,V;SBJV;PRS;1;PL,r e s t j a m o,r e s t j a m o
restare,V;IND;PRS;1;SG,r ɛ s t o,r ɛ s t i
restare,V;IND;PST;3;SG;PFV,r e s t ɔ,r e s t ɔ
lavorare,V;SBJV;PST;1;SG,l a v o r a s s i,l a v o r a s s i
lavorare,V;POS;IMP;2;PL,l a v o r a t e,l a v o r a t e
lavorare,V;IND;PRS;3;SG,l a v o r a,l a v o r a
lavorare,V;COND;1;SG,l a v o r e r ɛ j,l a v o r e r ɛ i
lavorare,V;COND;2;SG,l a v o r e r e s t i,l a v o r e r e s t i
lavorare,V;IND;FUT;2;PL,l a v o r e r e t e,l a v o r e r e t e
lavorare,V;SBJV;PRS;2;PL,l a v o r j a t e,v ɔ ʎ ʎ a t e
lavorare,V;SBJV;PRS;3;SG,l a v o r i,l a v o r i
tornare,V;IND;PRS;3;PL,t o r n a n o,t o r n e r a n n o
tornare,V;IND;PST;3;PL;PFV,t o r n a r o n o,t o r n a m m o
tornare,V;SBJV;PST;1;SG,t o r n a s s i,t o r n a s s i
tornare,V;POS;IMP;2;PL,t o r n a t e,t o r n a t e
tornare,V;IND;PST;3;PL;IPFV,t o r n a v a n o,t o r n a v a n o
tornare,V;COND;1;SG,t o r n e r ɛ i,t o r n e r ɛ j
tornare,V;IND;FUT;1;SG,t o r n e r ɔ,t o r n e r ɔ
tornare,V;SBJV;PRS;2;PL,t o r n j a t e,t o r n j a t e
tornare,V;IND;PRS;1;SG,t o r n o,t͡ʃ i s t o
tornare,V;IND;PST;3;SG;PFV,t o r n ɔ,d͡ʒ o k ɔ
venire,V;SBJV;PRS;3;PL,v ɛ n ɡ a n o,v e n j a t e r o
venire,V;IND;PST;2;PL;IPFV,v e n i v a t e,v e n i v a t e
venire,V;IND;PST;3;SG;IPFV,v e n i v a,v e n i v a
venire,V;COND;3;PL,v e r r ɛ b b e r o,v e r r ɛ b b e r o
venire,V;COND;1;SG,v e r r ɛ j,v e r r ɛ j
venire,V;COND;1;PL,v e r r e m m o,v e r r ɛ j
venire,V;POS;IMP;2;SG,v j ɛ n i,v e n i r e s t i
vedere,V;IND;PST;2;SG;IPFV,v e d e v i,v e d e s t i
vedere,V;IND;PRS;1;PL,v e d j a m o,v e d j a m o
vedere,V;IND;PST;1;SG;PFV,v i d i,v e d e v o
rapportare,V;IND;PRS;3;PL,r a p p ɔ r t a n o,r a p p o r t e r o
rapportare,V;SBJV;PST;1;PL,r a p p o r t a s s i m o,r a p p o r t a s s i m o
rapportare,V;SBJV;PST;2;SG,r a p p o r t a s s i,r a p p ɔ r t a s s i
rapportare,V;POS;IMP;2;PL,r a p p o r t a t e,r a p p o r t a t e
rapportare,V;IND;PST;2;PL;IPFV,r a p p o r t a v a t e,r a p p o r t a v a t e
rapportare,V;IND;PST;3;SG;IPFV,r a p p o r t a v a,r a p p o r t a v a
rapportare,V;IND;FUT;2;PL,r a p p o r t e r e t e,k o z e r e t e
rapportare,V;SBJV;PRS;3;PL,r a p p o r t i n o,r a p p ɔ r t e
rapportare,V;SBJV;PRS;1;SG,r a p p ɔ r t i,r a p p ɔ r t o
rapportare,V;IND;PST;3;SG;PFV,r a p p o r t ɔ,r a p p ɔ r t a j
commentare,V;IND;PST;1;PL;PFV,k o m m e n t a m m o,k o m m e n t j a m m o
commentare,V;SBJV;PST;1;PL,k o m m e n t a s s i m o,k o m m e n t a s s i m o
commentare,V;IND;PST;2;PL;PFV,k o m m e n t a s t e,k o m m e n t a s t e
commentare,V;IND;PST;1;PL;IPFV,k o m m e n t a v a m o,k o m m e n t a v a m o
commentare,V;IND;FUT;3;PL,k o m m e n t e r a n n o,k o m m e n t e r a n n o
commentare,V;COND;3;SG,k o m m e n t e r ɛ b b e,k o m m e n t e r ɛ b b e
commentare,V;SBJV;PRS;1;PL,k o m m e n t j a m o,k o m m e n t j a m o
dettare,V;SBJV;PST;1;SG,d e t t a s s i,d e t t a s s i
dettare,V;IND;PST;2;PL;PFV,d e t t a s t e,d e t t a s t e
dettare,V;SBJV;PST;2;PL,d e t t a s t e,d e t t a s t e
dettare,V;IND;PST;2;SG;PFV,d e t t a s t i,d e t t a j
dettare,V;IND;PRS;3;SG,d e t t a,v w ɔ l e
dettare,V;POS;IMP;2;SG,d e t t a,d e t t a
dettare,V;IND;FUT;1;PL,d e t t e r e m o,d e t t e r e m o
dettare,V;IND;PRS;2;SG,d e t t i,d e t t a
dettare,V;SBJV;PRS;1;SG,d e t t i,d e t t i
cambiare,V;POS;IMP;1;PL,k a m b j a m o,k a m b j a m o
cambiare,V;IND;PRS;3;PL,k a m b j a n o,k a m b j e r a n o
cambiare,V;SBJV;PST;3;PL,k a m b j a s s e r o,k a m b j a s s e r o
cambiare,V;POS;IMP;2;PL,k a m b j a t e,k a m b j e r e s t e
cambiare,V;IND;PST;1;SG;IPFV,k a m b j a v o,k a m b j a v o
cambiare,V;IND;FUT;3;PL,k a m b j e r a n n o,k a m b j e r a n n o
cambiare,V;POS;IMP;3;PL,k a m b i n o,k a m b j e r ɛ b b e r o
passare,V;SBJV;PST;3;PL,p a s s a s s e r o,p a s s a s s e r o
passare,V;SBJV;PST;1;PL,p a s s a s s i m o,p a s s a s s i m o
passare,V;SBJV;PST;2;SG,p a s s a s s i,p a s s a s s i
passare,V;IND;PST;3;SG;IPFV,p a s s a v a,p a s s a v a
passare,V;IND;PST;2;SG;IPFV,p a s s a v i,p a s s a v i
passare,V;IND;FUT;3;PL,p a s s e r a n n o,p a s s e r a n n o
passare,V;IND;FUT;3;SG,p a s s e r a,p a s s e r a
azzurrare,V;SBJV;PST;1;SG,a d d͡z u r r a s s i,a d d͡z u r r a s s i
azzurrare,V;IND;PST;2;PL;IPFV,a d d͡z u r r a v a t e,a d d͡z u r r a v a t e
azzurrare,V;COND;1;PL,a d d͡z u r r e r e m m o,l i b e r e r e m m o
azzurrare,V;IND;FUT;1;SG,a d d͡z u r r e r ɔ,a d d͡z u r r e r ɔ
azzurrare,V;SBJV;PRS;1;PL,a d d͡z u r r j a m o,a d d͡z u r r j a m o
notiziare,V;IND;PRS;1;PL,n o t i t t͡s j a m o,n o t i t t͡s j a m o
notiziare,V;SBJV;PRS;1;PL,n o t i t t͡s j a m o,n o t i t t͡s j a m o
notiziare,V;IND;PST;3;PL;PFV,n o t i t t͡s j a r o n o,n o t i t t͡s j a r o n o
notiziare,V;IND;PST;2;SG;PFV,n o t i t t͡s j a s t i,n o t i t t͡s j a s t i
notiziare,V;IND;PRS;2;PL,n o t i t t͡s j a t e,n o t i t t͡s j a t e
notiziare,V;IND;PST;3;PL;IPFV,n o t i t t͡s j a v a n o,n o t i t t͡s j a v a n o
notiziare,V;COND;2;PL,n o t i t t͡s j e r e s t e,n o t i t t͡s j e r e s t e
notiziare,V;IND;FUT;2;PL,n o t i t t͡s j e r e t e,n o t i t t͡s j e r e t e
notiziare,V;POS;IMP;3;PL,n o t i t t͡s i n o,n o t i t t͡s j a n o
diventare,V;NFIN,d i v e n t a r e,d i v e n t a r e
diventare,V;SBJV;PST;1;PL,d i v e n t a s s i m o,d i v e n t a s s i m o
diventare,V;SBJV;PST;1;SG,d i v e n t a s s i,d i v e n t a s s i
diventare,V;IND;PST;2;SG;PFV,d i v e n t a s t i,d i v e n t a s t i
diventare,V;POS;IMP;2;SG,d i v e n t a,d i v e n t a
diventare,V;IND;FUT;3;SG,d i v e n t e r a,d i v e n t e r a
diventare,V;IND;FUT;1;PL,d i v e n t e r e m o,d i v e n t e r ɔ
diventare,V;SBJV;PRS;2;PL,d i v e n t͡s j a t e,d i v e n t a t e
diventare,V;IND;PRS;2;SG,d i v ɛ n t i,d i v e n t a
giocare,V;IND;PST;1;SG;PFV,d͡ʒ o k a j,d͡ʒ o k a v o
giocare,V;IND;PST;1;PL;PFV,d͡ʒ o k a m m o,d͡ʒ o k j a m m o
giocare,V;NFIN,d͡ʒ o k a r e,d͡ʒ o k e r e
giocare,V;IND;PST;3;PL;PFV,d͡ʒ o k a r o n o,d͡ʒ o k e r a r o n o
giocare,V;SBJV;PST;3;PL,d͡ʒ o k a s s e r o,d͡ʒ o k a s s e r o
giocare,V;SBJV;PST;3;SG,d͡ʒ o k a s s e,d͡ʒ o k a s s e
giocare,V;SBJV;PST;1;PL,d͡ʒ o k a s s i m o,d͡ʒ o k a s s i m o
giocare,V;POS;IMP;2;PL,d͡ʒ o k a t e,d͡ʒ o k a t e
giocare,V;COND;2;SG,d͡ʒ o k e r e s t i,d͡ʒ o k e r e s t i
giocare,V;POS;IMP;1;PL,d͡ʒ o k j a m o,s t j a m o t͡ʃ i
giocare,V;SBJV;PRS;2;PL,d͡ʒ o k j a t e,d͡ʒ o k a t e
giocare,V;POS;IMP;3;PL,d͡ʒ o k i n o,n ɔ m i n o
giocare,V;IND;PRS;2;SG,d͡ʒ ɔ k i,d͡ʒ ɔ k a
liberare,V;SBJV;PST;1;PL,l i b e r a s s i m o,l i b e r a s s i m o
liberare,V;IND;PST;2;PL;PFV,l i b e r a s t e,l i b e r a s t e
liberare,V;COND;2;SG,l i b e r e r e s t i,l i b e r e r e s t i
liberare,V;IND;PRS;1;PL,l i b e r j a m o,l i b e r j a m o
liberare,V;SBJV;PRS;1;SG,l i b e r i,l i b e r i
pubblicare,V;IND;PST;1;PL;PFV,p u b b l i k a m m o,p u b b l i k a j
pubblicare,V;NFIN,p u b b l i k a r e,p u b b l i k a r e
pubblicare,V;SBJV;PST;3;PL,p u b b l i k a s s e r o,p u b b l i k a s s e r o
pubblicare,V;SBJV;PST;2;SG,p u b b l i k a s s i,p u b b l i k a s s i
pubblicare,V;SBJV;PST;2;PL,p u b b l i k a s t e,p u b b l i k a s t e
pubblicare,V;IND;PRS;2;PL,p u b b l i k a t e,p u b b l i k a t e
pubblicare,V;IND;PST;2;SG;IPFV,p u b b l i k a v i,p u b b l i k a v i
pubblicare,V;IND;PST;1;SG;IPFV,p u b b l i k a v o,p u b b l i k a v o
pubblicare,V;IND;FUT;2;SG,p u b b l i k e r a j,p u b b l i k e r a j
pubblicare,V;IND;FUT;3;SG,p u b b l i k e r a,p u b b l i k e r a
pubblicare,V;COND;3;SG,p u b b l i k e r ɛ b b e,a r r i v e r ɛ b b e
pubblicare,V;IND;FUT;1;PL,p u b b l i k e r e m o,p u b b l i k e r e m o
pubblicare,V;SBJV;PRS;1;PL,p u b b l i k j a m o,p u b b l i k j a m o
dopare,V;IND;PST;1;SG;PFV,d o p a j,d o p a v o
dopare,V;IND;PST;1;PL;PFV,d o p a m m o,d o p e r a m m o
dopare,V;IND;PST;2;SG;PFV,d o p a s t i,d o p a s t i
dopare,V;IND;FUT;1;PL,d o p e r e m o,d o p e r ɛ m o
dopare,V;COND;2;PL,d o p e r e s t e,v o r r e s t e
dopare,V;POS;IMP;3;PL,d o p i n o,p ɔ r t i n o
dopare,V;SBJV;PRS;3;PL,d o p i n o,d o p j a t e
dopare,V;IND;PRS;1;SG,d ɔ p o,i n i t t͡s j o
testare,V;IND;PST;1;PL;PFV,t e s t a m m o,t e s t j a m m o
testare,V;IND;PRS;3;PL,t ɛ s t a n o,t e s t e r a n o
testare,V;IND;PST;3;PL;PFV,t ɛ s t a r o n o,t e s t a r o n o
testare,V;SBJV;PST;3;PL,t e s t a s s e r o,t e s t a s s e r o
testare,V;SBJV;PST;1;PL,t e s t a s s i m o,t e s t a s s i m o
testare,V;POS;IMP;2;PL,t e s t a t e,t e s t a t e
testare,V;IND;PST;3;PL;IPFV,t e s t a v a n o,t e s t a v a n o
testare,V;IND;PST;2;SG;IPFV,t e s t a v i,t e s t a v i
testare,V;IND;PST;1;SG;IPFV,t e s t a v o,t e s t a v o
testare,V;IND;FUT;2;SG,t e s t e r a j,t e s t e r a j
testare,V;COND;1;PL,t e s t e r e m m o,t e s t e r e m m o
testare,V;IND;FUT;1;PL,t e s t e r ɛ m o,t e s t e r e m o
testare,V;COND;2;PL,t e s t e r e s t e,t e s t e r e s t e
testare,V;POS;IMP;1;PL,t e s t j a m o,t e s t j a m o
testare,V;SBJV;PRS;1;PL,t e s t j a m o,t e s t j a m o
testare,V;SBJV;PRS;2;PL,t e s t j a t e,t ɛ s t a t e
testare,V;POS;IMP;3;SG,t ɛ s t i,t e s t a
testare,V;SBJV;PRS;3;SG,t ɛ s t i,t e s t i
dire,V;SBJV;PST;1;PL,d i t͡ʃ e s s i m o,d i t͡ʃ ɛ s s i m o
dire,V;IND;PST;2;SG;PFV,d i t͡ʃ e s t i,d i t͡ʃ e s t i
dire,V;IND;PST;3;SG;IPFV,d i t͡ʃ e v a,d i t͡ʃ e v a
dire,V;POS;IMP;1;PL,d i t͡ʃ a m o,d i r e m m o
dire,V;IND;PRS;3;PL,d i k o n o,d i k a n o
dire,V;COND;3;SG,d i r ɛ b b e,d i r ɛ b b e
dire,V;NFIN,d i r e,d i r e
dire,V;IND;PST;1;SG;PFV,d i s s i,f ɛ t͡ʃ i
dire,V;POS;IMP;2;SG,d i,k ɔ z a
musicare,V;IND;PST;1;SG;PFV,m u z i k a j,m u z i k a m m o
musicare,V;IND;PST;1;PL;IPFV,m u z i k a v a m o,m u z i k a v a m o
musicare,V;IND;PST;2;PL;IPFV,m u z i k a v a t e,m u z i k a v a t e
musicare,V;POS;IMP;2;SG,m u z i k a,s i i t͡ʃ i
musicare,V;IND;FUT;1;PL,m u z i k e r e m o,ɡ r a v e r e m o
musicare,V;SBJV;PRS;2;PL,m u z i k j a t e,m u z i k j a t e
musicare,V;SBJV;PRS;3;PL,m u z i k i n o,m u z i k i n o
musicare,V;IND;PRS;2;SG,m u z i k i,m u z i k a
noiare,V;SBJV;PRS;1;PL,n o j a m o,n o j a s s i m o
noiare,V;NFIN,n o j a r e,n o j a r e
noiare,V;SBJV;PST;3;PL,n o j a s s e r o,n o j a s s e r o
noiare,V;SBJV;PRS;2;PL,n o j a t e,n o j a t e
noiare,V;POS;IMP;3;PL,n o i n o,n ɔ j a n o
noiare,V;POS;IMP;3;SG,n ɔ j,n ɔ j a
noiare,V;SBJV;PRS;1;SG,n ɔ j,n ɔ j
controllare,V;IND;PRS;3;PL,k o n t r ɔ l l a n o,k o n t r ɔ l l e r o
controllare,V;NFIN,k o n t r o l l a r e,k o n t r o l l a r e
controllare,V;SBJV;PST;2;PL,k o n t r o l l a s t e,k o n t r o l l a s t e
controllare,V;IND;PST;2;SG;PFV,k o n t r o l l a s t i,d e s t a
controllare,V;POS;IMP;2;PL,k o n t r o l l a t e,s j a t ɛ t͡ʃ i
controllare,V;IND;PST;2;PL;IPFV,k o n t r o l l a v a t e,n o m a v a t e
controllare,V;IND;PST;3;SG;IPFV,k o n t r o l l a v a,k o n t r ɔ l l a v i
controllare,V;POS;IMP;2;SG,k o n t r ɔ l l a,k o n t r o l l i
controllare,V;IND;FUT;3;PL,k o n t r o l l e r a n n o,k o n t r ɔ l l e r e t e
controllare,V;IND;FUT;3;SG,k o n t r o l l e r a,k o n t r ɔ l l e r a j
controllare,V;COND;3;SG,k o n t r o l l e r ɛ b b e,k o n t r ɔ l l e r e s t i
controllare,V;COND;1;PL,k o n t r o l l e r e m m o,d i r e m m o
controllare,V;COND;2;PL,k o n t r o l l e r e s t e,k o n t r o l l e r ɛ b b e r o
controllare,V;IND;PRS;1;PL,k o n t r o l l j a m o,k o n t r o l l j a m o
controllare,V;POS;IMP;1;PL,k o n t r o l l j a m o,s t j a m o t͡ʃ i
portare,V;IND;PST;1;SG;PFV,p o r t a j,p o r t a m m o
portare,V;SBJV;PST;2;SG,p o r t a s s i,p ɔ r t a s s i
portare,V;IND;PST;2;PL;PFV,p o r t a s t e,p o r t a s t e
portare,V;IND;PST;1;PL;IPFV,p ɔ r t a v a m o,p o r t a v a m o
portare,V;IND;PST;3;SG;IPFV,p ɔ r t a v a,p ɔ r t a v a
portare,V;IND;FUT;3;SG,p o r t e r a,p ɔ r t a r a
portare,V;COND;3;SG,p o r t e r ɛ b b e,p ɔ r t e r ɛ b b e
portare,V;COND;2;PL,p o r t e r e s t e,p o r t e r e s t e
portare,V;SBJV;PRS;1;PL,p o r t j a m o,p o r t j a m o
portare,V;SBJV;PRS;3;PL,p o r t i n o,p ɔ r t a n o
portare,V;IND;PRS;2;SG,p ɔ r t i,p ɔ r t a
portare,V;SBJV;PRS;1;SG,p ɔ r t i,p ɔ r t o
votare,V;IND;PST;1;PL;PFV,v o t a m m o,v o t j a m m o
votare,V;SBJV;PST;2;SG,v o t a s s i,v o t a s s i
votare,V;IND;PST;2;PL;PFV,v o t a s t e,v o t a s t e
votare,V;IND;PST;2;SG;PFV,v o t a s t i,v o t a j
votare,V;POS;IMP;2;SG,v ɔ t a,n u m ɛ r a
votare,V;COND;1;SG,v o t e r ɛ j,v o t e r ɛ b b e r ɔ
votare,V;IND;FUT;1;PL,v o t e r e m o,v o t e r e m o
votare,V;SBJV;PRS;2;PL,v o t j a t e,v o t j a t e
votare,V;SBJV;PRS;3;PL,v o t i n o,v o t j a t e r o
votare,V;SBJV;PRS;3;SG,v o t i,v o t i
figliare,V;POS;IMP;1;PL,f i ʎ ʎ a m o,f i ʎ ʎ a m o
figliare,V;NFIN,f i ʎ ʎ a r e,f i ʎ ʎ a r e
figliare,V;SBJV;PST;3;PL,f i ʎ ʎ a s s e r o,f i ʎ ʎ a s s e r o
figliare,V;POS;IMP;2;PL,f i ʎ ʎ a t e,s j a t ɛ t͡ʃ i
figliare,V;COND;3;SG,f i ʎ ʎ e r ɛ b b e,f i ʎ ʎ e r ɛ b b e
figliare,V;POS;IMP;3;PL,f i ʎ ʎ i n o,f i ʎ ʎ i n o
volercene,V;IND;PST;3;SG;IPFV,v o l ɛ v a,v o l ɛ v a
volercene,V;IND;PST;3;PL;PFV,v ɔ l l e r o,d j e d e r o
volercene,V;IND;PST;3;SG;PFV,v ɔ l l e,v i s t ɔ
volercene,V;IND;FUT;3;SG,v o r r a,v o r r a
dare,V;IND;FUT;3;PL,d a r a n n o,d a r a n n o
dare,V;IND;FUT;3;SG,d a r a,d a v o r e r a
dare,V;COND;3;SG,d a r ɛ b b e,d i a t e r ɛ b b e
dare,V;COND;2;PL,d a r e s t e,d a r ɛ b b e r e t e
dare,V;IND;PRS;2;PL,d a t e,d a r e t e
dare,V;IND;PST;1;SG;IPFV,d a v o,d a v a m o
dare,V;SBJV;PST;3;PL,d e s s e r o,d e s s i n o
dare,V;SBJV;PST;1;PL,d e s s i m o,k o z a s s i m o
dare,V;IND;PRS;1;PL,d j a m o,d a n n o
dare,V;SBJV;PRS;1;PL,d j a m o,d e v a m o
dare,V;POS;IMP;3;SG,d i a,d a
dare,V;SBJV;PRS;3;SG,d i a,d e s s e
aspettare,V;SBJV;PST;3;PL,a s p e t t a s s e r o,a s p e t t a s s e r o
aspettare,V;IND;PST;2;PL;PFV,a s p e t t a s t e,a s p e t t a s t e
aspettare,V;IND;PST;3;PL;IPFV,a s p e t t a v a n o,a s p e t t a v a n o
aspettare,V;IND;PST;1;SG;IPFV,a s p e t t a v o,a s p e t t a v a
aspettare,V;COND;1;SG,a s p e t t e r ɛ j,a s p e t t e r ɛ j
aspettare,V;COND;1;PL,a s p e t t e r e m m o,l i b e r e r e m m o
aspettare,V;SBJV;PRS;1;PL,a s p e t t j a m o,a s p e t t j a m o
aspettare,V;SBJV;PRS;1;SG,a s p ɛ t t i,a s p e t t i
aspettare,V;IND;PRS;1;SG,a s p ɛ t t o,n ɔ j o
ancorare,V;IND;PST;3;PL;PFV,a n k o r a r o n o,a n k o r a r o n o
ancorare,V;SBJV;PST;3;PL,a n k o r a s s e r o,a n k o r a s s e r o
ancorare,V;SBJV;PST;2;SG,a n k o r a s s i,a n k o r a s s i
ancorare,V;IND;PST;2;PL;PFV,a n k o r a s t e,a n k o r a s t e
ancorare,V;SBJV;PST;2;PL,a n k o r a s t e,a n k o r a s t e
ancorare,V;COND;1;SG,a n k o r e r ɛ i,a n k o r e r ɛ j
ancorare,V;COND;2;PL,a n k o r e r e s t e,a n k o r e r ɛ b b e r o
ancorare,V;IND;FUT;1;SG,a n k o r e r ɔ,a n k o r e r ɔ
ancorare,V;POS;IMP;3;PL,a n k o r i n o,a n k o r i n o
ancorare,V;IND;PRS;2;SG,a n k o r i,a n k o r a j
volere,V;IND;PRS;1;PL,v o ʎ ʎ a m o,v o r r e m o
volere,V;SBJV;PRS;1;PL,v o ʎ ʎ a m o,v i s t j a m o
volere,V;SBJV;PRS;2;SG,v ɔ ʎ ʎ a,v ɔ ʎ ʎ a
volere,V;POS;IMP;2;SG,v ɔ ʎ ʎ i,v o ʎ ʎ a
volere,V;SBJV;PST;3;SG,v o l e s s e,v o l e s s e
volere,V;SBJV;PST;2;SG,v o l e s s i,v o l e s s i
volere,V;IND;PST;2;PL;PFV,v o l ɛ s t e,v o l ɛ s t e
volere,V;IND;PST;3;PL;PFV,v ɔ l l e r o,v o l ɛ s t i n o
volere,V;COND;2;SG,v o r r e s t i,v o r r e s t i
esserci,V;SBJV;PST;3;PL,t͡ʃ i f ɔ s s e r o,t͡ʃ i s t a s s e r o
esserci,V;IND;PST;1;SG;PFV,t͡ʃ i f u i,p r o d͡ʒ e t t a j
esserci,V;IND;PST;3;SG;PFV,t͡ʃ i f u,t͡ʃ e r a
esserci,V;COND;3;PL,t͡ʃ i s a r ɛ b b e r o,t͡ʃ i s a r ɛ b b e r o
esserci,V;COND;1;SG,t͡ʃ i s a r ɛ i,t͡ʃ i s a r ɛ i
esserci,V;POS;IMP;3;PL,t͡ʃ i s j a n o,s j a t ɛ t͡ʃ i
esserci,V;SBJV;PRS;2;PL,t͡ʃ i s j a t e,t͡ʃ i s j a t e
esserci,V;IND;PRS;2;PL,t͡ʃ i s j e t e,t͡ʃ i s o n a t e
esserci,V;IND;PRS;3;PL,t͡ʃ i s o n o,t͡ʃ i s j a n o
esserci,V;NFIN,e s s e r t͡ʃ i,t͡ʃ i s a r e
esserci,V;POS;IMP;1;PL,s j a m o t͡ʃ i,d j a m o
ultimare,V;IND;PST;3;PL;PFV,u l t i m a r o n o,u l t i m a r o n o
ultimare,V;IND;PRS;2;PL,u l t i m a t e,u l t i m j a t e
ultimare,V;POS;IMP;2;PL,u l t i m a t e,u l t i m a r e s t e
ultimare,V;IND;PST;1;SG;IPFV,u l t i m a v o,u l t i m a v o
ultimare,V;IND;FUT;3;PL,u l t i m e r a n n o,u l t i m e r a n n o
ultimare,V;COND;3;SG,u l t i m e r ɛ b b e,u l t i m e r ɛ b b e
ultimare,V;COND;2;SG,u l t i m e r e s t i,u l t i m e r e s t i
ultimare,V;IND;FUT;1;SG,u l t i m e r ɔ,u l t i m e r ɔ
ultimare,V;IND;PRS;2;SG,u l t i m i,u l t i m a
ultimare,V;SBJV;PRS;2;SG,u l t i m i,u l t i m i
puntare,V;NFIN,p u n t a r e,p u n t a r e
puntare,V;SBJV;PST;3;SG,p u n t a s s e,p u n t a s s e
puntare,V;SBJV;PST;2;SG,p u n t a s s i,p u n t a s s i
puntare,V;IND;PST;2;PL;PFV,p u n t a s t e,p u n t a s t e
puntare,V;IND;FUT;2;SG,p u n t e r a j,p u n t e r a j
puntare,V;IND;FUT;3;SG,p u n t e r a,p u n t a r a
puntare,V;COND;1;PL,p u n t e r e m m o,p u n t j a t e r ɛ j
puntare,V;COND;2;PL,p u n t e r e s t e,p u n t e r e s t e
puntare,V;IND;FUT;1;SG,p u n t e r ɔ,p u n t e r ɔ
puntare,V;IND;PRS;1;PL,p u n t j a m o,p u n t j a m o
puntare,V;SBJV;PRS;1;PL,p u n t j a m o,p u n t j a m o
puntare,V;IND;PRS;2;SG,p u n t i,p u n t a
puntare,V;SBJV;PRS;1;SG,p u n t i,p u n t i
puntare,V;SBJV;PRS;3;SG,p u n t i,p u n t i
dannare,V;IND;PST;1;SG;PFV,d a n n a j,d a n n a m m o
dannare,V;SBJV;PST;3;PL,d a n n a s s e r o,r a d͡ʒ o n a s s e r o
dannare,V;SBJV;PST;1;SG,d a n n a s s i,d a n n a s s i
dannare,V;IND;PRS;2;PL,d a n n a t e,d a n n a t e
dannare,V;IND;PST;1;SG;IPFV,d a n n a v o,d a n n a v o
dannare,V;IND;FUT;3;PL,d a n n e r a n n o,d a n n e r a n n o
dannare,V;COND;3;PL,d a n n e r ɛ b b e r o,d a n n e r ɛ b b e r o
dannare,V;POS;IMP;1;PL,d a n n j a m o,d j a m o
fare,V;IND;PRS;1;PL,f a t t͡ʃ a m o,f a t t͡ʃ a m o
fare,V;SBJV;PRS;3;PL,f a t t͡ʃ a n o,f a n n i n o
fare,V;IND;PRS;1;SG,f a t t͡ʃ o,n ɔ m o
fare,V;SBJV;PST;2;SG,f a t͡ʃ ɛ s s i,f a t͡ʃ e s s i
fare,V;IND;PST;2;PL;PFV,f a t͡ʃ e s t e,f a t͡ʃ e s t e
fare,V;SBJV;PST;2;PL,f a t͡ʃ e s t e,f a t͡ʃ e s t e
fare,V;IND;PST;3;PL;IPFV,f a t͡ʃ e v a n o,f a t͡ʃ e v a n o
fare,V;IND;PST;2;SG;IPFV,f a t͡ʃ e v i,f a n n a v i
fare,V;COND;2;SG,f a r e s t i,f a r e s t i
fare,V;IND;FUT;2;PL,f a r e t e,f a n n e r e t e
fare,V;IND;PRS;3;SG,f a,f a r a
fare,V;IND;PST;3;PL;PFV,f ɛ t͡ʃ e r o,r ɛ s t a r o n o
fare,V;IND;PST;3;SG;PFV,f ɛ t͡ʃ e,f a n n ɔ
secondare,V;IND;PST;3;PL;PFV,s e k o n d a r o n o,s e k o n d a r o n o
secondare,V;SBJV;PST;3;SG,s e k o n d a s s e,s e k o n d a s s i
secondare,V;IND;PRS;2;PL,s e k o n d a t e,s e k o n d j a t e
secondare,V;IND;PST;3;SG;IPFV,s e k o n d a v a,s e k o n d a v a
secondare,V;COND;3;SG,s e k o n d e r ɛ b b e,s e k o n d e r ɛ b b e
secondare,V;IND;FUT;1;SG,s e k o n d e r ɔ,s e k o n d e r a j
secondare,V;SBJV;PRS;1;PL,s e k o n d j a m o,s e k o n d j a m o
secondare,V;SBJV;PRS;3;SG,s e k o n d i,s e k o n d i
condizionare,V;IND;PRS;3;PL,k o n d i t t͡s j o n a n o,k o n d i t t͡s j o n e r a n n o
condizionare,V;SBJV;PST;1;PL,k o n d i t t͡s j o n a s s i m o,v o l e s s i m o
condizionare,V;SBJV;PST;1;SG,k o n d i t t͡s j o n a s s i,k o n d i t t͡s j o n a s s i
condizionare,V;IND;PST;3;PL;IPFV,k o n d i t t͡s j o n a v a n o,p r o v a v a n o
condizionare,V;IND;PST;2;PL;IPFV,k o n d i t t͡s j o n a v a t e,k o n d i t t͡s j o n a s t e
condizionare,V;IND;FUT;2;SG,k o n d i t t͡s j o n e r a j,k o n d e r a j
condizionare,V;COND;3;SG,k o n d i t t͡s j o n e r ɛ b b e,k o n d e r ɛ b b e
condizionare,V;COND;1;PL,k o n d i t t͡s j o n e r e m m o,d͡ʒ o k e r e m m o
condizionare,V;POS;IMP;1;PL,k o n d i t t͡s j o n j a m o,k o n d i t t͡s j o n j a m o
condizionare,V;SBJV;PRS;3;SG,k o n d i t t͡s j o n i,k o n d i t t͡s j o n i
campare,V;IND;PST;1;SG;PFV,k a m p a j,f ɛ t͡ʃ i
campare,V;IND;PST;3;PL;PFV,k a m p a r o n o,k a m p a r o n o
campare,V;IND;PST;2;SG;PFV,k a m p a s t i,k a m p a s t i
campare,V;IND;PST;3;SG;IPFV,k a m p a v a,k a m p a v a
campare,V;IND;PST;2;SG;IPFV,k a m p a v i,k a m p a v a
campare,V;IND;PST;1;SG;IPFV,k a m p a v o,k a m p a v o
campare,V;IND;FUT;3;PL,k a m p e r a n n o,k a m p e r a n n o
campare,V;IND;FUT;2;PL,k a m p e r e t e,k a m p e r e t e
campare,V;IND;PRS;1;PL,k a m p j a m o,k a m p e r e m o
campare,V;SBJV;PRS;1;PL,k a m p j a m o,v ɔ ʎ ʎ a m o
campare,V;SBJV;PRS;3;SG,k a m p i,k a m p i
dovere,V;SBJV;PRS;3;SG,d e v a,d e v a
dovere,V;IND;PRS;3;PL,d e v o n o,d e v a n o
dovere,V;IND;PRS;1;SG,d e v o,t ɛ s t o
dovere,V;IND;PRS;1;PL,d o b b j a m o,d o b b j a m o
dovere,V;IND;PST;1;SG;PFV,d o v ɛ i,a r r i v a j
dovere,V;IND;PST;2;SG;PFV,d o v ɛ s t i,d o v e v i
dovere,V;IND;PST;1;PL;IPFV,d o v e v a m o,d o v e v a m o
dovere,V;IND;PST;3;PL;IPFV,d o v e v a n o,d o v e v a n o
dovere,V;IND;PST;3;SG;IPFV,d o v e v a,d o v e v a
dovere,V;IND;PST;1;SG;IPFV,d o v e v o,d o v e v o
dovere,V;IND;FUT;1;PL,d o v r ɛ m o,d o v r e m o
dovere,V;COND;2;SG,d o v r e s t i,d o v r e s t i
dovere,V;IND;FUT;2;PL,d o v r e t e,d o v r e t e
vigilare,V;IND;PST;1;SG;PFV,v i d͡ʒ i l a j,v ɔ l l i
vigilare,V;IND;PST;1;PL;PFV,v i d͡ʒ i l a m m o,t ɛ s t a m m o
vigilare,V;NFIN,v i d͡ʒ i l a r e,v i d͡ʒ i l a r e
vigilare,V;IND;PST;2;PL;PFV,v i d͡ʒ i l a s t e,v i d͡ʒ i l a s t e
vigilare,V;POS;IMP;2;PL,v i d͡ʒ i l a t e,s j a t ɛ t͡ʃ i
vigilare,V;IND;PST;2;SG;IPFV,v i d͡ʒ i l a v i,v i d͡ʒ i l a v i
vigilare,V;IND;PST;1;SG;IPFV,v i d͡ʒ i l a v o,v i d͡ʒ i l a v o
vigilare,V;IND;FUT;2;SG,v i d͡ʒ i l e r a j,v i d͡ʒ i l e r a j
vigilare,V;IND;FUT;3;PL,v i d͡ʒ i l e r a n n o,v i d͡ʒ i l e r a n n o
vigilare,V;IND;FUT;3;SG,v i d͡ʒ i l e r a,v i d͡ʒ i l e r a
vigilare,V;COND;1;SG,v i d͡ʒ i l e r ɛ i,v i d͡ʒ i l e r ɛ i
vigilare,V;IND;FUT;2;PL,v i d͡ʒ i l e r e t e,v i d͡ʒ i l e r e t e
vigilare,V;SBJV;PRS;2;PL,v i d͡ʒ i l j a t e,v i d͡ʒ i l j a t e
vigilare,V;SBJV;PRS;3;SG,v i d͡ʒ i l i,v i d͡ʒ i l i
voltare,V;NFIN,v o l t a r e,v o l t a r e
voltare,V;IND;PST;2;PL;PFV,v o l t a s t e,v o l t a s t e
voltare,V;POS;IMP;2;PL,v o l t a t e,v ɔ l t a t e
voltare,V;IND;PRS;3;SG,v ɔ l t a,v o l t a
voltare,V;IND;FUT;3;SG,v o l t e r a,v o l t e r a
voltare,V;COND;2;SG,v o l t e r e s t i,v o l t e r e s t i
voltare,V;SBJV;PRS;1;PL,v o l t j a m o,v o l t j a m o
voltare,V;POS;IMP;3;PL,v ɔ l t i n o,v ɔ l t i n o
voltare,V;SBJV;PRS;3;SG,v ɔ l t i,v ɔ l t i
arrivare,V;NFIN,a r r i v a r e,a r r i v a r e
arrivare,V;SBJV;PST;3;SG,a r r i v a s s e,a r r i v a s s e
arrivare,V;SBJV;PST;2;SG,a r r i v a s s i,a r r i v a s s i
arrivare,V;IND;FUT;3;PL,a r r i v e r a n n o,a r r i v e r a n n o
arrivare,V;COND;3;SG,a r r i v e r ɛ b b e,a r r i v e r ɛ b b e
arrivare,V;COND;1;SG,a r r i v e r ɛ j,a r r i v e r ɛ i
arrivare,V;IND;FUT;2;PL,a r r i v e r e t e,a r r i v e r e t e
arrivare,V;SBJV;PRS;3;PL,a r r i v i n o,a r r i v i n o
arrivare,V;SBJV;PRS;2;SG,a r r i v i,a r r i v i
pensare,V;IND;PST;1;SG;PFV,p e n s a j,p ɛ n s a s t e r ɔ
pensare,V;IND;PST;1;PL;PFV,p e n s a m m o,p e n s a m m o
pensare,V;SBJV;PST;1;PL,p e n s a s s i m o,v o l e s s i m o
pensare,V;POS;IMP;2;PL,p e n s a t e,p ɛ n s a t e
pensare,V;COND;3;PL,p e n s e r ɛ b b e r o,p e n s e r ɛ b b e r o
pensare,V;IND;FUT;1;SG,p e n s e r ɔ,p e n s e r ɔ
pensare,V;SBJV;PRS;1;PL,p e n s j a m o,p e n s j a m o
dettagliare,V;IND;PST;1;SG;PFV,d e t t a ʎ ʎ a j,p a s s a j
dettagliare,V;IND;PRS;1;PL,d e t t a ʎ ʎ a m o,d e t t a ʎ ʎ a m o
dettagliare,V;POS;IMP;1;PL,d e t t a ʎ ʎ a m o,d e t t a ʎ ʎ a m o
dettagliare,V;NFIN,d e t t a ʎ ʎ a r e,d e t t a ʎ ʎ a r e
dettagliare,V;SBJV;PST;2;SG,d e t t a ʎ ʎ a s s i,d e t t a ʎ ʎ a s s i
dettagliare,V;POS;IMP;2;PL,d e t t a ʎ ʎ a t e,d e t t a ʎ ʎ e r e s t e
dettagliare,V;IND;PRS;1;SG,d e t t a ʎ ʎ o,a n k ɔ r o
dettagliare,V;SBJV;PRS;1;SG,d e t t a ʎ ʎ i,d e t t a ʎ ʎ i
sinistrare,V;IND;PRS;3;PL,s i n i s t r a n o,s i n i s t r e r a n o
sinistrare,V;SBJV;PST;3;SG,s i n i s t r a s s e,s i n i s t r a s s e
sinistrare,V;SBJV;PST;1;SG,s i n i s t r a s s i,s i n i s t r a s s i
sinistrare,V;POS;IMP;2;PL,s i n i s t r a t e,s i n i s t r a t e
sinistrare,V;IND;PST;3;SG;IPFV,s i n i s t r a v a,s i n i s t r a v a
sinistrare,V;IND;PRS;3;SG,s i n i s t r a,s i n i s t r a
sinistrare,V;IND;FUT;2;SG,s i n i s t r e r a j,s i n i s t r e r a j
sinistrare,V;IND;FUT;3;SG,s i n i s t r e r a,s i n i s t r e r a
sinistrare,V;COND;3;PL,s i n i s t r e r ɛ b b e r o,s i n i s t r e r ɛ b b e r o
sinistrare,V;POS;IMP;1;PL,s i n i s t r j a m o,s i n i s t r j a m o
sinistrare,V;SBJV;PRS;2;PL,s i n i s t r j a t e,s i n i s t r a t e
sinistrare,V;POS;IMP;3;PL,s i n i s t r i n o,s i n i s t r i n o
sinistrare,V;IND;PRS;2;SG,s i n i s t r i,v w ɔ j
rischiare,V;NFIN,r i s k j a r e,r i s k j a r e
rischiare,V;IND;PST;3;PL;PFV,r i s k j a r o n o,r i s k j a m m i
rischiare,V;SBJV;PST;2;PL,r i s k j a s t e,r i s k j a s t e
rischiare,V;IND;PST;2;SG;PFV,r i s k j a s t i,r i s k j a s t i
rischiare,V;SBJV;PRS;2;PL,r i s k j a t e,r i s k j a t e
rischiare,V;IND;PRS;3;SG,r i s k j a,r i s k i
rischiare,V;IND;FUT;3;PL,r i s k j e r a n n o,r i s k j a t e r a n n o
rischiare,V;COND;2;SG,r i s k j e r e s t i,r i s k j a t e r e s t i
rischiare,V;IND;FUT;2;PL,r i s k j e r e t e,r i s k j e r a s t e
rischiare,V;IND;PRS;1;SG,r i s k j o,r i s k j e r ɔ
rischiare,V;SBJV;PRS;1;SG,r i s k i,r i s k i
programmare,V;IND;PST;1;PL;PFV,p r o ɡ r a m m a m m o,p r o ɡ r a m m a j
programmare,V;SBJV;PST;3;PL,p r o ɡ r a m m a s s e r o,p r o d͡ʒ e t t a s s e r o
programmare,V;SBJV;PST;3;SG,p r o ɡ r a m m a s s e,p r o ɡ r a m m a s s i
programmare,V;SBJV;PST;1;PL,p r o ɡ r a m m a s s i m o,v o l e s s i m o
programmare,V;IND;PST;3;PL;IPFV,p r o ɡ r a m m a v a n o,v o l e v a n o
programmare,V;IND;PST;1;SG;IPFV,p r o ɡ r a m m a v o,t e s t a v o
programmare,V;IND;FUT;2;SG,p r o ɡ r a m m e r a j,p r o ɡ r a m m e r a
programmare,V;COND;2;SG,p r o ɡ r a m m e r e s t i,d a t e r e s t i
programmare,V;IND;PRS;1;PL,p r o ɡ r a m m j a m o,p r o ɡ r a m m j a m o
programmare,V;POS;IMP;3;PL,p r o ɡ r a m m i n o,p r o ɡ r a m m i n o
programmare,V;IND;PST;3;SG;PFV,p r o ɡ r a m m ɔ,f e r m ɔ
cosare,V;IND;PST;1;PL;PFV,k o z a m m o,k o z j a m m o
cosare,V;SBJV;PST;3;PL,k o z a s s e r o,k o z a s s e r o
cosare,V;POS;IMP;2;PL,k o z a t e,k ɔ z a
cosare,V;IND;PRS;3;SG,k ɔ z a,v j ɛ n e
cosare,V;IND;PST;2;SG;IPFV,k o z a v i,k o z a v i
cosare,V;IND;FUT;3;PL,k o z e r a n n o,v i s t e r a n n o
cosare,V;COND;1;SG,k o z e r ɛ i,k o z e r ɛ i
cosare,V;POS;IMP;3;PL,k o z i n o,d a t i n o
cosare,V;IND;PRS;2;SG,k ɔ z i,v j ɛ n i
cosare,V;SBJV;PRS;3;SG,k ɔ z i,k ɔ z i
cosare,V;IND;PST;3;SG;PFV,k o z ɔ,v i s t ɔ
andare,V;IND;PST;1;SG;PFV,a n d a j,v a j
andare,V;SBJV;PST;3;SG,a n d a s s e,a n d a s s e
andare,V;SBJV;PST;2;PL,a n d a s t e,a n d a s t e
andare,V;IND;PST;2;SG;PFV,a n d a s t i,a n d a s t i
andare,V;IND;PRS;2;PL,a n d a t e,a n d j a t e r o
andare,V;IND;PST;2;PL;IPFV,a n d a v a t e,a n d a v a t e
andare,V;COND;1;PL,a n d r e m m o,a n d r e m m o
andare,V;COND;2;PL,a n d r e s t e,a n d r e s t e
andare,V;SBJV;PRS;3;PL,v a d a n o,v a d a n o
fondare,V;IND;PST;1;PL;PFV,f o n d a m m o,f o n d j a m m o
fondare,V;IND;PRS;3;PL,f o n d a n o,f o n d e r a n o
fondare,V;SBJV;PST;1;SG,f o n d a s s i,f o n d a s s i
fondare,V;SBJV;PST;2;SG,f o n d a s s i,f o n d a s s i
fondare,V;IND;PST;3;SG;IPFV,f o n d a v a,f o n d a v a
fondare,V;IND;PST;1;SG;IPFV,f o n d a v o,f o n d a v o
fondare,V;COND;3;PL,f o n d e r ɛ b b e r o,f o n d e r ɛ b b e r o
fondare,V;IND;FUT;1;PL,f o n d e r e m o,f o n d e r e m o
fondare,V;IND;PRS;2;SG,f o n d i,f o n d a
fondare,V;SBJV;PRS;1;SG,f o n d i,f o n d i
fondare,V;IND;PRS;1;SG,f o n d o,f o n d e r ɔ
migliorare,V;IND;PST;1;PL;PFV,m i ʎ ʎ o r a m m o,m i ʎ ʎ o r a m m o
migliorare,V;SBJV;PST;2;SG,m i ʎ ʎ o r a s s i,m i ʎ ʎ o r a s s i
migliorare,V;SBJV;PST;2;PL,m i ʎ ʎ o r a s t e,m i ʎ ʎ a s t e
migliorare,V;IND;PRS;3;SG,m i ʎ ʎ o r a,m i ʎ ʎ o r a
migliorare,V;POS;IMP;2;SG,m i ʎ ʎ o r a,m i ʎ ʎ o r a r e s t i
migliorare,V;SBJV;PRS;1;PL,m i ʎ ʎ o r j a m o,m i ʎ ʎ o r j a m o
migliorare,V;SBJV;PRS;2;PL,m i ʎ ʎ o r j a t e,s t j a t e
migliorare,V;POS;IMP;3;SG,m i ʎ ʎ o r i,m i ʎ ʎ o r e r ɛ b b e
centrare,V;IND;PST;1;PL;PFV,t͡ʃ e n t r a m m o,t͡ʃ e n t r a m m o
centrare,V;SBJV;PST;3;PL,t͡ʃ e n t r a s s e r o,t͡ʃ e n t r a s s e r o
centrare,V;SBJV;PST;3;SG,t͡ʃ e n t r a s s e,t͡ʃ e n t r a s s e
centrare,V;IND;PST;3;PL;IPFV,t͡ʃ e n t r a v a n o,t͡ʃ e n t r a v a n o
centrare,V;COND;3;PL,t͡ʃ e n t r e r ɛ b b e r o,t͡ʃ e n t r e r ɛ b b e r o
centrare,V;COND;3;SG,t͡ʃ e n t r e r ɛ b b e,t͡ʃ e n t r e r ɛ b b e
centrare,V;COND;1;SG,t͡ʃ e n t r e r ɛ j,t͡ʃ e n t r e r ɛ i
centrare,V;SBJV;PRS;3;PL,t͡ʃ e n t r i n o,t͡ʃ e n t r i n o
centrare,V;IND;PRS;2;SG,t͡ʃ e n t r i,v w ɔ j
centrare,V;POS;IMP;3;SG,t͡ʃ e n t r i,t͡ʃ e n t r a
centrare,V;SBJV;PRS;2;SG,t͡ʃ e n t r i,t͡ʃ e n t r i
centrare,V;SBJV;PRS;3;SG,t͡ʃ e n t r i,t͡ʃ e n t r i
vistare,V;IND;PST;1;SG;PFV,v i s t a j,f ɛ t͡ʃ i
vistare,V;NFIN,v i s t a r e,v i s t a r e
vistare,V;IND;PST;2;PL;PFV,v i s t a s t e,v i s t a s t e
vistare,V;IND;PST;2;SG;PFV,v i s t a s t i,v i s t a s t i
vistare,V;IND;FUT;2;SG,v i s t e r a j,v i s t e r a j
vistare,V;COND;3;SG,v i s t e r ɛ b b e,v i s t e r ɛ b b e
vistare,V;POS;IMP;1;PL,v i s t j a m o,v i s t j a m o
vistare,V;SBJV;PRS;3;PL,v i s t i n o,v i s t e
vistare,V;POS;IMP;3;SG,v i s t i,v i s t a
nomare,V;SBJV;PST;3;SG,n o m a s s e,n o m a s s e
nomare,V;SBJV;PST;2;SG,n o m a s s i,n o m a s s i
nomare,V;SBJV;PST;2;PL,n o m a s t e,n o m a s t e
nomare,V;POS;IMP;2;SG,n ɔ m a,n ɔ m i
nomare,V;IND;FUT;2;SG,n o m e r a j,n o m e r a j
nomare,V;COND;1;SG,n o m e r ɛ i,n o m e r ɛ i
nomare,V;COND;1;PL,n o m e r e m m o,n o m e r e m m o
nomare,V;IND;FUT;2;PL,n o m e r e t e,n o m e r e t e
nomare,V;IND;FUT;1;SG,n o m e r ɔ,n o m e r ɔ
nomare,V;SBJV;PRS;3;PL,n ɔ m i n o,n o m e r o
nomare,V;SBJV;PRS;2;SG,n ɔ m i,n ɔ m i
stare,V;IND;FUT;2;SG,s t a r a j,s t a r a j
stare,V;COND;1;PL,s t a r e m m o,s t a r e m m o
stare,V;IND;FUT;1;SG,s t a r ɔ,s t a t e r ɔ
stare,V;IND;PRS;3;SG,s t a,s t a
stare,V;IND;PST;3;PL;PFV,s t e t t e r o,r ɛ s t a r o n o
stare,V;IND;PST;3;SG;PFV,s t ɛ t t e,s t e t t i
stare,V;IND;PRS;1;PL,s t j a m o,s t a n n o
stare,V;POS;IMP;1;PL,s t j a m o,s t j a m o
continuare,V;IND;PST;1;PL;PFV,k o n t i n u a m m o,a r r i v j a m m o
continuare,V;SBJV;PST;3;PL,k o n t i n u a s s e r o,p a s s a s s e r o
continuare,V;IND;PST;2;SG;PFV,k o n t i n u a s t i,k o n t i n u a s t i
continuare,V;POS;IMP;2;PL,k o n t i n u a t e,k o n t i n u a
continuare,V;IND;PRS;3;SG,k o n t i n u a,k o n t i n u i
continuare,V;COND;1;PL,k o n t i n u e r e m m o,k o n t i n u e r e m m o
continuare,V;IND;FUT;1;SG,k o n t i n u e r ɔ,k o n t i n u e r ɔ
continuare,V;SBJV;PRS;2;PL,k o n t i n u j a t e,k o n t i n u j a t e
continuare,V;POS;IMP;3;PL,k o n t i n u i n o,k o n t i n o
continuare,V;IND;PRS;1;SG,k o n t i n u o,i n i t t͡s j o
temere,V;POS;IMP;3;PL,t ɛ m a n o,p o r t i n o
temere,V;POS;IMP;3;SG,t ɛ m a,t e m e r ɛ b b e
temere,V;IND;FUT;3;SG,t e m e r a,t e m e r a
temere,V;NFIN,t ɛ m e r e,t e m e r e
temere,V;IND;PST;2;PL;IPFV,t e m e v a t e,t e m e s t e
temere,V;IND;PRS;1;PL,t e m j a m o,t e m j a m o
gravare,V;IND;PST;1;PL;PFV,ɡ r a v a m m o,ɡ r a v j a m m o
gravare,V;IND;PRS;3;PL,ɡ r a v a n o,ɡ r a v a t e r o
gravare,V;IND;PST;2;PL;PFV,ɡ r a v a s t e,ɡ r a v a s t e
gravare,V;IND;PST;3;PL;IPFV,ɡ r a v a v a n o,ɡ r a v a v a n o
gravare,V;IND;PST;2;PL;IPFV,ɡ r a v a v a t e,ɡ r a v a v a t e
gravare,V;IND;PST;1;SG;IPFV,ɡ r a v a v o,ɡ r a v a v o
gravare,V;IND;FUT;3;SG,ɡ r a v e r a,ɡ r a v e r a
gravare,V;COND;2;PL,ɡ r a v e r e s t e,ɡ r a v e r e s t e
gravare,V;SBJV;PRS;1;PL,ɡ r a v j a m o,ɡ r a v j a m o
gravare,V;POS;IMP;3;PL,ɡ r a v i n o,v ɛ n ɡ a n o
gravare,V;IND;PRS;2;SG,ɡ r a v i,ɡ r a v i
durare,V;IND;PST;1;SG;PFV,d u r a j,d u r ɔ
durare,V;IND;PST;1;PL;PFV,d u r a m m o,d u r j a m m o
durare,V;IND;PRS;3;PL,d u r a n o,d u r e r a n o
durare,V;SBJV;PST;2;PL,d u r a s t e,d u r a s t e
durare,V;IND;FUT;1;PL,d u r e r e m o,d u r e r e r e m o
durare,V;IND;FUT;1;SG,d u r e r ɔ,d u r e r e r ɔ
durare,V;POS;IMP;1;PL,d u r j a m o,d j a m o
durare,V;IND;PRS;2;SG,d u r i,v j ɛ n i
durare,V;SBJV;PRS;1;SG,d u r i,d u r i
durare,V;IND;PRS;1;SG,d u r o,d u r a
prezzare,V;IND;FUT;3;SG,p r e t t͡s e r a,p r e t t͡s e r a
prezzare,V;COND;2;PL,p r ɛ t t͡s e r e s t e,p r ɛ t t͡s e r e s t e
notare,V;IND;PRS;3;PL,n ɔ t a n o,v e d o n o
notare,V;SBJV;PST;1;SG,n o t a s s i,n o t a s s i
notare,V;IND;PST;2;SG;PFV,n o t a s t i,n o t a s t i
notare,V;IND;PRS;2;PL,n o t a t e,n o t a t e
notare,V;IND;PST;2;SG;IPFV,n o t a v i,n o t a v i
notare,V;IND;FUT;3;PL,n o t e r a n n o,n o t e r a n n o
notare,V;COND;3;PL,n o t e r ɛ b b e r o,n o t e r ɛ b b e r o
notare,V;COND;1;SG,n o t e r ɛ i,n o t e r ɛ i
notare,V;SBJV;PRS;2;SG,n ɔ t i,n o t i
notare,V;IND;PRS;1;SG,n ɔ t o,n ɔ t o
notare,V;IND;PST;3;SG;PFV,n o t ɔ,n o m ɔ
numerare,V;IND;PST;3;PL;PFV,n u m e r a r o n o,n u m e r a m m e r o
numerare,V;SBJV;PST;2;SG,n u m e r a s s i,n u m e r a s s i
numerare,V;IND;PST;3;SG;IPFV,n u m e r a v a,n u m e r a v a
numerare,V;IND;PRS;3;SG,n u m ɛ r a,n u m e r a
numerare,V;IND;PST;2;SG;IPFV,n u m e r a v i,n u m e r a v i
numerare,V;IND;FUT;2;SG,n u m e r e r a j,n u m e r e r a j
numerare,V;IND;FUT;3;SG,n u m e r e r a,n u m e r e r a
numerare,V;COND;1;PL,n u m e r e r e m m o,n u m e r e r e m m o
numerare,V;IND;FUT;1;PL,n u m e r e r e m o,n u m e r e r e m o
numerare,V;SBJV;PRS;2;PL,n u m e r j a t e,n u m e r j a t e
numerare,V;SBJV;PRS;3;PL,n u m e r i n o,n u m e r i n o
ragionare,V;IND;PST;1;PL;PFV,r a d͡ʒ o n a m m o,r a d͡ʒ o n j a m m o
ragionare,V;IND;PST;3;PL;PFV,r a d͡ʒ o n a r o n o,r a d͡ʒ o n a r o n o
ragionare,V;SBJV;PST;1;SG,r a d͡ʒ o n a s s i,r a d͡ʒ o n a s s i
ragionare,V;SBJV;PST;2;SG,r a d͡ʒ o n a s s i,r a d͡ʒ o n a s s i
ragionare,V;COND;2;PL,r a d͡ʒ o n e r e s t e,r a d͡ʒ o n e r e s t e
ragionare,V;IND;FUT;2;PL,r a d͡ʒ o n e r e t e,r a d͡ʒ o n e r e t e
ragionare,V;IND;PRS;1;PL,r a d͡ʒ o n j a m o,r a d͡ʒ o n j a m o
ragionare,V;SBJV;PRS;3;SG,r a d͡ʒ o n i,r a d͡ʒ o n i
ragionare,V;IND;PRS;1;SG,r a d͡ʒ o n o,v i s t o
