lemma,form,paradigm_slot,form_freq,lemma_freq
abdicere,abdiceredes,V;PASS;IND;PST,0.0,1.3333333333333332e-06
abdicere,abdicerede,V;ACT;IND;PST,6e-06,1.3333333333333332e-06
abdicere,abdicerer,V;ACT;IND;PRS,1e-06,1.3333333333333332e-06
abdicere,abdiceres,V;PASS;IND;PRS,0.0,1.3333333333333332e-06
abdicere,abdicere,V;ACT;NFIN,1e-06,1.3333333333333332e-06
abdicere,abdicer,V;ACT;IMP,0.0,1.3333333333333332e-06
accelerere,accelereredes,V;PASS;IND;PST,0.0,8.166666666666666e-06
accelerere,accelererede,V;ACT;IND;PST,9e-06,8.166666666666666e-06
accelerere,accelererer,V;ACT;IND;PRS,7e-06,8.166666666666666e-06
accelerere,accelereres,V;PASS;IND;PRS,6e-06,8.166666666666666e-06
accelerere,accelerere,V;ACT;NFIN,2.6e-05,8.166666666666666e-06
accelerere,accelerer,V;ACT;IMP,1e-06,8.166666666666666e-06
addere,adderedes,V;PASS;IND;PST,0.0,6.666666666666666e-07
addere,adderede,V;ACT;IND;PST,1e-06,6.666666666666666e-07
addere,adderer,V;ACT;IND;PRS,0.0,6.666666666666666e-07
addere,adderes,V;PASS;IND;PRS,1e-06,6.666666666666666e-07
addere,addere,V;ACT;NFIN,2e-06,6.666666666666666e-07
addere,adder,V;ACT;IMP,0.0,6.666666666666666e-07
ægte,ægtedes,V;PASS;IND;PST,0.0,0.0001488333333333333
ægte,ægtede,V;ACT;IND;PST,7e-06,0.0001488333333333333
ægte,ægter,V;ACT;IND;PRS,1.8e-05,0.0001488333333333333
ægte,ægtes,V;PASS;IND;PRS,0.0,0.0001488333333333333
ægte,ægte,V;ACT;NFIN,0.000865,0.0001488333333333333
ægte,ægt,V;ACT;IMP,3e-06,0.0001488333333333333
ælte,æltedes,V;PASS;IND;PST,0.0,1.716666666666667e-05
ælte,æltede,V;ACT;IND;PST,6e-06,1.716666666666667e-05
ælte,ælter,V;ACT;IND;PRS,1e-05,1.716666666666667e-05
ælte,æltes,V;PASS;IND;PRS,3.4e-05,1.716666666666667e-05
ælte,ælte,V;ACT;NFIN,2.5e-05,1.716666666666667e-05
ælte,ælt,V;ACT;IMP,2.8e-05,1.716666666666667e-05
ændre,ændredes,V;PASS;IND;PST,2.4e-05,0.0005498333333333333
ændre,ændrede,V;ACT;IND;PST,0.000411,0.0005498333333333333
ændre,ændrer,V;ACT;IND;PRS,0.000647,0.0005498333333333333
ændre,ændres,V;PASS;IND;PRS,0.000654,0.0005498333333333333
ændre,ændre,V;ACT;NFIN,0.001563,0.0005498333333333333
ændre,ændr,V;ACT;IMP,0.0,0.0005498333333333333
afsløre,afsløredes,V;PASS;IND;PST,2e-06,0.00010233333333333335
afsløre,afslørede,V;ACT;IND;PST,0.000104,0.00010233333333333335
afsløre,afslører,V;ACT;IND;PRS,0.000267,0.00010233333333333335
afsløre,afsløres,V;PASS;IND;PRS,5.9e-05,0.00010233333333333335
afsløre,afsløre,V;ACT;NFIN,0.000181,0.00010233333333333335
afsløre,afslør,V;ACT;IMP,1e-06,0.00010233333333333335
ankre,ankredes,V;PASS;IND;PST,0.0,3.1666666666666667e-06
ankre,ankrede,V;ACT;IND;PST,2e-06,3.1666666666666667e-06
ankre,ankrer,V;ACT;IND;PRS,1e-06,3.1666666666666667e-06
ankre,ankres,V;PASS;IND;PRS,0.0,3.1666666666666667e-06
ankre,ankre,V;ACT;NFIN,1.6e-05,3.1666666666666667e-06
ankre,ankr,V;ACT;IMP,0.0,3.1666666666666667e-06
annihilere,annihileredes,V;PASS;IND;PST,0.0,1.6666666666666665e-07
annihilere,annihilerede,V;ACT;IND;PST,0.0,1.6666666666666665e-07
annihilere,annihilerer,V;ACT;IND;PRS,1e-06,1.6666666666666665e-07
annihilere,annihileres,V;PASS;IND;PRS,0.0,1.6666666666666665e-07
annihilere,annihilere,V;ACT;NFIN,0.0,1.6666666666666665e-07
annihilere,annihiler,V;ACT;IMP,0.0,1.6666666666666665e-07
anonymisere,anonymiseredes,V;PASS;IND;PST,0.0,2.333333333333333e-06
anonymisere,anonymiserede,V;ACT;IND;PST,1.1e-05,2.333333333333333e-06
anonymisere,anonymiserer,V;ACT;IND;PRS,0.0,2.333333333333333e-06
anonymisere,anonymiseres,V;PASS;IND;PRS,3e-06,2.333333333333333e-06
anonymisere,anonymisere,V;ACT;NFIN,0.0,2.333333333333333e-06
anonymisere,anonymiser,V;ACT;IMP,0.0,2.333333333333333e-06
argumentere,argumenteredes,V;PASS;IND;PST,0.0,6.516666666666666e-05
argumentere,argumenterede,V;ACT;IND;PST,2e-05,6.516666666666666e-05
argumentere,argumenterer,V;ACT;IND;PRS,5.4e-05,6.516666666666666e-05
argumentere,argumenteres,V;PASS;IND;PRS,1.5e-05,6.516666666666666e-05
argumentere,argumentere,V;ACT;NFIN,0.000107,6.516666666666666e-05
argumentere,argumenter,V;ACT;IMP,0.000195,6.516666666666666e-05
arrangere,arrangeredes,V;PASS;IND;PST,2e-06,0.0001388333333333333
arrangere,arrangerede,V;ACT;IND;PST,7.5e-05,0.0001388333333333333
arrangere,arrangerer,V;ACT;IND;PRS,0.000299,0.0001388333333333333
arrangere,arrangeres,V;PASS;IND;PRS,0.000174,0.0001388333333333333
arrangere,arrangere,V;ACT;NFIN,0.000279,0.0001388333333333333
arrangere,arranger,V;ACT;IMP,4e-06,0.0001388333333333333
assimilere,assimileredes,V;PASS;IND;PST,0.0,1e-06
assimilere,assimilerede,V;ACT;IND;PST,4e-06,1e-06
assimilere,assimilerer,V;ACT;IND;PRS,0.0,1e-06
assimilere,assimileres,V;PASS;IND;PRS,2e-06,1e-06
assimilere,assimilere,V;ACT;NFIN,0.0,1e-06
assimilere,assimiler,V;ACT;IMP,0.0,1e-06
bejae,bejaedes,V;PASS;IND;PST,0.0,0.0
bejae,bejaede,V;ACT;IND;PST,0.0,0.0
bejae,bejaer,V;ACT;IND;PRS,0.0,0.0
bejae,bejaes,V;PASS;IND;PRS,0.0,0.0
bejae,bejae,V;ACT;NFIN,0.0,0.0
bejae,beja,V;ACT;IMP,0.0,0.0
belaste,belastedes,V;PASS;IND;PST,0.0,3.0333333333333333e-05
belaste,belastede,V;ACT;IND;PST,3.2e-05,3.0333333333333333e-05
belaste,belaster,V;ACT;IND;PRS,7.2e-05,3.0333333333333333e-05
belaste,belastes,V;PASS;IND;PRS,3.7e-05,3.0333333333333333e-05
belaste,belaste,V;ACT;NFIN,4.1e-05,3.0333333333333333e-05
belaste,belast,V;ACT;IMP,0.0,3.0333333333333333e-05
billige,billigedes,V;PASS;IND;PST,0.0,0.0004775
billige,billigede,V;ACT;IND;PST,4e-06,0.0004775
billige,billiger,V;ACT;IND;PRS,4e-06,0.0004775
billige,billiges,V;PASS;IND;PRS,0.0,0.0004775
billige,billige,V;ACT;NFIN,0.001285,0.0004775
billige,billig,V;ACT;IMP,0.001572,0.0004775
blokere,blokeredes,V;PASS;IND;PST,0.0,2.85e-05
blokere,blokerede,V;ACT;IND;PST,1.2e-05,2.85e-05
blokere,blokerer,V;ACT;IND;PRS,6e-05,2.85e-05
blokere,blokeres,V;PASS;IND;PRS,1.2e-05,2.85e-05
blokere,blokere,V;ACT;NFIN,8.7e-05,2.85e-05
blokere,bloker,V;ACT;IMP,0.0,2.85e-05
brune,brunedes,V;PASS;IND;PST,0.0,9.233333333333333e-05
brune,brunede,V;ACT;IND;PST,2.1e-05,9.233333333333333e-05
brune,bruner,V;ACT;IND;PRS,5e-06,9.233333333333333e-05
brune,brunes,V;PASS;IND;PRS,2.1e-05,9.233333333333333e-05
brune,brune,V;ACT;NFIN,0.00024,9.233333333333333e-05
brune,brun,V;ACT;IMP,0.000267,9.233333333333333e-05
charmere,charmeredes,V;PASS;IND;PST,0.0,2e-06
charmere,charmerede,V;ACT;IND;PST,2e-06,2e-06
charmere,charmerer,V;ACT;IND;PRS,3e-06,2e-06
charmere,charmeres,V;PASS;IND;PRS,0.0,2e-06
charmere,charmere,V;ACT;NFIN,6e-06,2e-06
charmere,charmer,V;ACT;IMP,1e-06,2e-06
dæmpe,dæmpedes,V;PASS;IND;PST,0.0,3.25e-05
dæmpe,dæmpede,V;ACT;IND;PST,2.3e-05,3.25e-05
dæmpe,dæmper,V;ACT;IND;PRS,6.8e-05,3.25e-05
dæmpe,dæmpes,V;PASS;IND;PRS,2.7e-05,3.25e-05
dæmpe,dæmpe,V;ACT;NFIN,7.5e-05,3.25e-05
dæmpe,dæmp,V;ACT;IMP,2e-06,3.25e-05
dandere,danderedes,V;PASS;IND;PST,0.0,0.0
dandere,danderede,V;ACT;IND;PST,0.0,0.0
dandere,danderer,V;ACT;IND;PRS,0.0,0.0
dandere,danderes,V;PASS;IND;PRS,0.0,0.0
dandere,dandere,V;ACT;NFIN,0.0,0.0
dandere,dander,V;ACT;IMP,0.0,0.0
dåne,dånedes,V;PASS;IND;PST,0.0,8.333333333333334e-07
dåne,dånede,V;ACT;IND;PST,0.0,8.333333333333334e-07
dåne,dåner,V;ACT;IND;PRS,0.0,8.333333333333334e-07
dåne,dånes,V;PASS;IND;PRS,0.0,8.333333333333334e-07
dåne,dåne,V;ACT;NFIN,5e-06,8.333333333333334e-07
dåne,dån,V;ACT;IMP,0.0,8.333333333333334e-07
danisere,daniseredes,V;PASS;IND;PST,0.0,0.0
danisere,daniserede,V;ACT;IND;PST,0.0,0.0
danisere,daniserer,V;ACT;IND;PRS,0.0,0.0
danisere,daniseres,V;PASS;IND;PRS,0.0,0.0
danisere,danisere,V;ACT;NFIN,0.0,0.0
danisere,daniser,V;ACT;IMP,0.0,0.0
danse,dansedes,V;PASS;IND;PST,0.0,0.00014716666666666668
danse,dansede,V;ACT;IND;PST,5.8e-05,0.00014716666666666668
danse,danser,V;ACT;IND;PRS,0.000162,0.00014716666666666668
danse,danses,V;PASS;IND;PRS,1.6e-05,0.00014716666666666668
danse,danse,V;ACT;NFIN,0.000233,0.00014716666666666668
danse,dans,V;ACT;IMP,0.000414,0.00014716666666666668
datere,dateredes,V;PASS;IND;PST,0.0,1.5333333333333334e-05
datere,daterede,V;ACT;IND;PST,3e-06,1.5333333333333334e-05
datere,daterer,V;ACT;IND;PRS,1.9e-05,1.5333333333333334e-05
datere,dateres,V;PASS;IND;PRS,4.4e-05,1.5333333333333334e-05
datere,datere,V;ACT;NFIN,1e-05,1.5333333333333334e-05
datere,dater,V;ACT;IMP,1.6e-05,1.5333333333333334e-05
deducere,deduceredes,V;PASS;IND;PST,0.0,0.0
deducere,deducerede,V;ACT;IND;PST,0.0,0.0
deducere,deducerer,V;ACT;IND;PRS,0.0,0.0
deducere,deduceres,V;PASS;IND;PRS,0.0,0.0
deducere,deducere,V;ACT;NFIN,0.0,0.0
deducere,deducer,V;ACT;IMP,0.0,0.0
definere,defineredes,V;PASS;IND;PST,0.0,7.483333333333334e-05
definere,definerede,V;ACT;IND;PST,3.7e-05,7.483333333333334e-05
definere,definerer,V;ACT;IND;PRS,0.00013,7.483333333333334e-05
definere,defineres,V;PASS;IND;PRS,0.000129,7.483333333333334e-05
definere,definere,V;ACT;NFIN,0.000151,7.483333333333334e-05
definere,definer,V;ACT;IMP,2e-06,7.483333333333334e-05
deformere,deformeredes,V;PASS;IND;PST,0.0,1e-06
deformere,deformerede,V;ACT;IND;PST,4e-06,1e-06
deformere,deformerer,V;ACT;IND;PRS,0.0,1e-06
deformere,deformeres,V;PASS;IND;PRS,1e-06,1e-06
deformere,deformere,V;ACT;NFIN,1e-06,1e-06
deformere,deformer,V;ACT;IMP,0.0,1e-06
degenerere,degenereredes,V;PASS;IND;PST,0.0,8.333333333333332e-07
degenerere,degenererede,V;ACT;IND;PST,0.0,8.333333333333332e-07
degenerere,degenererer,V;ACT;IND;PRS,2e-06,8.333333333333332e-07
degenerere,degenereres,V;PASS;IND;PRS,0.0,8.333333333333332e-07
degenerere,degenerere,V;ACT;NFIN,3e-06,8.333333333333332e-07
degenerere,degenerer,V;ACT;IMP,0.0,8.333333333333332e-07
dehydrere,dehydreredes,V;PASS;IND;PST,0.0,2.1666666666666665e-06
dehydrere,dehydrerede,V;ACT;IND;PST,7e-06,2.1666666666666665e-06
dehydrere,dehydrerer,V;ACT;IND;PRS,3e-06,2.1666666666666665e-06
dehydrere,dehydreres,V;PASS;IND;PRS,0.0,2.1666666666666665e-06
dehydrere,dehydrere,V;ACT;NFIN,3e-06,2.1666666666666665e-06
dehydrere,dehydrer,V;ACT;IMP,0.0,2.1666666666666665e-06
delegere,delegeredes,V;PASS;IND;PST,0.0,8.833333333333334e-06
delegere,delegerede,V;ACT;IND;PST,3.8e-05,8.833333333333334e-06
delegere,delegerer,V;ACT;IND;PRS,2e-06,8.833333333333334e-06
delegere,delegeres,V;PASS;IND;PRS,5e-06,8.833333333333334e-06
delegere,delegere,V;ACT;NFIN,8e-06,8.833333333333334e-06
delegere,deleger,V;ACT;IMP,0.0,8.833333333333334e-06
demontere,demonteredes,V;PASS;IND;PST,0.0,1.5e-06
demontere,demonterede,V;ACT;IND;PST,2e-06,1.5e-06
demontere,demonterer,V;ACT;IND;PRS,2e-06,1.5e-06
demontere,demonteres,V;PASS;IND;PRS,2e-06,1.5e-06
demontere,demontere,V;ACT;NFIN,3e-06,1.5e-06
demontere,demonter,V;ACT;IMP,0.0,1.5e-06
desavouere,desavoueredes,V;PASS;IND;PST,0.0,1.6666666666666665e-07
desavouere,desavouerede,V;ACT;IND;PST,0.0,1.6666666666666665e-07
desavouere,desavouerer,V;ACT;IND;PRS,0.0,1.6666666666666665e-07
desavouere,desavoueres,V;PASS;IND;PRS,0.0,1.6666666666666665e-07
desavouere,desavouere,V;ACT;NFIN,1e-06,1.6666666666666665e-07
desavouere,desavouer,V;ACT;IMP,0.0,1.6666666666666665e-07
deviere,devieredes,V;PASS;IND;PST,0.0,1.6666666666666665e-07
deviere,devierede,V;ACT;IND;PST,0.0,1.6666666666666665e-07
deviere,devierer,V;ACT;IND;PRS,0.0,1.6666666666666665e-07
deviere,devieres,V;PASS;IND;PRS,0.0,1.6666666666666665e-07
deviere,deviere,V;ACT;NFIN,1e-06,1.6666666666666665e-07
deviere,devier,V;ACT;IMP,0.0,1.6666666666666665e-07
diagnosticere,diagnosticeredes,V;PASS;IND;PST,0.0,8.5e-06
diagnosticere,diagnosticerede,V;ACT;IND;PST,4e-06,8.5e-06
diagnosticere,diagnosticerer,V;ACT;IND;PRS,2e-06,8.5e-06
diagnosticere,diagnosticeres,V;PASS;IND;PRS,1.6e-05,8.5e-06
diagnosticere,diagnosticere,V;ACT;NFIN,2.9e-05,8.5e-06
diagnosticere,diagnosticer,V;ACT;IMP,0.0,8.5e-06
diskutere,diskuteredes,V;PASS;IND;PST,2e-06,0.00012116666666666665
diskutere,diskuterede,V;ACT;IND;PST,6.2e-05,0.00012116666666666665
diskutere,diskuterer,V;ACT;IND;PRS,0.000165,0.00012116666666666665
diskutere,diskuteres,V;PASS;IND;PRS,0.0001,0.00012116666666666665
diskutere,diskutere,V;ACT;NFIN,0.000391,0.00012116666666666665
diskutere,diskuter,V;ACT;IMP,7e-06,0.00012116666666666665
distrahere,distraheredes,V;PASS;IND;PST,0.0,2e-06
distrahere,distraherede,V;ACT;IND;PST,1e-06,2e-06
distrahere,distraherer,V;ACT;IND;PRS,2e-06,2e-06
distrahere,distraheres,V;PASS;IND;PRS,0.0,2e-06
distrahere,distrahere,V;ACT;NFIN,9e-06,2e-06
distrahere,distraher,V;ACT;IMP,0.0,2e-06
dividere,divideredes,V;PASS;IND;PST,1e-06,3e-06
dividere,dividerede,V;ACT;IND;PST,0.0,3e-06
dividere,dividerer,V;ACT;IND;PRS,1e-06,3e-06
dividere,divideres,V;PASS;IND;PRS,8e-06,3e-06
dividere,dividere,V;ACT;NFIN,7e-06,3e-06
dividere,divider,V;ACT;IMP,1e-06,3e-06
donere,doneredes,V;PASS;IND;PST,0.0,2.0666666666666666e-05
donere,donerede,V;ACT;IND;PST,1.6e-05,2.0666666666666666e-05
donere,donerer,V;ACT;IND;PRS,3.6e-05,2.0666666666666666e-05
donere,doneres,V;PASS;IND;PRS,7e-06,2.0666666666666666e-05
donere,donere,V;ACT;NFIN,6.3e-05,2.0666666666666666e-05
donere,doner,V;ACT;IMP,2e-06,2.0666666666666666e-05
drøne,drønedes,V;PASS;IND;PST,0.0,8.666666666666668e-06
drøne,drønede,V;ACT;IND;PST,7e-06,8.666666666666668e-06
drøne,drøner,V;ACT;IND;PRS,1.4e-05,8.666666666666668e-06
drøne,drønes,V;PASS;IND;PRS,0.0,8.666666666666668e-06
drøne,drøne,V;ACT;NFIN,1.2e-05,8.666666666666668e-06
drøne,drøn,V;ACT;IMP,1.9e-05,8.666666666666668e-06
dufte,duftedes,V;PASS;IND;PST,0.0,0.000137
dufte,duftede,V;ACT;IND;PST,1.8e-05,0.000137
dufte,dufter,V;ACT;IND;PRS,0.000113,0.000137
dufte,duftes,V;PASS;IND;PRS,3e-06,0.000137
dufte,dufte,V;ACT;NFIN,0.000134,0.000137
dufte,duft,V;ACT;IMP,0.000554,0.000137
dyrke,dyrkedes,V;PASS;IND;PST,6e-06,0.00017766666666666666
dyrke,dyrkede,V;ACT;IND;PST,0.000101,0.00017766666666666666
dyrke,dyrker,V;ACT;IND;PRS,0.000306,0.00017766666666666666
dyrke,dyrkes,V;PASS;IND;PRS,0.00019,0.00017766666666666666
dyrke,dyrke,V;ACT;NFIN,0.000452,0.00017766666666666666
dyrke,dyrk,V;ACT;IMP,1.1e-05,0.00017766666666666666
dyste,dystedes,V;PASS;IND;PST,0.0,3.1666666666666666e-05
dyste,dystede,V;ACT;IND;PST,1.6e-05,3.1666666666666666e-05
dyste,dyster,V;ACT;IND;PRS,7.7e-05,3.1666666666666666e-05
dyste,dystes,V;PASS;IND;PRS,1.2e-05,3.1666666666666666e-05
dyste,dyste,V;ACT;NFIN,5.9e-05,3.1666666666666666e-05
dyste,dyst,V;ACT;IMP,2.6e-05,3.1666666666666666e-05
ekstrahere,ekstraheredes,V;PASS;IND;PST,0.0,1e-06
ekstrahere,ekstraherede,V;ACT;IND;PST,0.0,1e-06
ekstrahere,ekstraherer,V;ACT;IND;PRS,1e-06,1e-06
ekstrahere,ekstraheres,V;PASS;IND;PRS,2e-06,1e-06
ekstrahere,ekstrahere,V;ACT;NFIN,3e-06,1e-06
ekstrahere,ekstraher,V;ACT;IMP,0.0,1e-06
elske,elskedes,V;PASS;IND;PST,2e-06,0.00041233333333333335
elske,elskede,V;ACT;IND;PST,0.000349,0.00041233333333333335
elske,elsker,V;ACT;IND;PRS,0.001697,0.00041233333333333335
elske,elskes,V;PASS;IND;PRS,8e-06,0.00041233333333333335
elske,elske,V;ACT;NFIN,0.000412,0.00041233333333333335
elske,elsk,V;ACT;IMP,6e-06,0.00041233333333333335
erfare,erfaredes,V;PASS;IND;PST,0.0,1.8666666666666665e-05
erfare,erfarede,V;ACT;IND;PST,3.2e-05,1.8666666666666665e-05
erfare,erfarer,V;ACT;IND;PRS,3.9e-05,1.8666666666666665e-05
erfare,erfares,V;PASS;IND;PRS,2e-06,1.8666666666666665e-05
erfare,erfare,V;ACT;NFIN,3.9e-05,1.8666666666666665e-05
erfare,erfar,V;ACT;IMP,0.0,1.8666666666666665e-05
erklære,erklæredes,V;PASS;IND;PST,1e-06,4.4000000000000006e-05
erklære,erklærede,V;ACT;IND;PST,0.000103,4.4000000000000006e-05
erklære,erklærer,V;ACT;IND;PRS,8.4e-05,4.4000000000000006e-05
erklære,erklæres,V;PASS;IND;PRS,1.7e-05,4.4000000000000006e-05
erklære,erklære,V;ACT;NFIN,5.9e-05,4.4000000000000006e-05
erklære,erklær,V;ACT;IMP,0.0,4.4000000000000006e-05
erobre,erobredes,V;PASS;IND;PST,0.0,1.7833333333333334e-05
erobre,erobrede,V;ACT;IND;PST,3.3e-05,1.7833333333333334e-05
erobre,erobrer,V;ACT;IND;PRS,1.2e-05,1.7833333333333334e-05
erobre,erobres,V;PASS;IND;PRS,9e-06,1.7833333333333334e-05
erobre,erobre,V;ACT;NFIN,5.3e-05,1.7833333333333334e-05
erobre,erobr,V;ACT;IMP,0.0,1.7833333333333334e-05
estimere,estimeredes,V;PASS;IND;PST,0.0,1.2666666666666667e-05
estimere,estimerede,V;ACT;IND;PST,2.7e-05,1.2666666666666667e-05
estimere,estimerer,V;ACT;IND;PRS,1.1e-05,1.2666666666666667e-05
estimere,estimeres,V;PASS;IND;PRS,1.3e-05,1.2666666666666667e-05
estimere,estimere,V;ACT;NFIN,2.5e-05,1.2666666666666667e-05
estimere,estimer,V;ACT;IMP,0.0,1.2666666666666667e-05
fængsle,fængsledes,V;PASS;IND;PST,1e-06,1.4333333333333334e-05
fængsle,fængslede,V;ACT;IND;PST,1.6e-05,1.4333333333333334e-05
fængsle,fængsler,V;ACT;IND;PRS,6.1e-05,1.4333333333333334e-05
fængsle,fængsles,V;PASS;IND;PRS,4e-06,1.4333333333333334e-05
fængsle,fængsle,V;ACT;NFIN,4e-06,1.4333333333333334e-05
fængsle,fængsl,V;ACT;IMP,0.0,1.4333333333333334e-05
filetere,fileteredes,V;PASS;IND;PST,0.0,2.4999999999999998e-06
filetere,fileterede,V;ACT;IND;PST,0.0,2.4999999999999998e-06
filetere,fileterer,V;ACT;IND;PRS,2e-06,2.4999999999999998e-06
filetere,fileteres,V;PASS;IND;PRS,0.0,2.4999999999999998e-06
filetere,filetere,V;ACT;NFIN,2e-06,2.4999999999999998e-06
filetere,fileter,V;ACT;IMP,1.1e-05,2.4999999999999998e-06
fiske,fiskedes,V;PASS;IND;PST,5e-06,0.000288
fiske,fiskede,V;ACT;IND;PST,3.8e-05,0.000288
fiske,fisker,V;ACT;IND;PRS,9.8e-05,0.000288
fiske,fiskes,V;PASS;IND;PRS,4.3e-05,0.000288
fiske,fiske,V;ACT;NFIN,0.000147,0.000288
fiske,fisk,V;ACT;IMP,0.001397,0.000288
flanere,flaneredes,V;PASS;IND;PST,0.0,0.0
flanere,flanerede,V;ACT;IND;PST,0.0,0.0
flanere,flanerer,V;ACT;IND;PRS,0.0,0.0
flanere,flaneres,V;PASS;IND;PRS,0.0,0.0
flanere,flanere,V;ACT;NFIN,0.0,0.0
flanere,flaner,V;ACT;IMP,0.0,0.0
flankere,flankeredes,V;PASS;IND;PST,0.0,3.3333333333333337e-06
flankere,flankerede,V;ACT;IND;PST,0.0,3.3333333333333337e-06
flankere,flankerer,V;ACT;IND;PRS,3e-06,3.3333333333333337e-06
flankere,flankeres,V;PASS;IND;PRS,9e-06,3.3333333333333337e-06
flankere,flankere,V;ACT;NFIN,3e-06,3.3333333333333337e-06
flankere,flanker,V;ACT;IMP,5e-06,3.3333333333333337e-06
fodre,fodredes,V;PASS;IND;PST,0.0,2.9666666666666665e-05
fodre,fodrede,V;ACT;IND;PST,8e-06,2.9666666666666665e-05
fodre,fodrer,V;ACT;IND;PRS,2.9e-05,2.9666666666666665e-05
fodre,fodres,V;PASS;IND;PRS,3.7e-05,2.9666666666666665e-05
fodre,fodre,V;ACT;NFIN,0.000103,2.9666666666666665e-05
fodre,fodr,V;ACT;IMP,1e-06,2.9666666666666665e-05
fordøje,fordøjedes,V;PASS;IND;PST,0.0,1.1333333333333334e-05
fordøje,fordøjede,V;ACT;IND;PST,3e-06,1.1333333333333334e-05
fordøje,fordøjer,V;ACT;IND;PRS,1e-05,1.1333333333333334e-05
fordøje,fordøjes,V;PASS;IND;PRS,9e-06,1.1333333333333334e-05
fordøje,fordøje,V;ACT;NFIN,4.5e-05,1.1333333333333334e-05
fordøje,fordøj,V;ACT;IMP,1e-06,1.1333333333333334e-05
forklare,forklaredes,V;PASS;IND;PST,0.0,0.000288
forklare,forklarede,V;ACT;IND;PST,0.000141,0.000288
forklare,forklarer,V;ACT;IND;PRS,0.000989,0.000288
forklare,forklares,V;PASS;IND;PRS,0.000105,0.000288
forklare,forklare,V;ACT;NFIN,0.000481,0.000288
forklare,forklar,V;ACT;IMP,1.2e-05,0.000288
fotografere,fotograferedes,V;PASS;IND;PST,0.0,4.35e-05
fotografere,fotograferede,V;ACT;IND;PST,2.8e-05,4.35e-05
fotografere,fotograferer,V;ACT;IND;PRS,2.7e-05,4.35e-05
fotografere,fotograferes,V;PASS;IND;PRS,1.2e-05,4.35e-05
fotografere,fotografere,V;ACT;NFIN,8.6e-05,4.35e-05
fotografere,fotografer,V;ACT;IMP,0.000108,4.35e-05
frygte,frygtedes,V;PASS;IND;PST,0.0,0.00013383333333333335
frygte,frygtede,V;ACT;IND;PST,0.000104,0.00013383333333333335
frygte,frygter,V;ACT;IND;PRS,0.000233,0.00013383333333333335
frygte,frygtes,V;PASS;IND;PRS,7e-06,0.00013383333333333335
frygte,frygte,V;ACT;NFIN,0.000108,0.00013383333333333335
frygte,frygt,V;ACT;IMP,0.000351,0.00013383333333333335
gøde,gødedes,V;PASS;IND;PST,0.0,5.666666666666667e-06
gøde,gødede,V;ACT;IND;PST,1e-06,5.666666666666667e-06
gøde,gøder,V;ACT;IND;PRS,6e-06,5.666666666666667e-06
gøde,gødes,V;PASS;IND;PRS,9e-06,5.666666666666667e-06
gøde,gøde,V;ACT;NFIN,1.8e-05,5.666666666666667e-06
gøde,gød,V;ACT;IMP,0.0,5.666666666666667e-06
gratulere,gratuleredes,V;PASS;IND;PST,0.0,5e-07
gratulere,gratulerede,V;ACT;IND;PST,1e-06,5e-07
gratulere,gratulerer,V;ACT;IND;PRS,1e-06,5e-07
gratulere,gratuleres,V;PASS;IND;PRS,0.0,5e-07
gratulere,gratulere,V;ACT;NFIN,1e-06,5e-07
gratulere,gratuler,V;ACT;IMP,0.0,5e-07
grunde,grundedes,V;PASS;IND;PST,0.0,0.0009205
grunde,grundede,V;ACT;IND;PST,2e-06,0.0009205
grunde,grunder,V;ACT;IND;PRS,2.1e-05,0.0009205
grunde,grundes,V;PASS;IND;PRS,7e-06,0.0009205
grunde,grunde,V;ACT;NFIN,0.000747,0.0009205
grunde,grund,V;ACT;IMP,0.004746,0.0009205
hade,hadedes,V;PASS;IND;PST,0.0,5.066666666666667e-05
hade,hadede,V;ACT;IND;PST,2e-05,5.066666666666667e-05
hade,hader,V;ACT;IND;PRS,0.000146,5.066666666666667e-05
hade,hades,V;PASS;IND;PRS,1e-06,5.066666666666667e-05
hade,hade,V;ACT;NFIN,5.1e-05,5.066666666666667e-05
hade,had,V;ACT;IMP,8.6e-05,5.066666666666667e-05
hæle,hæledes,V;PASS;IND;PST,0.0,2.0166666666666668e-05
hæle,hælede,V;ACT;IND;PST,0.0,2.0166666666666668e-05
hæle,hæler,V;ACT;IND;PRS,0.0,2.0166666666666668e-05
hæle,hæles,V;PASS;IND;PRS,0.0,2.0166666666666668e-05
hæle,hæle,V;ACT;NFIN,4.4e-05,2.0166666666666668e-05
hæle,hæl,V;ACT;IMP,7.7e-05,2.0166666666666668e-05
høste,høstedes,V;PASS;IND;PST,0.0,6.166666666666667e-05
høste,høstede,V;ACT;IND;PST,2.9e-05,6.166666666666667e-05
høste,høster,V;ACT;IND;PRS,5.4e-05,6.166666666666667e-05
høste,høstes,V;PASS;IND;PRS,6.5e-05,6.166666666666667e-05
høste,høste,V;ACT;NFIN,0.000116,6.166666666666667e-05
høste,høst,V;ACT;IMP,0.000106,6.166666666666667e-05
huske,huskedes,V;PASS;IND;PST,0.0,0.000466
huske,huskede,V;ACT;IND;PST,4.6e-05,0.000466
huske,husker,V;ACT;IND;PRS,0.000626,0.000466
huske,huskes,V;PASS;IND;PRS,5e-05,0.000466
huske,huske,V;ACT;NFIN,0.001491,0.000466
huske,husk,V;ACT;IMP,0.000583,0.000466
hypnotisere,hypnotiseredes,V;PASS;IND;PST,0.0,1.1666666666666666e-06
hypnotisere,hypnotiserede,V;ACT;IND;PST,1e-06,1.1666666666666666e-06
hypnotisere,hypnotiserer,V;ACT;IND;PRS,2e-06,1.1666666666666666e-06
hypnotisere,hypnotiseres,V;PASS;IND;PRS,1e-06,1.1666666666666666e-06
hypnotisere,hypnotisere,V;ACT;NFIN,3e-06,1.1666666666666666e-06
hypnotisere,hypnotiser,V;ACT;IMP,0.0,1.1666666666666666e-06
idiotsikre,idiotsikredes,V;PASS;IND;PST,0.0,0.0
idiotsikre,idiotsikrede,V;ACT;IND;PST,0.0,0.0
idiotsikre,idiotsikrer,V;ACT;IND;PRS,0.0,0.0
idiotsikre,idiotsikres,V;PASS;IND;PRS,0.0,0.0
idiotsikre,idiotsikre,V;ACT;NFIN,0.0,0.0
idiotsikre,idiotsikr,V;ACT;IMP,0.0,0.0
idolisere,idoliseredes,V;PASS;IND;PST,0.0,1.6666666666666665e-07
idolisere,idoliserede,V;ACT;IND;PST,1e-06,1.6666666666666665e-07
idolisere,idoliserer,V;ACT;IND;PRS,0.0,1.6666666666666665e-07
idolisere,idoliseres,V;PASS;IND;PRS,0.0,1.6666666666666665e-07
idolisere,idolisere,V;ACT;NFIN,0.0,1.6666666666666665e-07
idolisere,idoliser,V;ACT;IMP,0.0,1.6666666666666665e-07
imitere,imiteredes,V;PASS;IND;PST,0.0,4.833333333333333e-06
imitere,imiterede,V;ACT;IND;PST,3e-06,4.833333333333333e-06
imitere,imiterer,V;ACT;IND;PRS,1e-05,4.833333333333333e-06
imitere,imiteres,V;PASS;IND;PRS,1e-06,4.833333333333333e-06
imitere,imitere,V;ACT;NFIN,1.5e-05,4.833333333333333e-06
imitere,imiter,V;ACT;IMP,0.0,4.833333333333333e-06
indhøste,indhøstedes,V;PASS;IND;PST,0.0,1.1666666666666666e-06
indhøste,indhøstede,V;ACT;IND;PST,5e-06,1.1666666666666666e-06
indhøste,indhøster,V;ACT;IND;PRS,0.0,1.1666666666666666e-06
indhøste,indhøstes,V;PASS;IND;PRS,1e-06,1.1666666666666666e-06
indhøste,indhøste,V;ACT;NFIN,1e-06,1.1666666666666666e-06
indhøste,indhøst,V;ACT;IMP,0.0,1.1666666666666666e-06
indtaste,indtastedes,V;PASS;IND;PST,0.0,5.816666666666666e-05
indtaste,indtastede,V;ACT;IND;PST,3e-05,5.816666666666666e-05
indtaste,indtaster,V;ACT;IND;PRS,7.5e-05,5.816666666666666e-05
indtaste,indtastes,V;PASS;IND;PRS,2.7e-05,5.816666666666666e-05
indtaste,indtaste,V;ACT;NFIN,0.000179,5.816666666666666e-05
indtaste,indtast,V;ACT;IMP,3.8e-05,5.816666666666666e-05
inficere,inficeredes,V;PASS;IND;PST,1e-06,7.833333333333333e-06
inficere,inficerede,V;ACT;IND;PST,2.5e-05,7.833333333333333e-06
inficere,inficerer,V;ACT;IND;PRS,8e-06,7.833333333333333e-06
inficere,inficeres,V;PASS;IND;PRS,2e-06,7.833333333333333e-06
inficere,inficere,V;ACT;NFIN,1.1e-05,7.833333333333333e-06
inficere,inficer,V;ACT;IMP,0.0,7.833333333333333e-06
inspicere,inspiceredes,V;PASS;IND;PST,0.0,5.166666666666667e-06
inspicere,inspicerede,V;ACT;IND;PST,1e-06,5.166666666666667e-06
inspicere,inspicerer,V;ACT;IND;PRS,8e-06,5.166666666666667e-06
inspicere,inspiceres,V;PASS;IND;PRS,1e-05,5.166666666666667e-06
inspicere,inspicere,V;ACT;NFIN,1.2e-05,5.166666666666667e-06
inspicere,inspicer,V;ACT;IMP,0.0,5.166666666666667e-06
integrere,integreredes,V;PASS;IND;PST,0.0,6.883333333333333e-05
integrere,integrerede,V;ACT;IND;PST,0.000134,6.883333333333333e-05
integrere,integrerer,V;ACT;IND;PRS,3.6e-05,6.883333333333333e-05
integrere,integreres,V;PASS;IND;PRS,8.6e-05,6.883333333333333e-05
integrere,integrere,V;ACT;NFIN,0.000155,6.883333333333333e-05
integrere,integrer,V;ACT;IMP,2e-06,6.883333333333333e-05
intimidere,intimideredes,V;PASS;IND;PST,0.0,6.666666666666666e-07
intimidere,intimiderede,V;ACT;IND;PST,1e-06,6.666666666666666e-07
intimidere,intimiderer,V;ACT;IND;PRS,0.0,6.666666666666666e-07
intimidere,intimideres,V;PASS;IND;PRS,0.0,6.666666666666666e-07
intimidere,intimidere,V;ACT;NFIN,3e-06,6.666666666666666e-07
intimidere,intimider,V;ACT;IMP,0.0,6.666666666666666e-07
jorde,jordedes,V;PASS;IND;PST,0.0,0.00016683333333333331
jorde,jordede,V;ACT;IND;PST,5e-06,0.00016683333333333331
jorde,jorder,V;ACT;IND;PRS,3.6e-05,0.00016683333333333331
jorde,jordes,V;PASS;IND;PRS,1e-06,0.00016683333333333331
jorde,jorde,V;ACT;NFIN,2.6e-05,0.00016683333333333331
jorde,jord,V;ACT;IMP,0.000933,0.00016683333333333331
juble,jubledes,V;PASS;IND;PST,0.0,9.999999999999999e-06
juble,jublede,V;ACT;IND;PST,1.2e-05,9.999999999999999e-06
juble,jubler,V;ACT;IND;PRS,2.2e-05,9.999999999999999e-06
juble,jubles,V;PASS;IND;PRS,0.0,9.999999999999999e-06
juble,juble,V;ACT;NFIN,2.6e-05,9.999999999999999e-06
juble,jubl,V;ACT;IMP,0.0,9.999999999999999e-06
justere,justeredes,V;PASS;IND;PST,1e-06,9.45e-05
justere,justerede,V;ACT;IND;PST,1.2e-05,9.45e-05
justere,justerer,V;ACT;IND;PRS,5.9e-05,9.45e-05
justere,justeres,V;PASS;IND;PRS,0.000224,9.45e-05
justere,justere,V;ACT;NFIN,0.00026,9.45e-05
justere,juster,V;ACT;IMP,1.1e-05,9.45e-05
kæle,kæledes,V;PASS;IND;PST,0.0,1.8666666666666665e-05
kæle,kælede,V;ACT;IND;PST,3.8e-05,1.8666666666666665e-05
kæle,kæler,V;ACT;IND;PRS,2.1e-05,1.8666666666666665e-05
kæle,kæles,V;PASS;IND;PRS,7e-06,1.8666666666666665e-05
kæle,kæle,V;ACT;NFIN,4.3e-05,1.8666666666666665e-05
kæle,kæl,V;ACT;IMP,3e-06,1.8666666666666665e-05
kalkulere,kalkuleredes,V;PASS;IND;PST,0.0,2.3333333333333336e-06
kalkulere,kalkulerede,V;ACT;IND;PST,4e-06,2.3333333333333336e-06
kalkulere,kalkulerer,V;ACT;IND;PRS,0.0,2.3333333333333336e-06
kalkulere,kalkuleres,V;PASS;IND;PRS,3e-06,2.3333333333333336e-06
kalkulere,kalkulere,V;ACT;NFIN,6e-06,2.3333333333333336e-06
kalkulere,kalkuler,V;ACT;IMP,1e-06,2.3333333333333336e-06
kandisere,kandiseredes,V;PASS;IND;PST,0.0,1.3333333333333332e-06
kandisere,kandiserede,V;ACT;IND;PST,7e-06,1.3333333333333332e-06
kandisere,kandiserer,V;ACT;IND;PRS,0.0,1.3333333333333332e-06
kandisere,kandiseres,V;PASS;IND;PRS,1e-06,1.3333333333333332e-06
kandisere,kandisere,V;ACT;NFIN,0.0,1.3333333333333332e-06
kandisere,kandiser,V;ACT;IMP,0.0,1.3333333333333332e-06
klare,klaredes,V;PASS;IND;PST,0.0,0.0012618333333333333
klare,klarede,V;ACT;IND;PST,0.000185,0.0012618333333333333
klare,klarer,V;ACT;IND;PRS,0.000473,0.0012618333333333333
klare,klares,V;PASS;IND;PRS,0.000109,0.0012618333333333333
klare,klare,V;ACT;NFIN,0.001631,0.0012618333333333333
klare,klar,V;ACT;IMP,0.005173,0.0012618333333333333
knalde,knaldedes,V;PASS;IND;PST,0.0,1.45e-05
knalde,knaldede,V;ACT;IND;PST,6e-06,1.45e-05
knalde,knalder,V;ACT;IND;PRS,1e-05,1.45e-05
knalde,knaldes,V;PASS;IND;PRS,1e-06,1.45e-05
knalde,knalde,V;ACT;NFIN,1e-05,1.45e-05
knalde,knald,V;ACT;IMP,6e-05,1.45e-05
kommentere,kommenteredes,V;PASS;IND;PST,0.0,5.0333333333333335e-05
kommentere,kommenterede,V;ACT;IND;PST,4e-05,5.0333333333333335e-05
kommentere,kommenterer,V;ACT;IND;PRS,6.9e-05,5.0333333333333335e-05
kommentere,kommenteres,V;PASS;IND;PRS,1e-05,5.0333333333333335e-05
kommentere,kommentere,V;ACT;NFIN,0.000181,5.0333333333333335e-05
kommentere,kommenter,V;ACT;IMP,2e-06,5.0333333333333335e-05
kommutere,kommuteredes,V;PASS;IND;PST,0.0,0.0
kommutere,kommuterede,V;ACT;IND;PST,0.0,0.0
kommutere,kommuterer,V;ACT;IND;PRS,0.0,0.0
kommutere,kommuteres,V;PASS;IND;PRS,0.0,0.0
kommutere,kommutere,V;ACT;NFIN,0.0,0.0
kommutere,kommuter,V;ACT;IMP,0.0,0.0
komplimentere,komplimenteredes,V;PASS;IND;PST,0.0,1.0333333333333333e-05
komplimentere,komplimenterede,V;ACT;IND;PST,1e-06,1.0333333333333333e-05
komplimentere,komplimenterer,V;ACT;IND;PRS,2.7e-05,1.0333333333333333e-05
komplimentere,komplimenteres,V;PASS;IND;PRS,2e-06,1.0333333333333333e-05
komplimentere,komplimentere,V;ACT;NFIN,8e-06,1.0333333333333333e-05
komplimentere,komplimenter,V;ACT;IMP,2.4e-05,1.0333333333333333e-05
kondolere,kondoleredes,V;PASS;IND;PST,0.0,1.6666666666666665e-07
kondolere,kondolerede,V;ACT;IND;PST,0.0,1.6666666666666665e-07
kondolere,kondolerer,V;ACT;IND;PRS,0.0,1.6666666666666665e-07
kondolere,kondoleres,V;PASS;IND;PRS,0.0,1.6666666666666665e-07
kondolere,kondolere,V;ACT;NFIN,1e-06,1.6666666666666665e-07
kondolere,kondoler,V;ACT;IMP,0.0,1.6666666666666665e-07
konfiskere,konfiskeredes,V;PASS;IND;PST,0.0,3.333333333333333e-06
konfiskere,konfiskerede,V;ACT;IND;PST,6e-06,3.333333333333333e-06
konfiskere,konfiskerer,V;ACT;IND;PRS,3e-06,3.333333333333333e-06
konfiskere,konfiskeres,V;PASS;IND;PRS,3e-06,3.333333333333333e-06
konfiskere,konfiskere,V;ACT;NFIN,8e-06,3.333333333333333e-06
konfiskere,konfisker,V;ACT;IMP,0.0,3.333333333333333e-06
kopiere,kopieredes,V;PASS;IND;PST,0.0,4.9500000000000004e-05
kopiere,kopierede,V;ACT;IND;PST,1.8e-05,4.9500000000000004e-05
kopiere,kopierer,V;ACT;IND;PRS,3.4e-05,4.9500000000000004e-05
kopiere,kopieres,V;PASS;IND;PRS,1.9e-05,4.9500000000000004e-05
kopiere,kopiere,V;ACT;NFIN,0.000121,4.9500000000000004e-05
kopiere,kopier,V;ACT;IMP,0.000105,4.9500000000000004e-05
korrigere,korrigeredes,V;PASS;IND;PST,0.0,1.8999999999999998e-05
korrigere,korrigerede,V;ACT;IND;PST,3.2e-05,1.8999999999999998e-05
korrigere,korrigerer,V;ACT;IND;PRS,1.6e-05,1.8999999999999998e-05
korrigere,korrigeres,V;PASS;IND;PRS,2.9e-05,1.8999999999999998e-05
korrigere,korrigere,V;ACT;NFIN,3.5e-05,1.8999999999999998e-05
korrigere,korriger,V;ACT;IMP,2e-06,1.8999999999999998e-05
kradse,kradsedes,V;PASS;IND;PST,0.0,1.25e-05
kradse,kradsede,V;ACT;IND;PST,7e-06,1.25e-05
kradse,kradser,V;ACT;IND;PRS,4.1e-05,1.25e-05
kradse,kradses,V;PASS;IND;PRS,2e-06,1.25e-05
kradse,kradse,V;ACT;NFIN,2e-05,1.25e-05
kradse,krads,V;ACT;IMP,5e-06,1.25e-05
kræse,kræsedes,V;PASS;IND;PST,0.0,3.833333333333333e-06
kræse,kræsede,V;ACT;IND;PST,2e-06,3.833333333333333e-06
kræse,kræser,V;ACT;IND;PRS,6e-06,3.833333333333333e-06
kræse,kræses,V;PASS;IND;PRS,3e-06,3.833333333333333e-06
kræse,kræse,V;ACT;NFIN,4e-06,3.833333333333333e-06
kræse,kræs,V;ACT;IMP,8e-06,3.833333333333333e-06
kranse,kransedes,V;PASS;IND;PST,0.0,9.5e-06
kranse,kransede,V;ACT;IND;PST,0.0,9.5e-06
kranse,kranser,V;ACT;IND;PRS,2e-06,9.5e-06
kranse,kranses,V;PASS;IND;PRS,0.0,9.5e-06
kranse,kranse,V;ACT;NFIN,1.4e-05,9.5e-06
kranse,krans,V;ACT;IMP,4.1e-05,9.5e-06
kroge,krogedes,V;PASS;IND;PST,0.0,3.3333333333333335e-05
kroge,krogede,V;ACT;IND;PST,2.4e-05,3.3333333333333335e-05
kroge,kroger,V;ACT;IND;PRS,2e-06,3.3333333333333335e-05
kroge,kroges,V;PASS;IND;PRS,0.0,3.3333333333333335e-05
kroge,kroge,V;ACT;NFIN,7.8e-05,3.3333333333333335e-05
kroge,krog,V;ACT;IMP,9.6e-05,3.3333333333333335e-05
krystallisere,krystalliseredes,V;PASS;IND;PST,0.0,1e-06
krystallisere,krystalliserede,V;ACT;IND;PST,0.0,1e-06
krystallisere,krystalliserer,V;ACT;IND;PRS,3e-06,1e-06
krystallisere,krystalliseres,V;PASS;IND;PRS,1e-06,1e-06
krystallisere,krystallisere,V;ACT;NFIN,2e-06,1e-06
krystallisere,krystalliser,V;ACT;IMP,0.0,1e-06
kue,kuedes,V;PASS;IND;PST,0.0,1.0666666666666666e-05
kue,kuede,V;ACT;IND;PST,0.0,1.0666666666666666e-05
kue,kuer,V;ACT;IND;PRS,0.0,1.0666666666666666e-05
kue,kues,V;PASS;IND;PRS,0.0,1.0666666666666666e-05
kue,kue,V;ACT;NFIN,9e-06,1.0666666666666666e-05
kue,ku,V;ACT;IMP,5.5e-05,1.0666666666666666e-05
kurere,kureredes,V;PASS;IND;PST,0.0,7.499999999999999e-06
kurere,kurerede,V;ACT;IND;PST,3e-06,7.499999999999999e-06
kurere,kurerer,V;ACT;IND;PRS,6e-06,7.499999999999999e-06
kurere,kureres,V;PASS;IND;PRS,1e-05,7.499999999999999e-06
kurere,kurere,V;ACT;NFIN,2e-05,7.499999999999999e-06
kurere,kurer,V;ACT;IMP,6e-06,7.499999999999999e-06
kværke,kværkedes,V;PASS;IND;PST,0.0,0.0
kværke,kværkede,V;ACT;IND;PST,0.0,0.0
kværke,kværker,V;ACT;IND;PRS,0.0,0.0
kværke,kværkes,V;PASS;IND;PRS,0.0,0.0
kværke,kværke,V;ACT;NFIN,0.0,0.0
kværke,kværk,V;ACT;IMP,0.0,0.0
kvantificere,kvantificeredes,V;PASS;IND;PST,0.0,1.5e-06
kvantificere,kvantificerede,V;ACT;IND;PST,0.0,1.5e-06
kvantificere,kvantificerer,V;ACT;IND;PRS,0.0,1.5e-06
kvantificere,kvantificeres,V;PASS;IND;PRS,2e-06,1.5e-06
kvantificere,kvantificere,V;ACT;NFIN,7e-06,1.5e-06
kvantificere,kvantificer,V;ACT;IMP,0.0,1.5e-06
laste,lastedes,V;PASS;IND;PST,0.0,2.2666666666666668e-05
laste,lastede,V;ACT;IND;PST,8e-06,2.2666666666666668e-05
laste,laster,V;ACT;IND;PRS,1.4e-05,2.2666666666666668e-05
laste,lastes,V;PASS;IND;PRS,8e-06,2.2666666666666668e-05
laste,laste,V;ACT;NFIN,1.8e-05,2.2666666666666668e-05
laste,last,V;ACT;IMP,8.8e-05,2.2666666666666668e-05
lykønske,lykønskedes,V;PASS;IND;PST,0.0,3.1666666666666667e-06
lykønske,lykønskede,V;ACT;IND;PST,3e-06,3.1666666666666667e-06
lykønske,lykønsker,V;ACT;IND;PRS,4e-06,3.1666666666666667e-06
lykønske,lykønskes,V;PASS;IND;PRS,2e-06,3.1666666666666667e-06
lykønske,lykønske,V;ACT;NFIN,1e-05,3.1666666666666667e-06
lykønske,lykønsk,V;ACT;IMP,0.0,3.1666666666666667e-06
lystre,lystredes,V;PASS;IND;PST,0.0,2.6666666666666673e-06
lystre,lystrede,V;ACT;IND;PST,3e-06,2.6666666666666673e-06
lystre,lystrer,V;ACT;IND;PRS,3e-06,2.6666666666666673e-06
lystre,lystres,V;PASS;IND;PRS,0.0,2.6666666666666673e-06
lystre,lystre,V;ACT;NFIN,1e-05,2.6666666666666673e-06
lystre,lystr,V;ACT;IMP,0.0,2.6666666666666673e-06
måbe,måbedes,V;PASS;IND;PST,0.0,1e-06
måbe,måbede,V;ACT;IND;PST,1e-06,1e-06
måbe,måber,V;ACT;IND;PRS,1e-06,1e-06
måbe,måbes,V;PASS;IND;PRS,0.0,1e-06
måbe,måbe,V;ACT;NFIN,4e-06,1e-06
måbe,måb,V;ACT;IMP,0.0,1e-06
magre,magredes,V;PASS;IND;PST,0.0,5.333333333333333e-06
magre,magrede,V;ACT;IND;PST,0.0,5.333333333333333e-06
magre,magrer,V;ACT;IND;PRS,0.0,5.333333333333333e-06
magre,magres,V;PASS;IND;PRS,0.0,5.333333333333333e-06
magre,magre,V;ACT;NFIN,3.2e-05,5.333333333333333e-06
magre,magr,V;ACT;IMP,0.0,5.333333333333333e-06
malke,malkedes,V;PASS;IND;PST,0.0,8.666666666666666e-06
malke,malkede,V;ACT;IND;PST,8e-06,8.666666666666666e-06
malke,malker,V;ACT;IND;PRS,1.3e-05,8.666666666666666e-06
malke,malkes,V;PASS;IND;PRS,7e-06,8.666666666666666e-06
malke,malke,V;ACT;NFIN,2.3e-05,8.666666666666666e-06
malke,malk,V;ACT;IMP,1e-06,8.666666666666666e-06
marinere,marineredes,V;PASS;IND;PST,0.0,6.166666666666666e-06
marinere,marinerede,V;ACT;IND;PST,1.4e-05,6.166666666666666e-06
marinere,marinerer,V;ACT;IND;PRS,3e-06,6.166666666666666e-06
marinere,marineres,V;PASS;IND;PRS,6e-06,6.166666666666666e-06
marinere,marinere,V;ACT;NFIN,1.2e-05,6.166666666666666e-06
marinere,mariner,V;ACT;IMP,2e-06,6.166666666666666e-06
markere,markeredes,V;PASS;IND;PST,3e-06,0.00013500000000000003
markere,markerede,V;ACT;IND;PST,0.00011,0.00013500000000000003
markere,markerer,V;ACT;IND;PRS,0.000183,0.00013500000000000003
markere,markeres,V;PASS;IND;PRS,7.2e-05,0.00013500000000000003
markere,markere,V;ACT;NFIN,0.000172,0.00013500000000000003
markere,marker,V;ACT;IMP,0.00027,0.00013500000000000003
miste,mistedes,V;PASS;IND;PST,0.0,0.00022316666666666665
miste,mistede,V;ACT;IND;PST,0.000344,0.00022316666666666665
miste,mister,V;ACT;IND;PRS,0.000532,0.00022316666666666665
miste,mistes,V;PASS;IND;PRS,2.5e-05,0.00022316666666666665
miste,miste,V;ACT;NFIN,0.000427,0.00022316666666666665
miste,mist,V;ACT;IMP,1.1e-05,0.00022316666666666665
modulere,moduleredes,V;PASS;IND;PST,0.0,2.9166666666666666e-05
modulere,modulerede,V;ACT;IND;PST,0.0,2.9166666666666666e-05
modulere,modulerer,V;ACT;IND;PRS,2e-06,2.9166666666666666e-05
modulere,moduleres,V;PASS;IND;PRS,3e-06,2.9166666666666666e-05
modulere,modulere,V;ACT;NFIN,2e-06,2.9166666666666666e-05
modulere,moduler,V;ACT;IMP,0.000168,2.9166666666666666e-05
montere,monteredes,V;PASS;IND;PST,0.0,0.00011966666666666667
montere,monterede,V;ACT;IND;PST,2.4e-05,0.00011966666666666667
montere,monterer,V;ACT;IND;PRS,5.7e-05,0.00011966666666666667
montere,monteres,V;PASS;IND;PRS,0.000354,0.00011966666666666667
montere,montere,V;ACT;NFIN,0.000277,0.00011966666666666667
montere,monter,V;ACT;IMP,6e-06,0.00011966666666666667
motivere,motiveredes,V;PASS;IND;PST,1e-06,0.00011333333333333334
motivere,motiverede,V;ACT;IND;PST,6.4e-05,0.00011333333333333334
motivere,motiverer,V;ACT;IND;PRS,8.4e-05,0.00011333333333333334
motivere,motiveres,V;PASS;IND;PRS,3.3e-05,0.00011333333333333334
motivere,motivere,V;ACT;NFIN,0.000174,0.00011333333333333334
motivere,motiver,V;ACT;IMP,0.000324,0.00011333333333333334
mumle,mumledes,V;PASS;IND;PST,0.0,6.666666666666666e-06
mumle,mumlede,V;ACT;IND;PST,2.6e-05,6.666666666666666e-06
mumle,mumler,V;ACT;IND;PRS,3e-06,6.666666666666666e-06
mumle,mumles,V;PASS;IND;PRS,0.0,6.666666666666666e-06
mumle,mumle,V;ACT;NFIN,1.1e-05,6.666666666666666e-06
mumle,muml,V;ACT;IMP,0.0,6.666666666666666e-06
nære,næredes,V;PASS;IND;PST,0.0,0.0002516666666666667
nære,nærede,V;ACT;IND;PST,8e-06,0.0002516666666666667
nære,nærer,V;ACT;IND;PRS,6.1e-05,0.0002516666666666667
nære,næres,V;PASS;IND;PRS,1.2e-05,0.0002516666666666667
nære,nære,V;ACT;NFIN,0.000235,0.0002516666666666667
nære,nær,V;ACT;IMP,0.001194,0.0002516666666666667
nidstirre,nidstirredes,V;PASS;IND;PST,0.0,1.6666666666666665e-07
nidstirre,nidstirrede,V;ACT;IND;PST,0.0,1.6666666666666665e-07
nidstirre,nidstirrer,V;ACT;IND;PRS,0.0,1.6666666666666665e-07
nidstirre,nidstirres,V;PASS;IND;PRS,0.0,1.6666666666666665e-07
nidstirre,nidstirre,V;ACT;NFIN,1e-06,1.6666666666666665e-07
nidstirre,nidstir,V;ACT;IMP,0.0,1.6666666666666665e-07
øge,øgedes,V;PASS;IND;PST,9e-06,0.0004138333333333333
øge,øgede,V;ACT;IND;PST,0.000348,0.0004138333333333333
øge,øger,V;ACT;IND;PRS,0.000662,0.0004138333333333333
øge,øges,V;PASS;IND;PRS,0.000297,0.0004138333333333333
øge,øge,V;ACT;NFIN,0.001152,0.0004138333333333333
øge,øg,V;ACT;IMP,1.5e-05,0.0004138333333333333
operere,opereredes,V;PASS;IND;PST,0.0,4.25e-05
operere,opererede,V;ACT;IND;PST,2.5e-05,4.25e-05
operere,opererer,V;ACT;IND;PRS,0.000119,4.25e-05
operere,opereres,V;PASS;IND;PRS,4.5e-05,4.25e-05
operere,operere,V;ACT;NFIN,6.3e-05,4.25e-05
operere,operer,V;ACT;IMP,3e-06,4.25e-05
opfostre,opfostredes,V;PASS;IND;PST,0.0,1.8333333333333333e-06
opfostre,opfostrede,V;ACT;IND;PST,1e-06,1.8333333333333333e-06
opfostre,opfostrer,V;ACT;IND;PRS,1e-06,1.8333333333333333e-06
opfostre,opfostres,V;PASS;IND;PRS,2e-06,1.8333333333333333e-06
opfostre,opfostre,V;ACT;NFIN,7e-06,1.8333333333333333e-06
opfostre,opfostr,V;ACT;IMP,0.0,1.8333333333333333e-06
ordinere,ordineredes,V;PASS;IND;PST,0.0,3.833333333333333e-06
ordinere,ordinerede,V;ACT;IND;PST,4e-06,3.833333333333333e-06
ordinere,ordinerer,V;ACT;IND;PRS,4e-06,3.833333333333333e-06
ordinere,ordineres,V;PASS;IND;PRS,7e-06,3.833333333333333e-06
ordinere,ordinere,V;ACT;NFIN,8e-06,3.833333333333333e-06
ordinere,ordiner,V;ACT;IMP,0.0,3.833333333333333e-06
organisere,organiseredes,V;PASS;IND;PST,3e-06,5.366666666666667e-05
organisere,organiserede,V;ACT;IND;PST,6.2e-05,5.366666666666667e-05
organisere,organiserer,V;ACT;IND;PRS,7.9e-05,5.366666666666667e-05
organisere,organiseres,V;PASS;IND;PRS,4.8e-05,5.366666666666667e-05
organisere,organisere,V;ACT;NFIN,0.000126,5.366666666666667e-05
organisere,organiser,V;ACT;IMP,4e-06,5.366666666666667e-05
oxidere,oxideredes,V;PASS;IND;PST,0.0,4.333333333333334e-06
oxidere,oxiderede,V;ACT;IND;PST,6e-06,4.333333333333334e-06
oxidere,oxiderer,V;ACT;IND;PRS,3e-06,4.333333333333334e-06
oxidere,oxideres,V;PASS;IND;PRS,5e-06,4.333333333333334e-06
oxidere,oxidere,V;ACT;NFIN,7e-06,4.333333333333334e-06
oxidere,oxider,V;ACT;IMP,5e-06,4.333333333333334e-06
panere,paneredes,V;PASS;IND;PST,0.0,8.333333333333332e-07
panere,panerede,V;ACT;IND;PST,1e-06,8.333333333333332e-07
panere,panerer,V;ACT;IND;PRS,2e-06,8.333333333333332e-07
panere,paneres,V;PASS;IND;PRS,2e-06,8.333333333333332e-07
panere,panere,V;ACT;NFIN,0.0,8.333333333333332e-07
panere,paner,V;ACT;IMP,0.0,8.333333333333332e-07
parkere,parkeredes,V;PASS;IND;PST,0.0,5.95e-05
parkere,parkerede,V;ACT;IND;PST,2.3e-05,5.95e-05
parkere,parkerer,V;ACT;IND;PRS,2.6e-05,5.95e-05
parkere,parkeres,V;PASS;IND;PRS,3.2e-05,5.95e-05
parkere,parkere,V;ACT;NFIN,0.000135,5.95e-05
parkere,parker,V;ACT;IMP,0.000141,5.95e-05
plombere,plomberedes,V;PASS;IND;PST,0.0,3.333333333333333e-07
plombere,plomberede,V;ACT;IND;PST,0.0,3.333333333333333e-07
plombere,plomberer,V;ACT;IND;PRS,0.0,3.333333333333333e-07
plombere,plomberes,V;PASS;IND;PRS,0.0,3.333333333333333e-07
plombere,plombere,V;ACT;NFIN,2e-06,3.333333333333333e-07
plombere,plomber,V;ACT;IMP,0.0,3.333333333333333e-07
purere,pureredes,V;PASS;IND;PST,0.0,1.1666666666666666e-06
purere,purerede,V;ACT;IND;PST,1e-06,1.1666666666666666e-06
purere,purerer,V;ACT;IND;PRS,0.0,1.1666666666666666e-06
purere,pureres,V;PASS;IND;PRS,3e-06,1.1666666666666666e-06
purere,purere,V;ACT;NFIN,1e-06,1.1666666666666666e-06
purere,purer,V;ACT;IMP,2e-06,1.1666666666666666e-06
pynte,pyntedes,V;PASS;IND;PST,1e-06,9.466666666666667e-05
pynte,pyntede,V;ACT;IND;PST,2.2e-05,9.466666666666667e-05
pynte,pynter,V;ACT;IND;PRS,8.5e-05,9.466666666666667e-05
pynte,pyntes,V;PASS;IND;PRS,4.1e-05,9.466666666666667e-05
pynte,pynte,V;ACT;NFIN,0.000166,9.466666666666667e-05
pynte,pynt,V;ACT;IMP,0.000253,9.466666666666667e-05
regulere,reguleredes,V;PASS;IND;PST,0.0,7.033333333333334e-05
regulere,regulerede,V;ACT;IND;PST,1.7e-05,7.033333333333334e-05
regulere,regulerer,V;ACT;IND;PRS,0.000105,7.033333333333334e-05
regulere,reguleres,V;PASS;IND;PRS,0.00015,7.033333333333334e-05
regulere,regulere,V;ACT;NFIN,0.000148,7.033333333333334e-05
regulere,reguler,V;ACT;IMP,2e-06,7.033333333333334e-05
rekvirere,rekvireredes,V;PASS;IND;PST,0.0,1.0666666666666666e-05
rekvirere,rekvirerede,V;ACT;IND;PST,6e-06,1.0666666666666666e-05
rekvirere,rekvirerer,V;ACT;IND;PRS,4e-06,1.0666666666666666e-05
rekvirere,rekvireres,V;PASS;IND;PRS,1.8e-05,1.0666666666666666e-05
rekvirere,rekvirere,V;ACT;NFIN,3.4e-05,1.0666666666666666e-05
rekvirere,rekvirer,V;ACT;IMP,2e-06,1.0666666666666666e-05
renovere,renoveredes,V;PASS;IND;PST,1e-06,3.066666666666666e-05
renovere,renoverede,V;ACT;IND;PST,3.9e-05,3.066666666666666e-05
renovere,renoverer,V;ACT;IND;PRS,1.6e-05,3.066666666666666e-05
renovere,renoveres,V;PASS;IND;PRS,4.5e-05,3.066666666666666e-05
renovere,renovere,V;ACT;NFIN,8.3e-05,3.066666666666666e-05
renovere,renover,V;ACT;IMP,0.0,3.066666666666666e-05
reparere,repareredes,V;PASS;IND;PST,0.0,3.966666666666667e-05
reparere,reparerede,V;ACT;IND;PST,1e-05,3.966666666666667e-05
reparere,reparerer,V;ACT;IND;PRS,5.9e-05,3.966666666666667e-05
reparere,repareres,V;PASS;IND;PRS,4.8e-05,3.966666666666667e-05
reparere,reparere,V;ACT;NFIN,0.00012,3.966666666666667e-05
reparere,reparer,V;ACT;IMP,1e-06,3.966666666666667e-05
reservere,reserveredes,V;PASS;IND;PST,1e-06,3.6e-05
reservere,reserverede,V;ACT;IND;PST,2.2e-05,3.6e-05
reservere,reserverer,V;ACT;IND;PRS,2.3e-05,3.6e-05
reservere,reserveres,V;PASS;IND;PRS,3.7e-05,3.6e-05
reservere,reservere,V;ACT;NFIN,9.1e-05,3.6e-05
reservere,reserver,V;ACT;IMP,4.2e-05,3.6e-05
returnere,returneredes,V;PASS;IND;PST,0.0,4.55e-05
returnere,returnerede,V;ACT;IND;PST,2.6e-05,4.55e-05
returnere,returnerer,V;ACT;IND;PRS,5.8e-05,4.55e-05
returnere,returneres,V;PASS;IND;PRS,7.1e-05,4.55e-05
returnere,returnere,V;ACT;NFIN,0.000114,4.55e-05
returnere,returner,V;ACT;IMP,4e-06,4.55e-05
ringe,ringedes,V;PASS;IND;PST,0.0,0.000387
ringe,ringede,V;ACT;IND;PST,0.000248,0.000387
ringe,ringer,V;ACT;IND;PRS,0.000318,0.000387
ringe,ringes,V;PASS;IND;PRS,2.7e-05,0.000387
ringe,ringe,V;ACT;NFIN,0.001207,0.000387
ringe,ring,V;ACT;IMP,0.000522,0.000387
riste,ristedes,V;PASS;IND;PST,0.0,3.916666666666667e-05
riste,ristede,V;ACT;IND;PST,0.000102,3.916666666666667e-05
riste,rister,V;ACT;IND;PRS,9e-06,3.916666666666667e-05
riste,ristes,V;PASS;IND;PRS,2.5e-05,3.916666666666667e-05
riste,riste,V;ACT;NFIN,2.8e-05,3.916666666666667e-05
riste,rist,V;ACT;IMP,7.1e-05,3.916666666666667e-05
rokere,rokeredes,V;PASS;IND;PST,0.0,1.6666666666666665e-06
rokere,rokerede,V;ACT;IND;PST,1e-06,1.6666666666666665e-06
rokere,rokerer,V;ACT;IND;PRS,0.0,1.6666666666666665e-06
rokere,rokeres,V;PASS;IND;PRS,2e-06,1.6666666666666665e-06
rokere,rokere,V;ACT;NFIN,7e-06,1.6666666666666665e-06
rokere,roker,V;ACT;IMP,0.0,1.6666666666666665e-06
ryste,rystedes,V;PASS;IND;PST,1e-06,5.283333333333333e-05
ryste,rystede,V;ACT;IND;PST,9.7e-05,5.283333333333333e-05
ryste,ryster,V;ACT;IND;PRS,7.5e-05,5.283333333333333e-05
ryste,rystes,V;PASS;IND;PRS,3e-05,5.283333333333333e-05
ryste,ryste,V;ACT;NFIN,9.7e-05,5.283333333333333e-05
ryste,ryst,V;ACT;IMP,1.7e-05,5.283333333333333e-05
salte,saltedes,V;PASS;IND;PST,0.0,0.0002078333333333333
salte,saltede,V;ACT;IND;PST,2.2e-05,0.0002078333333333333
salte,salter,V;ACT;IND;PRS,6e-06,0.0002078333333333333
salte,saltes,V;PASS;IND;PRS,1e-05,0.0002078333333333333
salte,salte,V;ACT;NFIN,8.7e-05,0.0002078333333333333
salte,salt,V;ACT;IMP,0.001122,0.0002078333333333333
satse,satsedes,V;PASS;IND;PST,0.0,9.75e-05
satse,satsede,V;ACT;IND;PST,4.1e-05,9.75e-05
satse,satser,V;ACT;IND;PRS,0.000257,9.75e-05
satse,satses,V;PASS;IND;PRS,2.6e-05,9.75e-05
satse,satse,V;ACT;NFIN,0.000172,9.75e-05
satse,sats,V;ACT;IMP,8.9e-05,9.75e-05
savle,savledes,V;PASS;IND;PST,0.0,4.166666666666667e-06
savle,savlede,V;ACT;IND;PST,3e-06,4.166666666666667e-06
savle,savler,V;ACT;IND;PRS,8e-06,4.166666666666667e-06
savle,savles,V;PASS;IND;PRS,0.0,4.166666666666667e-06
savle,savle,V;ACT;NFIN,7e-06,4.166666666666667e-06
savle,savl,V;ACT;IMP,7e-06,4.166666666666667e-06
savne,savnedes,V;PASS;IND;PST,4e-06,9.616666666666666e-05
savne,savnede,V;ACT;IND;PST,7.8e-05,9.616666666666666e-05
savne,savner,V;ACT;IND;PRS,0.000357,9.616666666666666e-05
savne,savnes,V;PASS;IND;PRS,1.9e-05,9.616666666666666e-05
savne,savne,V;ACT;NFIN,9.2e-05,9.616666666666666e-05
savne,savn,V;ACT;IMP,2.7e-05,9.616666666666666e-05
sejle,sejledes,V;PASS;IND;PST,3e-06,0.00016966666666666668
sejle,sejlede,V;ACT;IND;PST,0.000155,0.00016966666666666668
sejle,sejler,V;ACT;IND;PRS,0.000344,0.00016966666666666668
sejle,sejles,V;PASS;IND;PRS,4.5e-05,0.00016966666666666668
sejle,sejle,V;ACT;NFIN,0.000355,0.00016966666666666668
sejle,sejl,V;ACT;IMP,0.000116,0.00016966666666666668
signere,signeredes,V;PASS;IND;PST,0.0,3.5000000000000004e-06
signere,signerede,V;ACT;IND;PST,7e-06,3.5000000000000004e-06
signere,signerer,V;ACT;IND;PRS,2e-06,3.5000000000000004e-06
signere,signeres,V;PASS;IND;PRS,1e-06,3.5000000000000004e-06
signere,signere,V;ACT;NFIN,1e-05,3.5000000000000004e-06
signere,signer,V;ACT;IMP,1e-06,3.5000000000000004e-06
skåle,skåledes,V;PASS;IND;PST,0.0,0.00010499999999999999
skåle,skålede,V;ACT;IND;PST,2e-06,0.00010499999999999999
skåle,skåler,V;ACT;IND;PRS,1e-05,0.00010499999999999999
skåle,skåles,V;PASS;IND;PRS,1e-06,0.00010499999999999999
skåle,skåle,V;ACT;NFIN,0.00011,0.00010499999999999999
skåle,skål,V;ACT;IMP,0.000507,0.00010499999999999999
snuble,snubledes,V;PASS;IND;PST,0.0,3.833333333333334e-06
snuble,snublede,V;ACT;IND;PST,6e-06,3.833333333333334e-06
snuble,snubler,V;ACT;IND;PRS,8e-06,3.833333333333334e-06
snuble,snubles,V;PASS;IND;PRS,0.0,3.833333333333334e-06
snuble,snuble,V;ACT;NFIN,9e-06,3.833333333333334e-06
snuble,snubl,V;ACT;IMP,0.0,3.833333333333334e-06
strande,strandedes,V;PASS;IND;PST,0.0,0.0001445
strande,strandede,V;ACT;IND;PST,2.4e-05,0.0001445
strande,strander,V;ACT;IND;PRS,9e-06,0.0001445
strande,strandes,V;PASS;IND;PRS,0.0,0.0001445
strande,strande,V;ACT;NFIN,0.000372,0.0001445
strande,strand,V;ACT;IMP,0.000462,0.0001445
studere,studeredes,V;PASS;IND;PST,0.0,7.1e-05
studere,studerede,V;ACT;IND;PST,7.3e-05,7.1e-05
studere,studerer,V;ACT;IND;PRS,9.1e-05,7.1e-05
studere,studeres,V;PASS;IND;PRS,2e-05,7.1e-05
studere,studere,V;ACT;NFIN,0.000237,7.1e-05
studere,studer,V;ACT;IMP,5e-06,7.1e-05
substituere,substitueredes,V;PASS;IND;PST,0.0,8.333333333333332e-07
substituere,substituerede,V;ACT;IND;PST,0.0,8.333333333333332e-07
substituere,substituerer,V;ACT;IND;PRS,1e-06,8.333333333333332e-07
substituere,substitueres,V;PASS;IND;PRS,2e-06,8.333333333333332e-07
substituere,substituere,V;ACT;NFIN,2e-06,8.333333333333332e-07
substituere,substituer,V;ACT;IMP,0.0,8.333333333333332e-07
suggerere,suggereredes,V;PASS;IND;PST,0.0,5e-07
suggerere,suggererede,V;ACT;IND;PST,0.0,5e-07
suggerere,suggererer,V;ACT;IND;PRS,0.0,5e-07
suggerere,suggereres,V;PASS;IND;PRS,0.0,5e-07
suggerere,suggerere,V;ACT;NFIN,2e-06,5e-07
suggerere,suggerer,V;ACT;IMP,1e-06,5e-07
svare,svaredes,V;PASS;IND;PST,2e-06,0.0007523333333333333
svare,svarede,V;ACT;IND;PST,0.000441,0.0007523333333333333
svare,svarer,V;ACT;IND;PRS,0.001357,0.0007523333333333333
svare,svares,V;PASS;IND;PRS,2.6e-05,0.0007523333333333333
svare,svare,V;ACT;NFIN,0.000734,0.0007523333333333333
svare,svar,V;ACT;IMP,0.001954,0.0007523333333333333
svigte,svigtedes,V;PASS;IND;PST,0.0,3.8499999999999994e-05
svigte,svigtede,V;ACT;IND;PST,2.1e-05,3.8499999999999994e-05
svigte,svigter,V;ACT;IND;PRS,9.1e-05,3.8499999999999994e-05
svigte,svigtes,V;PASS;IND;PRS,5e-06,3.8499999999999994e-05
svigte,svigte,V;ACT;NFIN,4.2e-05,3.8499999999999994e-05
svigte,svigt,V;ACT;IMP,7.2e-05,3.8499999999999994e-05
svulme,svulmedes,V;PASS;IND;PST,0.0,3.1666666666666667e-06
svulme,svulmede,V;ACT;IND;PST,4e-06,3.1666666666666667e-06
svulme,svulmer,V;ACT;IND;PRS,8e-06,3.1666666666666667e-06
svulme,svulmes,V;PASS;IND;PRS,0.0,3.1666666666666667e-06
svulme,svulme,V;ACT;NFIN,7e-06,3.1666666666666667e-06
svulme,svulm,V;ACT;IMP,0.0,3.1666666666666667e-06
taste,tastedes,V;PASS;IND;PST,0.0,2.516666666666666e-05
taste,tastede,V;ACT;IND;PST,2e-06,2.516666666666666e-05
taste,taster,V;ACT;IND;PRS,6.9e-05,2.516666666666666e-05
taste,tastes,V;PASS;IND;PRS,1.2e-05,2.516666666666666e-05
taste,taste,V;ACT;NFIN,5.4e-05,2.516666666666666e-05
taste,tast,V;ACT;IMP,1.4e-05,2.516666666666666e-05
tatovere,tatoveredes,V;PASS;IND;PST,0.0,1.3333333333333332e-06
tatovere,tatoverede,V;ACT;IND;PST,5e-06,1.3333333333333332e-06
tatovere,tatoverer,V;ACT;IND;PRS,1e-06,1.3333333333333332e-06
tatovere,tatoveres,V;PASS;IND;PRS,2e-06,1.3333333333333332e-06
tatovere,tatovere,V;ACT;NFIN,0.0,1.3333333333333332e-06
tatovere,tatover,V;ACT;IMP,0.0,1.3333333333333332e-06
tortere,torteredes,V;PASS;IND;PST,0.0,1.6666666666666665e-07
tortere,torterede,V;ACT;IND;PST,0.0,1.6666666666666665e-07
tortere,torterer,V;ACT;IND;PRS,0.0,1.6666666666666665e-07
tortere,torteres,V;PASS;IND;PRS,0.0,1.6666666666666665e-07
tortere,tortere,V;ACT;NFIN,1e-06,1.6666666666666665e-07
tortere,torter,V;ACT;IMP,0.0,1.6666666666666665e-07
torturere,tortureredes,V;PASS;IND;PST,0.0,1.6666666666666665e-06
torturere,torturerede,V;ACT;IND;PST,3e-06,1.6666666666666665e-06
torturere,torturerer,V;ACT;IND;PRS,1e-06,1.6666666666666665e-06
torturere,tortureres,V;PASS;IND;PRS,0.0,1.6666666666666665e-06
torturere,torturere,V;ACT;NFIN,4e-06,1.6666666666666665e-06
torturere,torturer,V;ACT;IMP,2e-06,1.6666666666666665e-06
trolde,troldedes,V;PASS;IND;PST,0.0,9.5e-06
trolde,troldede,V;ACT;IND;PST,0.0,9.5e-06
trolde,trolder,V;ACT;IND;PRS,0.0,9.5e-06
trolde,troldes,V;PASS;IND;PRS,0.0,9.5e-06
trolde,trolde,V;ACT;NFIN,3.8e-05,9.5e-06
trolde,trold,V;ACT;IMP,1.9e-05,9.5e-06
udstråle,udstråledes,V;PASS;IND;PST,0.0,1.7500000000000002e-05
udstråle,udstrålede,V;ACT;IND;PST,1e-05,1.7500000000000002e-05
udstråle,udstråler,V;ACT;IND;PRS,7.3e-05,1.7500000000000002e-05
udstråle,udstråles,V;PASS;IND;PRS,0.0,1.7500000000000002e-05
udstråle,udstråle,V;ACT;NFIN,2.2e-05,1.7500000000000002e-05
udstråle,udstrål,V;ACT;IMP,0.0,1.7500000000000002e-05
udstyre,udstyredes,V;PASS;IND;PST,2e-06,0.00025583333333333334
udstyre,udstyrede,V;ACT;IND;PST,2.5e-05,0.00025583333333333334
udstyre,udstyrer,V;ACT;IND;PRS,7e-06,0.00025583333333333334
udstyre,udstyres,V;PASS;IND;PRS,3.3e-05,0.00025583333333333334
udstyre,udstyre,V;ACT;NFIN,2.7e-05,0.00025583333333333334
udstyre,udstyr,V;ACT;IMP,0.001441,0.00025583333333333334
variere,varieredes,V;PASS;IND;PST,0.0,0.000132
variere,varierede,V;ACT;IND;PST,0.000105,0.000132
variere,varierer,V;ACT;IND;PRS,0.000364,0.000132
variere,varieres,V;PASS;IND;PRS,3.6e-05,0.000132
variere,variere,V;ACT;NFIN,0.000283,0.000132
variere,varier,V;ACT;IMP,4e-06,0.000132
velsigne,velsignedes,V;PASS;IND;PST,0.0,6.333333333333333e-06
velsigne,velsignede,V;ACT;IND;PST,1e-05,6.333333333333333e-06
velsigne,velsigner,V;ACT;IND;PRS,1e-05,6.333333333333333e-06
velsigne,velsignes,V;PASS;IND;PRS,4e-06,6.333333333333333e-06
velsigne,velsigne,V;ACT;NFIN,1.4e-05,6.333333333333333e-06
velsigne,velsign,V;ACT;IMP,0.0,6.333333333333333e-06
ventilere,ventileredes,V;PASS;IND;PST,0.0,1.45e-05
ventilere,ventilerede,V;ACT;IND;PST,1.5e-05,1.45e-05
ventilere,ventilerer,V;ACT;IND;PRS,5e-06,1.45e-05
ventilere,ventileres,V;PASS;IND;PRS,1e-05,1.45e-05
ventilere,ventilere,V;ACT;NFIN,3e-06,1.45e-05
ventilere,ventiler,V;ACT;IMP,5.4e-05,1.45e-05
viske,viskedes,V;PASS;IND;PST,0.0,3.5e-06
viske,viskede,V;ACT;IND;PST,3e-06,3.5e-06
viske,visker,V;ACT;IND;PRS,8e-06,3.5e-06
viske,viskes,V;PASS;IND;PRS,3e-06,3.5e-06
viske,viske,V;ACT;NFIN,6e-06,3.5e-06
viske,visk,V;ACT;IMP,1e-06,3.5e-06
