lemma,form,paradigm_slot,form_freq,lemma_freq
amputirati,amputírajmo,V;IMP;1;PL,0.0,0.0
amputirati,amputírajo,V;IND;PRS;3;PL,0.0,0.0
amputirati,amputírajta,V;IMP;2;DU,0.0,0.0
amputirati,amputírajte,V;IMP;2;PL,0.0,0.0
amputirati,amputírajva,V;IMP;1;DU,0.0,0.0
amputirati,amputíraj,V;IMP;2;SG,0.0,0.0
amputirati,amputíramo,V;IND;PRS;1;PL,0.0,0.0
amputirati,amputíram,V;IND;PRS;1;SG,0.0,0.0
amputirati,amputíraš,V;IND;PRS;2;SG,0.0,0.0
amputirati,amputírata,V;IND;PRS;2;DU,0.0,0.0
amputirati,amputírata,V;IND;PRS;3;DU,0.0,0.0
amputirati,amputírate,V;IND;PRS;2;PL,0.0,0.0
amputirati,amputírati,V;NFIN,0.0,0.0
amputirati,amputírava,V;IND;PRS;1;DU,0.0,0.0
amputirati,amputíra,V;IND;PRS;3;SG,0.0,0.0
amputirati,bi amputíral,V;COND;PRS,0.0,0.0
amputirati,bi bil amputíral,V;COND;PST,0.0,0.0
amputirati,bom amputíral,V;IND;FUT,0.0,0.0
amputirati,sem amputíral,V;IND;PST,0.0,0.0
amputirati,sem bil amputíral,V;IND;PRF;PST,0.0,0.0
blagosloviti,bi bil blagoslôvil,V;COND;PST,0.0,0.0
blagosloviti,bi blagoslôvil,V;COND;PRS,0.0,0.0
blagosloviti,blagoslovíjo,V;IND;PRS;3;PL,0.0,0.0
blagosloviti,blagoslovímo,V;IMP;1;PL,0.0,0.0
blagosloviti,blagoslovímo,V;IND;PRS;1;PL,0.0,0.0
blagosloviti,blagoslovím,V;IND;PRS;1;SG,0.0,0.0
blagosloviti,blagoslovíš,V;IND;PRS;2;SG,0.0,0.0
blagosloviti,blagoslovíta,V;IMP;2;DU,0.0,0.0
blagosloviti,blagoslovíta,V;IND;PRS;2;DU,0.0,0.0
blagosloviti,blagoslovíta,V;IND;PRS;3;DU,0.0,0.0
blagosloviti,blagoslovíte,V;IMP;2;PL,0.0,0.0
blagosloviti,blagoslovíte,V;IND;PRS;2;PL,0.0,0.0
blagosloviti,blagoslovíti,V;NFIN,0.0,0.0
blagosloviti,blagoslovíva,V;IMP;1;DU,0.0,0.0
blagosloviti,blagoslovíva,V;IND;PRS;1;DU,0.0,0.0
blagosloviti,blagoslôvi,V;IMP;2;SG,0.0,0.0
blagosloviti,blagosloví,V;IND;PRS;3;SG,0.0,0.0
blagosloviti,bom blagoslôvil,V;IND;FUT,0.0,0.0
blagosloviti,sem bil blagoslôvil,V;IND;PRF;PST,0.0,0.0
blagosloviti,sem blagoslôvil,V;IND;PST,0.0,0.0
božati,bi bil bóžal,V;COND;PST,0.0,0.0
božati,bi bóžal,V;COND;PRS,0.0,0.0
božati,bom bóžal,V;IND;FUT,0.0,0.0
božati,bóžajmo,V;IMP;1;PL,0.0,0.0
božati,bóžajo,V;IND;PRS;3;PL,0.0,0.0
božati,bóžajta,V;IMP;2;DU,0.0,0.0
božati,bóžajte,V;IMP;2;PL,0.0,0.0
božati,bóžajva,V;IMP;1;DU,0.0,0.0
božati,bóžaj,V;IMP;2;SG,0.0,0.0
božati,bóžamo,V;IND;PRS;1;PL,0.0,0.0
božati,bóžam,V;IND;PRS;1;SG,0.0,0.0
božati,bóžaš,V;IND;PRS;2;SG,0.0,0.0
božati,bóžata,V;IND;PRS;2;DU,0.0,0.0
božati,bóžata,V;IND;PRS;3;DU,0.0,0.0
božati,bóžate,V;IND;PRS;2;PL,0.0,0.0
božati,bóžati,V;NFIN,0.0,0.0
božati,bóžava,V;IND;PRS;1;DU,0.0,0.0
božati,bóža,V;IND;PRS;3;SG,0.0,0.0
božati,sem bil bóžal,V;IND;PRF;PST,0.0,0.0
božati,sem bóžal,V;IND;PST,0.0,0.0
brati,bêrejo,V;IND;PRS;3;PL,0.0,0.0
brati,bêremo,V;IND;PRS;1;PL,0.0,0.0
brati,bêrem,V;IND;PRS;1;SG,0.0,0.0
brati,bêreš,V;IND;PRS;2;SG,0.0,0.0
brati,bêreta,V;IND;PRS;2;DU,0.0,0.0
brati,bêreta,V;IND;PRS;3;DU,0.0,0.0
brati,bêrete,V;IND;PRS;2;PL,0.0,0.0
brati,bêreva,V;IND;PRS;1;DU,0.0,0.0
brati,bêre,V;IND;PRS;3;SG,0.0,0.0
brati,berímo,V;IMP;1;PL,0.0,0.0
brati,beríta,V;IMP;2;DU,0.0,0.0
brati,beríte,V;IMP;2;PL,0.0,0.0
brati,beríva,V;IMP;1;DU,0.0,0.0
brati,bêri,V;IMP;2;SG,0.0,0.0
brati,bi bil brál,V;COND;PST,0.0,0.0
brati,bi brál,V;COND;PRS,0.0,0.0
brati,bom brál,V;IND;FUT,0.0,0.0
brati,bráti,V;NFIN,0.0,0.0
brati,sem bil brál,V;IND;PRF;PST,0.0,0.0
brati,sem brál,V;IND;PST,0.0,0.0
crkljati,bi bil crkljàl,V;COND;PST,0.0,0.0
crkljati,bi crkljàl,V;COND;PRS,0.0,0.0
crkljati,bom crkljàl,V;IND;FUT,0.0,0.0
crkljati,crkljájmo,V;IMP;1;PL,0.0,0.0
crkljati,crkljájo,V;IND;PRS;3;PL,0.0,0.0
crkljati,crkljájta,V;IMP;2;DU,0.0,0.0
crkljati,crkljájte,V;IMP;2;PL,0.0,0.0
crkljati,crkljájva,V;IMP;1;DU,0.0,0.0
crkljati,crkljàj,V;IMP;2;SG,0.0,0.0
crkljati,crkljámo,V;IND;PRS;1;PL,0.0,0.0
crkljati,crkljám,V;IND;PRS;1;SG,0.0,0.0
crkljati,crkljáš,V;IND;PRS;2;SG,0.0,0.0
crkljati,crkljáta,V;IND;PRS;2;DU,0.0,0.0
crkljati,crkljáta,V;IND;PRS;3;DU,0.0,0.0
crkljati,crkljáte,V;IND;PRS;2;PL,0.0,0.0
crkljati,crkljáti,V;NFIN,0.0,0.0
crkljati,crkljáva,V;IND;PRS;1;DU,0.0,0.0
crkljati,crkljá,V;IND;PRS;3;SG,0.0,0.0
crkljati,sem bil crkljàl,V;IND;PRF;PST,0.0,0.0
crkljati,sem crkljàl,V;IND;PST,0.0,0.0
deti,bi bil dél,V;COND;PST,0.0,5e-08
deti,bi dél,V;COND;PRS,0.0,5e-08
deti,bom dél,V;IND;FUT,0.0,5e-08
deti,dénejo,V;IND;PRS;3;PL,0.0,5e-08
deti,dénemo,V;IND;PRS;1;PL,0.0,5e-08
deti,dénem,V;IND;PRS;1;SG,0.0,5e-08
deti,déneš,V;IND;PRS;2;SG,0.0,5e-08
deti,déneta,V;IND;PRS;2;DU,0.0,5e-08
deti,déneta,V;IND;PRS;3;DU,0.0,5e-08
deti,dénete,V;IND;PRS;2;PL,0.0,5e-08
deti,déneva,V;IND;PRS;1;DU,0.0,5e-08
deti,déne,V;IND;PRS;3;SG,1e-06,5e-08
deti,denímo,V;IMP;1;PL,0.0,5e-08
deti,deníta,V;IMP;2;DU,0.0,5e-08
deti,deníte,V;IMP;2;PL,0.0,5e-08
deti,deníva,V;IMP;1;DU,0.0,5e-08
deti,dêni,V;IMP;2;SG,0.0,5e-08
deti,déti,V;NFIN,0.0,5e-08
deti,sem bil dél,V;IND;PRF;PST,0.0,5e-08
deti,sem dél,V;IND;PST,0.0,5e-08
dihati,bi bil díhal,V;COND;PST,0.0,0.0
dihati,bi díhal,V;COND;PRS,0.0,0.0
dihati,bom díhal,V;IND;FUT,0.0,0.0
dihati,díhajmo,V;IMP;1;PL,0.0,0.0
dihati,díhajo,V;IND;PRS;3;PL,0.0,0.0
dihati,díhajta,V;IMP;2;DU,0.0,0.0
dihati,díhajte,V;IMP;2;PL,0.0,0.0
dihati,díhajva,V;IMP;1;DU,0.0,0.0
dihati,díhaj,V;IMP;2;SG,0.0,0.0
dihati,díhamo,V;IND;PRS;1;PL,0.0,0.0
dihati,díham,V;IND;PRS;1;SG,0.0,0.0
dihati,díhaš,V;IND;PRS;2;SG,0.0,0.0
dihati,díhata,V;IND;PRS;2;DU,0.0,0.0
dihati,díhata,V;IND;PRS;3;DU,0.0,0.0
dihati,díhate,V;IND;PRS;2;PL,0.0,0.0
dihati,díhati,V;NFIN,0.0,0.0
dihati,díhava,V;IND;PRS;1;DU,0.0,0.0
dihati,díha,V;IND;PRS;3;SG,0.0,0.0
dihati,sem bil díhal,V;IND;PRF;PST,0.0,0.0
dihati,sem díhal,V;IND;PST,0.0,0.0
dotakniti se,bi bil dotáknil,V;COND;PST,0.0,0.0
dotakniti se,bi dotáknil,V;COND;PRS,0.0,0.0
dotakniti se,bom dotáknil,V;IND;FUT,0.0,0.0
dotakniti se,dotáknejo,V;IND;PRS;3;PL,0.0,0.0
dotakniti se,dotáknemo,V;IND;PRS;1;PL,0.0,0.0
dotakniti se,dotáknem,V;IND;PRS;1;SG,0.0,0.0
dotakniti se,dotákneš,V;IND;PRS;2;SG,0.0,0.0
dotakniti se,dotákneta,V;IND;PRS;2;DU,0.0,0.0
dotakniti se,dotákneta,V;IND;PRS;3;DU,0.0,0.0
dotakniti se,dotáknete,V;IND;PRS;2;PL,0.0,0.0
dotakniti se,dotákneva,V;IND;PRS;1;DU,0.0,0.0
dotakniti se,dotákne,V;IND;PRS;3;SG,0.0,0.0
dotakniti se,dotaknímo,V;IMP;1;PL,0.0,0.0
dotakniti se,dotakníta,V;IMP;2;DU,0.0,0.0
dotakniti se,dotakníte,V;IMP;2;PL,0.0,0.0
dotakniti se,dotakníti,V;NFIN,0.0,0.0
dotakniti se,dotakníva,V;IMP;1;DU,0.0,0.0
dotakniti se,dotákni,V;IMP;2;SG,0.0,0.0
dotakniti se,sem bil dotáknil,V;IND;PRF;PST,0.0,0.0
dotakniti se,sem dotáknil,V;IND;PST,0.0,0.0
doživeti,bi bil dožível,V;COND;PST,0.0,0.0
doživeti,bi dožível,V;COND;PRS,0.0,0.0
doživeti,bom dožível,V;IND;FUT,0.0,0.0
doživeti,doživéti,V;NFIN,0.0,0.0
doživeti,doživíjo,V;IND;PRS;3;PL,0.0,0.0
doživeti,doživímo,V;IMP;1;PL,0.0,0.0
doživeti,doživímo,V;IND;PRS;1;PL,0.0,0.0
doživeti,doživím,V;IND;PRS;1;SG,0.0,0.0
doživeti,doživíš,V;IND;PRS;2;SG,0.0,0.0
doživeti,doživíta,V;IMP;2;DU,0.0,0.0
doživeti,doživíta,V;IND;PRS;2;DU,0.0,0.0
doživeti,doživíta,V;IND;PRS;3;DU,0.0,0.0
doživeti,doživíte,V;IMP;2;PL,0.0,0.0
doživeti,doživíte,V;IND;PRS;2;PL,0.0,0.0
doživeti,doživíva,V;IMP;1;DU,0.0,0.0
doživeti,doživíva,V;IND;PRS;1;DU,0.0,0.0
doživeti,dožívi,V;IMP;2;SG,0.0,0.0
doživeti,doživí,V;IND;PRS;3;SG,0.0,0.0
doživeti,sem bil dožível,V;IND;PRF;PST,0.0,0.0
doživeti,sem dožível,V;IND;PST,0.0,0.0
drkati,bi bil dŕkal,V;COND;PST,0.0,0.0
drkati,bi dŕkal,V;COND;PRS,0.0,0.0
drkati,bom dŕkal,V;IND;FUT,0.0,0.0
drkati,dŕkajmo,V;IMP;1;PL,0.0,0.0
drkati,dŕkajo,V;IND;PRS;3;PL,0.0,0.0
drkati,dŕkajta,V;IMP;2;DU,0.0,0.0
drkati,dŕkajte,V;IMP;2;PL,0.0,0.0
drkati,dŕkajva,V;IMP;1;DU,0.0,0.0
drkati,dŕkaj,V;IMP;2;SG,0.0,0.0
drkati,dŕkamo,V;IND;PRS;1;PL,0.0,0.0
drkati,dŕkam,V;IND;PRS;1;SG,0.0,0.0
drkati,dŕkaš,V;IND;PRS;2;SG,0.0,0.0
drkati,dŕkata,V;IND;PRS;2;DU,0.0,0.0
drkati,dŕkata,V;IND;PRS;3;DU,0.0,0.0
drkati,dŕkate,V;IND;PRS;2;PL,0.0,0.0
drkati,dŕkati,V;NFIN,0.0,0.0
drkati,dŕkava,V;IND;PRS;1;DU,0.0,0.0
drkati,dŕka,V;IND;PRS;3;SG,0.0,0.0
drkati,sem bil dŕkal,V;IND;PRF;PST,0.0,0.0
drkati,sem dŕkal,V;IND;PST,0.0,0.0
drseti,bi bil drsèl,V;COND;PST,0.0,0.0
drseti,bi drsèl,V;COND;PRS,0.0,0.0
drseti,bom drsèl,V;IND;FUT,0.0,0.0
drseti,drséti,V;NFIN,0.0,0.0
drseti,drsíjo,V;IND;PRS;3;PL,0.0,0.0
drseti,drsímo,V;IMP;1;PL,0.0,0.0
drseti,drsímo,V;IND;PRS;1;PL,0.0,0.0
drseti,drsím,V;IND;PRS;1;SG,0.0,0.0
drseti,drsíš,V;IND;PRS;2;SG,0.0,0.0
drseti,drsíta,V;IMP;2;DU,0.0,0.0
drseti,drsíta,V;IND;PRS;2;DU,0.0,0.0
drseti,drsíta,V;IND;PRS;3;DU,0.0,0.0
drseti,drsíte,V;IMP;2;PL,0.0,0.0
drseti,drsíte,V;IND;PRS;2;PL,0.0,0.0
drseti,drsíva,V;IMP;1;DU,0.0,0.0
drseti,drsíva,V;IND;PRS;1;DU,0.0,0.0
drseti,dŕsi,V;IMP;2;SG,0.0,0.0
drseti,drsí,V;IND;PRS;3;SG,0.0,0.0
drseti,sem bil drsèl,V;IND;PRF;PST,0.0,0.0
drseti,sem drsèl,V;IND;PST,0.0,0.0
dvomiti,bi bil dvómil,V;COND;PST,0.0,0.0
dvomiti,bi dvómil,V;COND;PRS,0.0,0.0
dvomiti,bom dvómil,V;IND;FUT,0.0,0.0
dvomiti,dvómijo,V;IND;PRS;3;PL,0.0,0.0
dvomiti,dvómimo,V;IMP;1;PL,0.0,0.0
dvomiti,dvómimo,V;IND;PRS;1;PL,0.0,0.0
dvomiti,dvómim,V;IND;PRS;1;SG,0.0,0.0
dvomiti,dvómiš,V;IND;PRS;2;SG,0.0,0.0
dvomiti,dvómita,V;IMP;2;DU,0.0,0.0
dvomiti,dvómita,V;IND;PRS;2;DU,0.0,0.0
dvomiti,dvómita,V;IND;PRS;3;DU,0.0,0.0
dvomiti,dvómite,V;IMP;2;PL,0.0,0.0
dvomiti,dvómite,V;IND;PRS;2;PL,0.0,0.0
dvomiti,dvómiti,V;NFIN,0.0,0.0
dvomiti,dvómiva,V;IMP;1;DU,0.0,0.0
dvomiti,dvómiva,V;IND;PRS;1;DU,0.0,0.0
dvomiti,dvómi,V;IMP;2;SG,0.0,0.0
dvomiti,dvómi,V;IND;PRS;3;SG,0.0,0.0
dvomiti,sem bil dvómil,V;IND;PRF;PST,0.0,0.0
dvomiti,sem dvómil,V;IND;PST,0.0,0.0
fukati,bi bil fúkal,V;COND;PST,0.0,0.0
fukati,bi fúkal,V;COND;PRS,0.0,0.0
fukati,bom fúkal,V;IND;FUT,0.0,0.0
fukati,fúkajmo,V;IMP;1;PL,0.0,0.0
fukati,fúkajo,V;IND;PRS;3;PL,0.0,0.0
fukati,fúkajta,V;IMP;2;DU,0.0,0.0
fukati,fúkajte,V;IMP;2;PL,0.0,0.0
fukati,fúkajva,V;IMP;1;DU,0.0,0.0
fukati,fúkaj,V;IMP;2;SG,0.0,0.0
fukati,fúkamo,V;IND;PRS;1;PL,0.0,0.0
fukati,fúkam,V;IND;PRS;1;SG,0.0,0.0
fukati,fúkaš,V;IND;PRS;2;SG,0.0,0.0
fukati,fúkata,V;IND;PRS;2;DU,0.0,0.0
fukati,fúkata,V;IND;PRS;3;DU,0.0,0.0
fukati,fúkate,V;IND;PRS;2;PL,0.0,0.0
fukati,fúkati,V;NFIN,0.0,0.0
fukati,fúkava,V;IND;PRS;1;DU,0.0,0.0
fukati,fúka,V;IND;PRS;3;SG,0.0,0.0
fukati,sem bil fúkal,V;IND;PRF;PST,0.0,0.0
fukati,sem fúkal,V;IND;PST,0.0,0.0
gledati,bi bil glédal,V;COND;PST,0.0,5e-08
gledati,bi glédal,V;COND;PRS,0.0,5e-08
gledati,bom glédal,V;IND;FUT,0.0,5e-08
gledati,glédajo,V;IND;PRS;3;PL,1e-06,5e-08
gledati,glédamo,V;IND;PRS;1;PL,0.0,5e-08
gledati,glédam,V;IND;PRS;1;SG,0.0,5e-08
gledati,glédaš,V;IND;PRS;2;SG,0.0,5e-08
gledati,glédata,V;IND;PRS;2;DU,0.0,5e-08
gledati,glédata,V;IND;PRS;3;DU,0.0,5e-08
gledati,glédate,V;IND;PRS;2;PL,0.0,5e-08
gledati,glédati,V;NFIN,0.0,5e-08
gledati,glédava,V;IND;PRS;1;DU,0.0,5e-08
gledati,gléda,V;IND;PRS;3;SG,0.0,5e-08
gledati,glêjmo,V;IMP;1;PL,0.0,5e-08
gledati,glêjta,V;IMP;2;DU,0.0,5e-08
gledati,glêjte,V;IMP;2;PL,0.0,5e-08
gledati,glêjva,V;IMP;1;DU,0.0,5e-08
gledati,glèj,V;IMP;2;SG,0.0,5e-08
gledati,sem bil glédal,V;IND;PRF;PST,0.0,5e-08
gledati,sem glédal,V;IND;PST,0.0,5e-08
govoriti,bi bil govóril,V;COND;PST,0.0,5e-08
govoriti,bi govóril,V;COND;PRS,0.0,5e-08
govoriti,bom govóril,V;IND;FUT,0.0,5e-08
govoriti,govoríjo,V;IND;PRS;3;PL,0.0,5e-08
govoriti,govorímo,V;IMP;1;PL,0.0,5e-08
govoriti,govorímo,V;IND;PRS;1;PL,0.0,5e-08
govoriti,govorím,V;IND;PRS;1;SG,0.0,5e-08
govoriti,govoríš,V;IND;PRS;2;SG,0.0,5e-08
govoriti,govoríta,V;IMP;2;DU,0.0,5e-08
govoriti,govoríta,V;IND;PRS;2;DU,0.0,5e-08
govoriti,govoríta,V;IND;PRS;3;DU,0.0,5e-08
govoriti,govoríte,V;IMP;2;PL,0.0,5e-08
govoriti,govoríte,V;IND;PRS;2;PL,0.0,5e-08
govoriti,govoríti,V;NFIN,0.0,5e-08
govoriti,govoríva,V;IMP;1;DU,0.0,5e-08
govoriti,govoríva,V;IND;PRS;1;DU,0.0,5e-08
govoriti,govôri,V;IMP;2;SG,0.0,5e-08
govoriti,govorí,V;IND;PRS;3;SG,1e-06,5e-08
govoriti,sem bil govóril,V;IND;PRF;PST,0.0,5e-08
govoriti,sem govóril,V;IND;PST,0.0,5e-08
gročiti,bi bil gróčil,V;COND;PST,0.0,0.0
gročiti,bi gróčil,V;COND;PRS,0.0,0.0
gročiti,bom gróčil,V;IND;FUT,0.0,0.0
gročiti,gróčijo,V;IND;PRS;3;PL,0.0,0.0
gročiti,gróčimo,V;IMP;1;PL,0.0,0.0
gročiti,gróčimo,V;IND;PRS;1;PL,0.0,0.0
gročiti,gróčim,V;IND;PRS;1;SG,0.0,0.0
gročiti,gróčiš,V;IND;PRS;2;SG,0.0,0.0
gročiti,gróčita,V;IMP;2;DU,0.0,0.0
gročiti,gróčita,V;IND;PRS;2;DU,0.0,0.0
gročiti,gróčita,V;IND;PRS;3;DU,0.0,0.0
gročiti,gróčite,V;IMP;2;PL,0.0,0.0
gročiti,gróčite,V;IND;PRS;2;PL,0.0,0.0
gročiti,gróčiti,V;NFIN,0.0,0.0
gročiti,gróčiva,V;IMP;1;DU,0.0,0.0
gročiti,gróčiva,V;IND;PRS;1;DU,0.0,0.0
gročiti,gróči,V;IMP;2;SG,0.0,0.0
gročiti,gróči,V;IND;PRS;3;SG,0.0,0.0
gročiti,sem bil gróčil,V;IND;PRF;PST,0.0,0.0
gročiti,sem gróčil,V;IND;PST,0.0,0.0
hoteti,bi bil hôtel,V;COND;PST,0.0,0.0
hoteti,bi hôtel,V;COND;PRS,0.0,0.0
hoteti,bom hôtel,V;IND;FUT,0.0,0.0
hoteti,hóčejo,V;IND;PRS;3;PL,0.0,0.0
hoteti,hóčemo,V;IND;PRS;1;PL,0.0,0.0
hoteti,hóčem,V;IND;PRS;1;SG,0.0,0.0
hoteti,hóčeš,V;IND;PRS;2;SG,0.0,0.0
hoteti,hóčeta,V;IND;PRS;2;DU,0.0,0.0
hoteti,hóčeta,V;IND;PRS;3;DU,0.0,0.0
hoteti,hóčete,V;IND;PRS;2;PL,0.0,0.0
hoteti,hóčeva,V;IND;PRS;1;DU,0.0,0.0
hoteti,hóče,V;IND;PRS;3;SG,0.0,0.0
hoteti,hotéti,V;NFIN,0.0,0.0
hoteti,hotímo,V;IMP;1;PL,0.0,0.0
hoteti,hotíta,V;IMP;2;DU,0.0,0.0
hoteti,hotíte,V;IMP;2;PL,0.0,0.0
hoteti,hotíva,V;IMP;1;DU,0.0,0.0
hoteti,hôti,V;IMP;2;SG,0.0,0.0
hoteti,sem bil hôtel,V;IND;PRF;PST,0.0,0.0
hoteti,sem hôtel,V;IND;PST,0.0,0.0
hropsti,bi bil hrópel,V;COND;PST,0.0,0.0
hropsti,bi hrópel,V;COND;PRS,0.0,0.0
hropsti,bom hrópel,V;IND;FUT,0.0,0.0
hropsti,hrôpejo,V;IND;PRS;3;PL,0.0,0.0
hropsti,hrôpemo,V;IND;PRS;1;PL,0.0,0.0
hropsti,hrôpem,V;IND;PRS;1;SG,0.0,0.0
hropsti,hrôpeš,V;IND;PRS;2;SG,0.0,0.0
hropsti,hrôpeta,V;IND;PRS;2;DU,0.0,0.0
hropsti,hrôpeta,V;IND;PRS;3;DU,0.0,0.0
hropsti,hrôpete,V;IND;PRS;2;PL,0.0,0.0
hropsti,hrôpeva,V;IND;PRS;1;DU,0.0,0.0
hropsti,hrôpe,V;IND;PRS;3;SG,0.0,0.0
hropsti,hropímo,V;IMP;1;PL,0.0,0.0
hropsti,hropíta,V;IMP;2;DU,0.0,0.0
hropsti,hropíte,V;IMP;2;PL,0.0,0.0
hropsti,hropíva,V;IMP;1;DU,0.0,0.0
hropsti,hrôpi,V;IMP;2;SG,0.0,0.0
hropsti,hrôpsti,V;NFIN,0.0,0.0
hropsti,sem bil hrópel,V;IND;PRF;PST,0.0,0.0
hropsti,sem hrópel,V;IND;PST,0.0,0.0
igrati,bi bil igràl,V;COND;PST,0.0,5e-08
igrati,bi igràl,V;COND;PRS,0.0,5e-08
igrati,bom igràl,V;IND;FUT,0.0,5e-08
igrati,igrájmo,V;IMP;1;PL,0.0,5e-08
igrati,igrájo,V;IND;PRS;3;PL,0.0,5e-08
igrati,igrájta,V;IMP;2;DU,0.0,5e-08
igrati,igrájte,V;IMP;2;PL,0.0,5e-08
igrati,igrájva,V;IMP;1;DU,0.0,5e-08
igrati,igràj,V;IMP;2;SG,0.0,5e-08
igrati,igrámo,V;IND;PRS;1;PL,0.0,5e-08
igrati,igrám,V;IND;PRS;1;SG,0.0,5e-08
igrati,igráš,V;IND;PRS;2;SG,0.0,5e-08
igrati,igráta,V;IND;PRS;2;DU,0.0,5e-08
igrati,igráta,V;IND;PRS;3;DU,0.0,5e-08
igrati,igráte,V;IND;PRS;2;PL,0.0,5e-08
igrati,igráti,V;NFIN,0.0,5e-08
igrati,igráva,V;IND;PRS;1;DU,0.0,5e-08
igrati,igrá,V;IND;PRS;3;SG,1e-06,5e-08
igrati,sem bil igràl,V;IND;PRF;PST,0.0,5e-08
igrati,sem igràl,V;IND;PST,0.0,5e-08
imeti,bi bil imèl,V;COND;PST,0.0,3e-07
imeti,bi imèl,V;COND;PRS,0.0,3e-07
imeti,bom imèl,V;IND;FUT,0.0,3e-07
imeti,imájo,V;IND;PRS;3;PL,0.0,3e-07
imeti,imámo,V;IND;PRS;1;PL,1e-06,3e-07
imeti,imám,V;IND;PRS;1;SG,0.0,3e-07
imeti,imáš,V;IND;PRS;2;SG,0.0,3e-07
imeti,imáta,V;IND;PRS;2;DU,0.0,3e-07
imeti,imáta,V;IND;PRS;3;DU,0.0,3e-07
imeti,imáte,V;IND;PRS;2;PL,0.0,3e-07
imeti,imáva,V;IND;PRS;1;DU,0.0,3e-07
imeti,imá,V;IND;PRS;3;SG,4e-06,3e-07
imeti,imêjmo,V;IMP;1;PL,0.0,3e-07
imeti,imêjta,V;IMP;2;DU,0.0,3e-07
imeti,imêjte,V;IMP;2;PL,0.0,3e-07
imeti,imêjva,V;IMP;1;DU,0.0,3e-07
imeti,imèj,V;IMP;2;SG,0.0,3e-07
imeti,iméti,V;NFIN,1e-06,3e-07
imeti,sem bil imèl,V;IND;PRF;PST,0.0,3e-07
imeti,sem imèl,V;IND;PST,0.0,3e-07
iskati,bi bil iskál,V;COND;PST,0.0,0.0
iskati,bi iskál,V;COND;PRS,0.0,0.0
iskati,bom iskál,V;IND;FUT,0.0,0.0
iskati,íščejo,V;IND;PRS;3;PL,0.0,0.0
iskati,íščemo,V;IND;PRS;1;PL,0.0,0.0
iskati,íščem,V;IND;PRS;1;SG,0.0,0.0
iskati,íščeš,V;IND;PRS;2;SG,0.0,0.0
iskati,íščeta,V;IND;PRS;2;DU,0.0,0.0
iskati,íščeta,V;IND;PRS;3;DU,0.0,0.0
iskati,íščete,V;IND;PRS;2;PL,0.0,0.0
iskati,íščeva,V;IND;PRS;1;DU,0.0,0.0
iskati,íšče,V;IND;PRS;3;SG,0.0,0.0
iskati,íščimo,V;IMP;1;PL,0.0,0.0
iskati,íščita,V;IMP;2;DU,0.0,0.0
iskati,íščite,V;IMP;2;PL,0.0,0.0
iskati,íščiva,V;IMP;1;DU,0.0,0.0
iskati,íšči,V;IMP;2;SG,0.0,0.0
iskati,iskáti,V;NFIN,0.0,0.0
iskati,sem bil iskál,V;IND;PRF;PST,0.0,0.0
iskati,sem iskál,V;IND;PST,0.0,0.0
izgovoriti,bi bil izgovóril,V;COND;PST,0.0,0.0
izgovoriti,bi izgovóril,V;COND;PRS,0.0,0.0
izgovoriti,bom izgovóril,V;IND;FUT,0.0,0.0
izgovoriti,izgovoríjo,V;IND;PRS;3;PL,0.0,0.0
izgovoriti,izgovorímo,V;IMP;1;PL,0.0,0.0
izgovoriti,izgovorímo,V;IND;PRS;1;PL,0.0,0.0
izgovoriti,izgovorím,V;IND;PRS;1;SG,0.0,0.0
izgovoriti,izgovoríš,V;IND;PRS;2;SG,0.0,0.0
izgovoriti,izgovoríta,V;IMP;2;DU,0.0,0.0
izgovoriti,izgovoríta,V;IND;PRS;2;DU,0.0,0.0
izgovoriti,izgovoríta,V;IND;PRS;3;DU,0.0,0.0
izgovoriti,izgovoríte,V;IMP;2;PL,0.0,0.0
izgovoriti,izgovoríte,V;IND;PRS;2;PL,0.0,0.0
izgovoriti,izgovoríti,V;NFIN,0.0,0.0
izgovoriti,izgovoríva,V;IMP;1;DU,0.0,0.0
izgovoriti,izgovoríva,V;IND;PRS;1;DU,0.0,0.0
izgovoriti,izgovôri,V;IMP;2;SG,0.0,0.0
izgovoriti,izgovorí,V;IND;PRS;3;SG,0.0,0.0
izgovoriti,sem bil izgovóril,V;IND;PRF;PST,0.0,0.0
izgovoriti,sem izgovóril,V;IND;PST,0.0,0.0
jesti,bi bil jédel,V;COND;PST,0.0,1.3500000000000002e-06
jesti,bi jédel,V;COND;PRS,0.0,1.3500000000000002e-06
jesti,bom jédel,V;IND;FUT,0.0,1.3500000000000002e-06
jesti,jedó,V;IND;PRS;3;PL,2e-06,1.3500000000000002e-06
jesti,jêjmo,V;IMP;1;PL,0.0,1.3500000000000002e-06
jesti,jêjta,V;IMP;2;DU,0.0,1.3500000000000002e-06
jesti,jêjte,V;IMP;2;PL,0.0,1.3500000000000002e-06
jesti,jêjva,V;IMP;1;DU,0.0,1.3500000000000002e-06
jesti,jèj,V;IMP;2;SG,0.0,1.3500000000000002e-06
jesti,jémo,V;IND;PRS;1;PL,0.0,1.3500000000000002e-06
jesti,jém,V;IND;PRS;1;SG,0.0,1.3500000000000002e-06
jesti,jésta,V;IND;PRS;2;DU,0.0,1.3500000000000002e-06
jesti,jésta,V;IND;PRS;3;DU,0.0,1.3500000000000002e-06
jesti,jéste,V;IND;PRS;2;PL,0.0,1.3500000000000002e-06
jesti,jésti,V;NFIN,0.0,1.3500000000000002e-06
jesti,jéš,V;IND;PRS;2;SG,0.0,1.3500000000000002e-06
jesti,jéva,V;IND;PRS;1;DU,0.0,1.3500000000000002e-06
jesti,jé,V;IND;PRS;3;SG,2.5e-05,1.3500000000000002e-06
jesti,sem bil jédel,V;IND;PRF;PST,0.0,1.3500000000000002e-06
jesti,sem jédel,V;IND;PST,0.0,1.3500000000000002e-06
jokati,bi bil jókal,V;COND;PST,0.0,0.0
jokati,bi jókal,V;COND;PRS,0.0,0.0
jokati,bom jókal,V;IND;FUT,0.0,0.0
jokati,jóčejo,V;IND;PRS;3;PL,0.0,0.0
jokati,jóčemo,V;IND;PRS;1;PL,0.0,0.0
jokati,jóčem,V;IND;PRS;1;SG,0.0,0.0
jokati,jóčeš,V;IND;PRS;2;SG,0.0,0.0
jokati,jóčeta,V;IND;PRS;2;DU,0.0,0.0
jokati,jóčeta,V;IND;PRS;3;DU,0.0,0.0
jokati,jóčete,V;IND;PRS;2;PL,0.0,0.0
jokati,jóčeva,V;IND;PRS;1;DU,0.0,0.0
jokati,jóče,V;IND;PRS;3;SG,0.0,0.0
jokati,jóčimo,V;IMP;1;PL,0.0,0.0
jokati,jóčita,V;IMP;2;DU,0.0,0.0
jokati,jóčite,V;IMP;2;PL,0.0,0.0
jokati,jóčiva,V;IMP;1;DU,0.0,0.0
jokati,jóči,V;IMP;2;SG,0.0,0.0
jokati,jókati,V;NFIN,0.0,0.0
jokati,sem bil jókal,V;IND;PRF;PST,0.0,0.0
jokati,sem jókal,V;IND;PST,0.0,0.0
kašljati,bi bil kášljal,V;COND;PST,0.0,0.0
kašljati,bi kášljal,V;COND;PRS,0.0,0.0
kašljati,bom kášljal,V;IND;FUT,0.0,0.0
kašljati,kášljajmo,V;IMP;1;PL,0.0,0.0
kašljati,kášljajo,V;IND;PRS;3;PL,0.0,0.0
kašljati,kášljajta,V;IMP;2;DU,0.0,0.0
kašljati,kášljajte,V;IMP;2;PL,0.0,0.0
kašljati,kášljajva,V;IMP;1;DU,0.0,0.0
kašljati,kášljaj,V;IMP;2;SG,0.0,0.0
kašljati,kášljamo,V;IND;PRS;1;PL,0.0,0.0
kašljati,kášljam,V;IND;PRS;1;SG,0.0,0.0
kašljati,kášljaš,V;IND;PRS;2;SG,0.0,0.0
kašljati,kášljata,V;IND;PRS;2;DU,0.0,0.0
kašljati,kášljata,V;IND;PRS;3;DU,0.0,0.0
kašljati,kášljate,V;IND;PRS;2;PL,0.0,0.0
kašljati,kášljati,V;NFIN,0.0,0.0
kašljati,kášljava,V;IND;PRS;1;DU,0.0,0.0
kašljati,kášlja,V;IND;PRS;3;SG,0.0,0.0
kašljati,sem bil kášljal,V;IND;PRF;PST,0.0,0.0
kašljati,sem kášljal,V;IND;PST,0.0,0.0
kavsati,bi bil kávsal,V;COND;PST,0.0,0.0
kavsati,bi kávsal,V;COND;PRS,0.0,0.0
kavsati,bom kávsal,V;IND;FUT,0.0,0.0
kavsati,kávsajmo,V;IMP;1;PL,0.0,0.0
kavsati,kávsajo,V;IND;PRS;3;PL,0.0,0.0
kavsati,kávsajta,V;IMP;2;DU,0.0,0.0
kavsati,kávsajte,V;IMP;2;PL,0.0,0.0
kavsati,kávsajva,V;IMP;1;DU,0.0,0.0
kavsati,kávsaj,V;IMP;2;SG,0.0,0.0
kavsati,kávsamo,V;IND;PRS;1;PL,0.0,0.0
kavsati,kávsam,V;IND;PRS;1;SG,0.0,0.0
kavsati,kávsaš,V;IND;PRS;2;SG,0.0,0.0
kavsati,kávsata,V;IND;PRS;2;DU,0.0,0.0
kavsati,kávsata,V;IND;PRS;3;DU,0.0,0.0
kavsati,kávsate,V;IND;PRS;2;PL,0.0,0.0
kavsati,kávsati,V;NFIN,0.0,0.0
kavsati,kávsava,V;IND;PRS;1;DU,0.0,0.0
kavsati,kávsa,V;IND;PRS;3;SG,0.0,0.0
kavsati,sem bil kávsal,V;IND;PRF;PST,0.0,0.0
kavsati,sem kávsal,V;IND;PST,0.0,0.0
klicati,bi bil klícal,V;COND;PST,0.0,0.0
klicati,bi klícal,V;COND;PRS,0.0,0.0
klicati,bom klícal,V;IND;FUT,0.0,0.0
klicati,klícati,V;NFIN,0.0,0.0
klicati,klíčejo,V;IND;PRS;3;PL,0.0,0.0
klicati,klíčemo,V;IND;PRS;1;PL,0.0,0.0
klicati,klíčem,V;IND;PRS;1;SG,0.0,0.0
klicati,klíčeš,V;IND;PRS;2;SG,0.0,0.0
klicati,klíčeta,V;IND;PRS;2;DU,0.0,0.0
klicati,klíčeta,V;IND;PRS;3;DU,0.0,0.0
klicati,klíčete,V;IND;PRS;2;PL,0.0,0.0
klicati,klíčeva,V;IND;PRS;1;DU,0.0,0.0
klicati,klíče,V;IND;PRS;3;SG,0.0,0.0
klicati,klíčimo,V;IMP;1;PL,0.0,0.0
klicati,klíčita,V;IMP;2;DU,0.0,0.0
klicati,klíčite,V;IMP;2;PL,0.0,0.0
klicati,klíčiva,V;IMP;1;DU,0.0,0.0
klicati,klíči,V;IMP;2;SG,0.0,0.0
klicati,sem bil klícal,V;IND;PRF;PST,0.0,0.0
klicati,sem klícal,V;IND;PST,0.0,0.0
končati,bi bil končàl,V;COND;PST,0.0,5e-08
končati,bi končàl,V;COND;PRS,0.0,5e-08
končati,bom končàl,V;IND;FUT,0.0,5e-08
končati,končájmo,V;IMP;1;PL,0.0,5e-08
končati,končájo,V;IND;PRS;3;PL,0.0,5e-08
končati,končájta,V;IMP;2;DU,0.0,5e-08
končati,končájte,V;IMP;2;PL,0.0,5e-08
končati,končájva,V;IMP;1;DU,0.0,5e-08
končati,končàj,V;IMP;2;SG,0.0,5e-08
končati,končámo,V;IND;PRS;1;PL,0.0,5e-08
končati,končám,V;IND;PRS;1;SG,0.0,5e-08
končati,končáš,V;IND;PRS;2;SG,0.0,5e-08
končati,končáta,V;IND;PRS;2;DU,0.0,5e-08
končati,končáta,V;IND;PRS;3;DU,0.0,5e-08
končati,končáte,V;IND;PRS;2;PL,0.0,5e-08
končati,končáti,V;NFIN,0.0,5e-08
končati,končáva,V;IND;PRS;1;DU,0.0,5e-08
končati,končá,V;IND;PRS;3;SG,1e-06,5e-08
končati,sem bil končàl,V;IND;PRF;PST,0.0,5e-08
končati,sem končàl,V;IND;PST,0.0,5e-08
kuhati,bi bil kúhal,V;COND;PST,0.0,0.0
kuhati,bi kúhal,V;COND;PRS,0.0,0.0
kuhati,bom kúhal,V;IND;FUT,0.0,0.0
kuhati,kúhajmo,V;IMP;1;PL,0.0,0.0
kuhati,kúhajo,V;IND;PRS;3;PL,0.0,0.0
kuhati,kúhajta,V;IMP;2;DU,0.0,0.0
kuhati,kúhajte,V;IMP;2;PL,0.0,0.0
kuhati,kúhajva,V;IMP;1;DU,0.0,0.0
kuhati,kúhaj,V;IMP;2;SG,0.0,0.0
kuhati,kúhamo,V;IND;PRS;1;PL,0.0,0.0
kuhati,kúham,V;IND;PRS;1;SG,0.0,0.0
kuhati,kúhaš,V;IND;PRS;2;SG,0.0,0.0
kuhati,kúhata,V;IND;PRS;2;DU,0.0,0.0
kuhati,kúhata,V;IND;PRS;3;DU,0.0,0.0
kuhati,kúhate,V;IND;PRS;2;PL,0.0,0.0
kuhati,kúhati,V;NFIN,0.0,0.0
kuhati,kúhava,V;IND;PRS;1;DU,0.0,0.0
kuhati,kúha,V;IND;PRS;3;SG,0.0,0.0
kuhati,sem bil kúhal,V;IND;PRF;PST,0.0,0.0
kuhati,sem kúhal,V;IND;PST,0.0,0.0
kupiti,bi bil kúpil,V;COND;PST,0.0,0.0
kupiti,bi kúpil,V;COND;PRS,0.0,0.0
kupiti,bom kúpil,V;IND;FUT,0.0,0.0
kupiti,kúpijo,V;IND;PRS;3;PL,0.0,0.0
kupiti,kupímo,V;IMP;1;PL,0.0,0.0
kupiti,kúpimo,V;IND;PRS;1;PL,0.0,0.0
kupiti,kúpim,V;IND;PRS;1;SG,0.0,0.0
kupiti,kúpiš,V;IND;PRS;2;SG,0.0,0.0
kupiti,kupíta,V;IMP;2;DU,0.0,0.0
kupiti,kúpita,V;IND;PRS;2;DU,0.0,0.0
kupiti,kúpita,V;IND;PRS;3;DU,0.0,0.0
kupiti,kupíte,V;IMP;2;PL,0.0,0.0
kupiti,kúpite,V;IND;PRS;2;PL,0.0,0.0
kupiti,kupíti,V;NFIN,0.0,0.0
kupiti,kupíva,V;IMP;1;DU,0.0,0.0
kupiti,kúpiva,V;IND;PRS;1;DU,0.0,0.0
kupiti,kúpi,V;IMP;2;SG,0.0,0.0
kupiti,kúpi,V;IND;PRS;3;SG,0.0,0.0
kupiti,sem bil kúpil,V;IND;PRF;PST,0.0,0.0
kupiti,sem kúpil,V;IND;PST,0.0,0.0
kupovati,bi bil kupovàl,V;COND;PST,0.0,0.0
kupovati,bi kupovàl,V;COND;PRS,0.0,0.0
kupovati,bom kupovàl,V;IND;FUT,0.0,0.0
kupovati,kupováti,V;NFIN,0.0,0.0
kupovati,kupújejo,V;IND;PRS;3;PL,0.0,0.0
kupovati,kupújemo,V;IND;PRS;1;PL,0.0,0.0
kupovati,kupújem,V;IND;PRS;1;SG,0.0,0.0
kupovati,kupúješ,V;IND;PRS;2;SG,0.0,0.0
kupovati,kupújeta,V;IND;PRS;2;DU,0.0,0.0
kupovati,kupújeta,V;IND;PRS;3;DU,0.0,0.0
kupovati,kupújete,V;IND;PRS;2;PL,0.0,0.0
kupovati,kupújeva,V;IND;PRS;1;DU,0.0,0.0
kupovati,kupúje,V;IND;PRS;3;SG,0.0,0.0
kupovati,kupújmo,V;IMP;1;PL,0.0,0.0
kupovati,kupújta,V;IMP;2;DU,0.0,0.0
kupovati,kupújte,V;IMP;2;PL,0.0,0.0
kupovati,kupújva,V;IMP;1;DU,0.0,0.0
kupovati,kupúj,V;IMP;2;SG,0.0,0.0
kupovati,sem bil kupovàl,V;IND;PRF;PST,0.0,0.0
kupovati,sem kupovàl,V;IND;PST,0.0,0.0
leči,bi bil légel,V;COND;PST,0.0,5e-08
leči,bi légel,V;COND;PRS,0.0,5e-08
leči,bom légel,V;IND;FUT,0.0,5e-08
leči,léči,V;NFIN,0.0,5e-08
leči,léžejo,V;IND;PRS;3;PL,0.0,5e-08
leči,léžemo,V;IND;PRS;1;PL,0.0,5e-08
leči,léžem,V;IND;PRS;1;SG,0.0,5e-08
leči,léžeš,V;IND;PRS;2;SG,0.0,5e-08
leči,léžeta,V;IND;PRS;2;DU,0.0,5e-08
leči,léžeta,V;IND;PRS;3;DU,0.0,5e-08
leči,léžete,V;IND;PRS;2;PL,0.0,5e-08
leči,léževa,V;IND;PRS;1;DU,0.0,5e-08
leči,léže,V;IND;PRS;3;SG,0.0,5e-08
leči,lézimo,V;IMP;1;PL,0.0,5e-08
leči,lézita,V;IMP;2;DU,0.0,5e-08
leči,lézite,V;IMP;2;PL,0.0,5e-08
leči,léziva,V;IMP;1;DU,0.0,5e-08
leči,lézi,V;IMP;2;SG,1e-06,5e-08
leči,sem bil légel,V;IND;PRF;PST,0.0,5e-08
leči,sem légel,V;IND;PST,0.0,5e-08
lesti,bi bil lézel,V;COND;PST,0.0,5e-08
lesti,bi lézel,V;COND;PRS,0.0,5e-08
lesti,bom lézel,V;IND;FUT,0.0,5e-08
lesti,lésti,V;NFIN,0.0,5e-08
lesti,lézejo,V;IND;PRS;3;PL,0.0,5e-08
lesti,lézemo,V;IND;PRS;1;PL,0.0,5e-08
lesti,lézem,V;IND;PRS;1;SG,0.0,5e-08
lesti,lézeš,V;IND;PRS;2;SG,0.0,5e-08
lesti,lézeta,V;IND;PRS;2;DU,0.0,5e-08
lesti,lézeta,V;IND;PRS;3;DU,0.0,5e-08
lesti,lézete,V;IND;PRS;2;PL,0.0,5e-08
lesti,lézeva,V;IND;PRS;1;DU,0.0,5e-08
lesti,léze,V;IND;PRS;3;SG,0.0,5e-08
lesti,lezímo,V;IMP;1;PL,0.0,5e-08
lesti,lezíta,V;IMP;2;DU,0.0,5e-08
lesti,lezíte,V;IMP;2;PL,0.0,5e-08
lesti,lezíva,V;IMP;1;DU,0.0,5e-08
lesti,lézi,V;IMP;2;SG,1e-06,5e-08
lesti,sem bil lézel,V;IND;PRF;PST,0.0,5e-08
lesti,sem lézel,V;IND;PST,0.0,5e-08
leteti,bi bil lêtel,V;COND;PST,0.0,5e-08
leteti,bi lêtel,V;COND;PRS,0.0,5e-08
leteti,bom lêtel,V;IND;FUT,0.0,5e-08
leteti,letéti,V;NFIN,0.0,5e-08
leteti,letíjo,V;IND;PRS;3;PL,0.0,5e-08
leteti,letímo,V;IMP;1;PL,0.0,5e-08
leteti,letímo,V;IND;PRS;1;PL,0.0,5e-08
leteti,letím,V;IND;PRS;1;SG,0.0,5e-08
leteti,letíš,V;IND;PRS;2;SG,0.0,5e-08
leteti,letíta,V;IMP;2;DU,0.0,5e-08
leteti,letíta,V;IND;PRS;2;DU,0.0,5e-08
leteti,letíta,V;IND;PRS;3;DU,0.0,5e-08
leteti,letíte,V;IMP;2;PL,0.0,5e-08
leteti,letíte,V;IND;PRS;2;PL,0.0,5e-08
leteti,letíva,V;IMP;1;DU,0.0,5e-08
leteti,letíva,V;IND;PRS;1;DU,0.0,5e-08
leteti,lêti,V;IMP;2;SG,0.0,5e-08
leteti,letí,V;IND;PRS;3;SG,1e-06,5e-08
leteti,sem bil lêtel,V;IND;PRF;PST,0.0,5e-08
leteti,sem lêtel,V;IND;PST,0.0,5e-08
lizati,bi bil lízal,V;COND;PST,0.0,0.0
lizati,bi lízal,V;COND;PRS,0.0,0.0
lizati,bom lízal,V;IND;FUT,0.0,0.0
lizati,lízati,V;NFIN,0.0,0.0
lizati,lížejo,V;IND;PRS;3;PL,0.0,0.0
lizati,lížemo,V;IND;PRS;1;PL,0.0,0.0
lizati,lížem,V;IND;PRS;1;SG,0.0,0.0
lizati,lížeš,V;IND;PRS;2;SG,0.0,0.0
lizati,lížeta,V;IND;PRS;2;DU,0.0,0.0
lizati,lížeta,V;IND;PRS;3;DU,0.0,0.0
lizati,lížete,V;IND;PRS;2;PL,0.0,0.0
lizati,líževa,V;IND;PRS;1;DU,0.0,0.0
lizati,líže,V;IND;PRS;3;SG,0.0,0.0
lizati,lížimo,V;IMP;1;PL,0.0,0.0
lizati,lížita,V;IMP;2;DU,0.0,0.0
lizati,lížite,V;IMP;2;PL,0.0,0.0
lizati,líživa,V;IMP;1;DU,0.0,0.0
lizati,líži,V;IMP;2;SG,0.0,0.0
lizati,sem bil lízal,V;IND;PRF;PST,0.0,0.0
lizati,sem lízal,V;IND;PST,0.0,0.0
ljubiti,bi bil ljúbil,V;COND;PST,0.0,5e-08
ljubiti,bi ljúbil,V;COND;PRS,0.0,5e-08
ljubiti,bom ljúbil,V;IND;FUT,0.0,5e-08
ljubiti,ljúbijo,V;IND;PRS;3;PL,0.0,5e-08
ljubiti,ljubímo,V;IMP;1;PL,0.0,5e-08
ljubiti,ljúbimo,V;IND;PRS;1;PL,0.0,5e-08
ljubiti,ljúbim,V;IND;PRS;1;SG,0.0,5e-08
ljubiti,ljúbiš,V;IND;PRS;2;SG,0.0,5e-08
ljubiti,ljubíta,V;IMP;2;DU,0.0,5e-08
ljubiti,ljúbita,V;IND;PRS;2;DU,0.0,5e-08
ljubiti,ljúbita,V;IND;PRS;3;DU,0.0,5e-08
ljubiti,ljubíte,V;IMP;2;PL,0.0,5e-08
ljubiti,ljúbite,V;IND;PRS;2;PL,1e-06,5e-08
ljubiti,ljubíti,V;NFIN,0.0,5e-08
ljubiti,ljubíva,V;IMP;1;DU,0.0,5e-08
ljubiti,ljúbiva,V;IND;PRS;1;DU,0.0,5e-08
ljubiti,ljúbi,V;IMP;2;SG,0.0,5e-08
ljubiti,ljúbi,V;IND;PRS;3;SG,0.0,5e-08
ljubiti,sem bil ljúbil,V;IND;PRF;PST,0.0,5e-08
ljubiti,sem ljúbil,V;IND;PST,0.0,5e-08
masturbirati,bi bil masturbíral,V;COND;PST,0.0,0.0
masturbirati,bi masturbíral,V;COND;PRS,0.0,0.0
masturbirati,bom masturbíral,V;IND;FUT,0.0,0.0
masturbirati,masturbírajmo,V;IMP;1;PL,0.0,0.0
masturbirati,masturbírajo,V;IND;PRS;3;PL,0.0,0.0
masturbirati,masturbírajta,V;IMP;2;DU,0.0,0.0
masturbirati,masturbírajte,V;IMP;2;PL,0.0,0.0
masturbirati,masturbírajva,V;IMP;1;DU,0.0,0.0
masturbirati,masturbíraj,V;IMP;2;SG,0.0,0.0
masturbirati,masturbíramo,V;IND;PRS;1;PL,0.0,0.0
masturbirati,masturbíram,V;IND;PRS;1;SG,0.0,0.0
masturbirati,masturbíraš,V;IND;PRS;2;SG,0.0,0.0
masturbirati,masturbírata,V;IND;PRS;2;DU,0.0,0.0
masturbirati,masturbírata,V;IND;PRS;3;DU,0.0,0.0
masturbirati,masturbírate,V;IND;PRS;2;PL,0.0,0.0
masturbirati,masturbírati,V;NFIN,0.0,0.0
masturbirati,masturbírava,V;IND;PRS;1;DU,0.0,0.0
masturbirati,masturbíra,V;IND;PRS;3;SG,0.0,0.0
masturbirati,sem bil masturbíral,V;IND;PRF;PST,0.0,0.0
masturbirati,sem masturbíral,V;IND;PST,0.0,0.0
misliti,bi bil míslil,V;COND;PST,0.0,0.0
misliti,bi míslil,V;COND;PRS,0.0,0.0
misliti,bom míslil,V;IND;FUT,0.0,0.0
misliti,míslijo,V;IND;PRS;3;PL,0.0,0.0
misliti,míslimo,V;IMP;1;PL,0.0,0.0
misliti,míslimo,V;IND;PRS;1;PL,0.0,0.0
misliti,míslim,V;IND;PRS;1;SG,0.0,0.0
misliti,mísliš,V;IND;PRS;2;SG,0.0,0.0
misliti,míslita,V;IMP;2;DU,0.0,0.0
misliti,míslita,V;IND;PRS;2;DU,0.0,0.0
misliti,míslita,V;IND;PRS;3;DU,0.0,0.0
misliti,míslite,V;IMP;2;PL,0.0,0.0
misliti,míslite,V;IND;PRS;2;PL,0.0,0.0
misliti,mísliti,V;NFIN,0.0,0.0
misliti,mísliva,V;IMP;1;DU,0.0,0.0
misliti,mísliva,V;IND;PRS;1;DU,0.0,0.0
misliti,mísli,V;IMP;2;SG,0.0,0.0
misliti,mísli,V;IND;PRS;3;SG,0.0,0.0
misliti,sem bil míslil,V;IND;PRF;PST,0.0,0.0
misliti,sem míslil,V;IND;PST,0.0,0.0
mleti,bi bil mlél,V;COND;PST,0.0,0.0
mleti,bi mlél,V;COND;PRS,0.0,0.0
mleti,bom mlél,V;IND;FUT,0.0,0.0
mleti,méljejo,V;IND;PRS;3;PL,0.0,0.0
mleti,méljemo,V;IND;PRS;1;PL,0.0,0.0
mleti,méljem,V;IND;PRS;1;SG,0.0,0.0
mleti,mélješ,V;IND;PRS;2;SG,0.0,0.0
mleti,méljeta,V;IND;PRS;2;DU,0.0,0.0
mleti,méljeta,V;IND;PRS;3;DU,0.0,0.0
mleti,méljete,V;IND;PRS;2;PL,0.0,0.0
mleti,méljeva,V;IND;PRS;1;DU,0.0,0.0
mleti,mélje,V;IND;PRS;3;SG,0.0,0.0
mleti,meljímo,V;IMP;1;PL,0.0,0.0
mleti,meljíta,V;IMP;2;DU,0.0,0.0
mleti,meljíte,V;IMP;2;PL,0.0,0.0
mleti,meljíva,V;IMP;1;DU,0.0,0.0
mleti,mêlji,V;IMP;2;SG,0.0,0.0
mleti,mléti,V;NFIN,0.0,0.0
mleti,sem bil mlél,V;IND;PRF;PST,0.0,0.0
mleti,sem mlél,V;IND;PST,0.0,0.0
napisati,bi bil napísal,V;COND;PST,0.0,0.0
napisati,bi napísal,V;COND;PRS,0.0,0.0
napisati,bom napísal,V;IND;FUT,0.0,0.0
napisati,napísati,V;NFIN,0.0,0.0
napisati,napíšejo,V;IND;PRS;3;PL,0.0,0.0
napisati,napíšemo,V;IND;PRS;1;PL,0.0,0.0
napisati,napíšem,V;IND;PRS;1;SG,0.0,0.0
napisati,napíšeš,V;IND;PRS;2;SG,0.0,0.0
napisati,napíšeta,V;IND;PRS;2;DU,0.0,0.0
napisati,napíšeta,V;IND;PRS;3;DU,0.0,0.0
napisati,napíšete,V;IND;PRS;2;PL,0.0,0.0
napisati,napíševa,V;IND;PRS;1;DU,0.0,0.0
napisati,napíše,V;IND;PRS;3;SG,0.0,0.0
napisati,napíšimo,V;IMP;1;PL,0.0,0.0
napisati,napíšita,V;IMP;2;DU,0.0,0.0
napisati,napíšite,V;IMP;2;PL,0.0,0.0
napisati,napíšiva,V;IMP;1;DU,0.0,0.0
napisati,napíši,V;IMP;2;SG,0.0,0.0
napisati,sem bil napísal,V;IND;PRF;PST,0.0,0.0
napisati,sem napísal,V;IND;PST,0.0,0.0
narediti,bi bil narédil,V;COND;PST,0.0,0.0
narediti,bi narédil,V;COND;PRS,0.0,0.0
narediti,bom narédil,V;IND;FUT,0.0,0.0
narediti,naredíjo,V;IND;PRS;3;PL,0.0,0.0
narediti,naredímo,V;IMP;1;PL,0.0,0.0
narediti,naredímo,V;IND;PRS;1;PL,0.0,0.0
narediti,naredím,V;IND;PRS;1;SG,0.0,0.0
narediti,naredíš,V;IND;PRS;2;SG,0.0,0.0
narediti,naredíta,V;IMP;2;DU,0.0,0.0
narediti,naredíta,V;IND;PRS;2;DU,0.0,0.0
narediti,naredíta,V;IND;PRS;3;DU,0.0,0.0
narediti,naredíte,V;IMP;2;PL,0.0,0.0
narediti,naredíte,V;IND;PRS;2;PL,0.0,0.0
narediti,naredíti,V;NFIN,0.0,0.0
narediti,naredíva,V;IMP;1;DU,0.0,0.0
narediti,naredíva,V;IND;PRS;1;DU,0.0,0.0
narediti,narêdi,V;IMP;2;SG,0.0,0.0
narediti,naredí,V;IND;PRS;3;SG,0.0,0.0
narediti,sem bil narédil,V;IND;PRF;PST,0.0,0.0
narediti,sem narédil,V;IND;PST,0.0,0.0
nehati,bi bil néhal,V;COND;PST,0.0,0.0
nehati,bi néhal,V;COND;PRS,0.0,0.0
nehati,bom néhal,V;IND;FUT,0.0,0.0
nehati,néhajmo,V;IMP;1;PL,0.0,0.0
nehati,néhajo,V;IND;PRS;3;PL,0.0,0.0
nehati,néhajta,V;IMP;2;DU,0.0,0.0
nehati,néhajte,V;IMP;2;PL,0.0,0.0
nehati,néhajva,V;IMP;1;DU,0.0,0.0
nehati,néhaj,V;IMP;2;SG,0.0,0.0
nehati,néhamo,V;IND;PRS;1;PL,0.0,0.0
nehati,néham,V;IND;PRS;1;SG,0.0,0.0
nehati,néhaš,V;IND;PRS;2;SG,0.0,0.0
nehati,néhata,V;IND;PRS;2;DU,0.0,0.0
nehati,néhata,V;IND;PRS;3;DU,0.0,0.0
nehati,néhate,V;IND;PRS;2;PL,0.0,0.0
nehati,néhati,V;NFIN,0.0,0.0
nehati,néhava,V;IND;PRS;1;DU,0.0,0.0
nehati,néha,V;IND;PRS;3;SG,0.0,0.0
nehati,sem bil néhal,V;IND;PRF;PST,0.0,0.0
nehati,sem néhal,V;IND;PST,0.0,0.0
nesti,bi bil nésel,V;COND;PST,0.0,5e-08
nesti,bi nésel,V;COND;PRS,0.0,5e-08
nesti,bom nésel,V;IND;FUT,0.0,5e-08
nesti,nêsejo,V;IND;PRS;3;PL,0.0,5e-08
nesti,nêsemo,V;IND;PRS;1;PL,0.0,5e-08
nesti,nêsem,V;IND;PRS;1;SG,0.0,5e-08
nesti,nêseš,V;IND;PRS;2;SG,0.0,5e-08
nesti,nêseta,V;IND;PRS;2;DU,0.0,5e-08
nesti,nêseta,V;IND;PRS;3;DU,0.0,5e-08
nesti,nêsete,V;IND;PRS;2;PL,0.0,5e-08
nesti,nêseva,V;IND;PRS;1;DU,0.0,5e-08
nesti,nêse,V;IND;PRS;3;SG,0.0,5e-08
nesti,nesímo,V;IMP;1;PL,0.0,5e-08
nesti,nesíta,V;IMP;2;DU,0.0,5e-08
nesti,nesíte,V;IMP;2;PL,0.0,5e-08
nesti,nesíva,V;IMP;1;DU,0.0,5e-08
nesti,nêsi,V;IMP;2;SG,1e-06,5e-08
nesti,nêsti,V;NFIN,0.0,5e-08
nesti,sem bil nésel,V;IND;PRF;PST,0.0,5e-08
nesti,sem nésel,V;IND;PST,0.0,5e-08
objeti,bi bil objél,V;COND;PST,0.0,5e-08
objeti,bi objél,V;COND;PRS,0.0,5e-08
objeti,bom objél,V;IND;FUT,0.0,5e-08
objeti,objámejo,V;IND;PRS;3;PL,0.0,5e-08
objeti,objámemo,V;IND;PRS;1;PL,0.0,5e-08
objeti,objámem,V;IND;PRS;1;SG,0.0,5e-08
objeti,objámeš,V;IND;PRS;2;SG,0.0,5e-08
objeti,objámeta,V;IND;PRS;2;DU,0.0,5e-08
objeti,objámeta,V;IND;PRS;3;DU,0.0,5e-08
objeti,objámete,V;IND;PRS;2;PL,0.0,5e-08
objeti,objámeva,V;IND;PRS;1;DU,0.0,5e-08
objeti,objáme,V;IND;PRS;3;SG,1e-06,5e-08
objeti,objemímo,V;IMP;1;PL,0.0,5e-08
objeti,objemíta,V;IMP;2;DU,0.0,5e-08
objeti,objemíte,V;IMP;2;PL,0.0,5e-08
objeti,objemíva,V;IMP;1;DU,0.0,5e-08
objeti,objêmi,V;IMP;2;SG,0.0,5e-08
objeti,objéti,V;NFIN,0.0,5e-08
objeti,sem bil objél,V;IND;PRF;PST,0.0,5e-08
objeti,sem objél,V;IND;PST,0.0,5e-08
odgovoriti,bi bil odgovóril,V;COND;PST,0.0,5e-08
odgovoriti,bi odgovóril,V;COND;PRS,0.0,5e-08
odgovoriti,bom odgovóril,V;IND;FUT,0.0,5e-08
odgovoriti,odgovoríjo,V;IND;PRS;3;PL,0.0,5e-08
odgovoriti,odgovorímo,V;IMP;1;PL,0.0,5e-08
odgovoriti,odgovorímo,V;IND;PRS;1;PL,0.0,5e-08
odgovoriti,odgovorím,V;IND;PRS;1;SG,0.0,5e-08
odgovoriti,odgovoríš,V;IND;PRS;2;SG,0.0,5e-08
odgovoriti,odgovoríta,V;IMP;2;DU,0.0,5e-08
odgovoriti,odgovoríta,V;IND;PRS;2;DU,0.0,5e-08
odgovoriti,odgovoríta,V;IND;PRS;3;DU,0.0,5e-08
odgovoriti,odgovoríte,V;IMP;2;PL,0.0,5e-08
odgovoriti,odgovoríte,V;IND;PRS;2;PL,0.0,5e-08
odgovoriti,odgovoríti,V;NFIN,0.0,5e-08
odgovoriti,odgovoríva,V;IMP;1;DU,0.0,5e-08
odgovoriti,odgovoríva,V;IND;PRS;1;DU,0.0,5e-08
odgovoriti,odgovôri,V;IMP;2;SG,0.0,5e-08
odgovoriti,odgovorí,V;IND;PRS;3;SG,1e-06,5e-08
odgovoriti,sem bil odgovóril,V;IND;PRF;PST,0.0,5e-08
odgovoriti,sem odgovóril,V;IND;PST,0.0,5e-08
opazovati,bi bil opazovàl,V;COND;PST,0.0,0.0
opazovati,bi opazovàl,V;COND;PRS,0.0,0.0
opazovati,bom opazovàl,V;IND;FUT,0.0,0.0
opazovati,opazováti,V;NFIN,0.0,0.0
opazovati,opazújejo,V;IND;PRS;3;PL,0.0,0.0
opazovati,opazújemo,V;IND;PRS;1;PL,0.0,0.0
opazovati,opazújem,V;IND;PRS;1;SG,0.0,0.0
opazovati,opazúješ,V;IND;PRS;2;SG,0.0,0.0
opazovati,opazújeta,V;IND;PRS;2;DU,0.0,0.0
opazovati,opazújeta,V;IND;PRS;3;DU,0.0,0.0
opazovati,opazújete,V;IND;PRS;2;PL,0.0,0.0
opazovati,opazújeva,V;IND;PRS;1;DU,0.0,0.0
opazovati,opazúje,V;IND;PRS;3;SG,0.0,0.0
opazovati,opazújmo,V;IMP;1;PL,0.0,0.0
opazovati,opazújta,V;IMP;2;DU,0.0,0.0
opazovati,opazújte,V;IMP;2;PL,0.0,0.0
opazovati,opazújva,V;IMP;1;DU,0.0,0.0
opazovati,opazúj,V;IMP;2;SG,0.0,0.0
opazovati,sem bil opazovàl,V;IND;PRF;PST,0.0,0.0
opazovati,sem opazovàl,V;IND;PST,0.0,0.0
otrpniti,bi bil otŕpnil,V;COND;PST,0.0,0.0
otrpniti,bi otŕpnil,V;COND;PRS,0.0,0.0
otrpniti,bom otŕpnil,V;IND;FUT,0.0,0.0
otrpniti,otŕpnejo,V;IND;PRS;3;PL,0.0,0.0
otrpniti,otŕpnemo,V;IND;PRS;1;PL,0.0,0.0
otrpniti,otŕpnem,V;IND;PRS;1;SG,0.0,0.0
otrpniti,otŕpneš,V;IND;PRS;2;SG,0.0,0.0
otrpniti,otŕpneta,V;IND;PRS;2;DU,0.0,0.0
otrpniti,otŕpneta,V;IND;PRS;3;DU,0.0,0.0
otrpniti,otŕpnete,V;IND;PRS;2;PL,0.0,0.0
otrpniti,otŕpneva,V;IND;PRS;1;DU,0.0,0.0
otrpniti,otŕpne,V;IND;PRS;3;SG,0.0,0.0
otrpniti,otŕpnimo,V;IMP;1;PL,0.0,0.0
otrpniti,otŕpnita,V;IMP;2;DU,0.0,0.0
otrpniti,otŕpnite,V;IMP;2;PL,0.0,0.0
otrpniti,otŕpniti,V;NFIN,0.0,0.0
otrpniti,otŕpniva,V;IMP;1;DU,0.0,0.0
otrpniti,otŕpni,V;IMP;2;SG,0.0,0.0
otrpniti,sem bil otŕpnil,V;IND;PRF;PST,0.0,0.0
otrpniti,sem otŕpnil,V;IND;PST,0.0,0.0
peči,bi bil pékel,V;COND;PST,0.0,5e-08
peči,bi pékel,V;COND;PRS,0.0,5e-08
peči,bom pékel,V;IND;FUT,0.0,5e-08
peči,pêčejo,V;IND;PRS;3;PL,0.0,5e-08
peči,pêčemo,V;IND;PRS;1;PL,0.0,5e-08
peči,pêčem,V;IND;PRS;1;SG,0.0,5e-08
peči,pêčeš,V;IND;PRS;2;SG,0.0,5e-08
peči,pêčeta,V;IND;PRS;2;DU,0.0,5e-08
peči,pêčeta,V;IND;PRS;3;DU,0.0,5e-08
peči,pêčete,V;IND;PRS;2;PL,0.0,5e-08
peči,pêčeva,V;IND;PRS;1;DU,0.0,5e-08
peči,pêče,V;IND;PRS;3;SG,0.0,5e-08
peči,pecímo,V;IMP;1;PL,0.0,5e-08
peči,pecíta,V;IMP;2;DU,0.0,5e-08
peči,pecíte,V;IMP;2;PL,0.0,5e-08
peči,pecíva,V;IMP;1;DU,0.0,5e-08
peči,pêci,V;IMP;2;SG,0.0,5e-08
peči,pêči,V;NFIN,1e-06,5e-08
peči,sem bil pékel,V;IND;PRF;PST,0.0,5e-08
peči,sem pékel,V;IND;PST,0.0,5e-08
pisati,bi bil písal,V;COND;PST,0.0,0.0
pisati,bi písal,V;COND;PRS,0.0,0.0
pisati,bom písal,V;IND;FUT,0.0,0.0
pisati,písati,V;NFIN,0.0,0.0
pisati,píšejo,V;IND;PRS;3;PL,0.0,0.0
pisati,píšemo,V;IND;PRS;1;PL,0.0,0.0
pisati,píšem,V;IND;PRS;1;SG,0.0,0.0
pisati,píšeš,V;IND;PRS;2;SG,0.0,0.0
pisati,píšeta,V;IND;PRS;2;DU,0.0,0.0
pisati,píšeta,V;IND;PRS;3;DU,0.0,0.0
pisati,píšete,V;IND;PRS;2;PL,0.0,0.0
pisati,píševa,V;IND;PRS;1;DU,0.0,0.0
pisati,píše,V;IND;PRS;3;SG,0.0,0.0
pisati,píšimo,V;IMP;1;PL,0.0,0.0
pisati,píšita,V;IMP;2;DU,0.0,0.0
pisati,píšite,V;IMP;2;PL,0.0,0.0
pisati,píšiva,V;IMP;1;DU,0.0,0.0
pisati,píši,V;IMP;2;SG,0.0,0.0
pisati,sem bil písal,V;IND;PRF;PST,0.0,0.0
pisati,sem písal,V;IND;PST,0.0,0.0
piti,bi bil píl,V;COND;PST,0.0,0.0
piti,bi píl,V;COND;PRS,0.0,0.0
piti,bom píl,V;IND;FUT,0.0,0.0
piti,píjejo,V;IND;PRS;3;PL,0.0,0.0
piti,píjemo,V;IND;PRS;1;PL,0.0,0.0
piti,píjem,V;IND;PRS;1;SG,0.0,0.0
piti,píješ,V;IND;PRS;2;SG,0.0,0.0
piti,píjeta,V;IND;PRS;2;DU,0.0,0.0
piti,píjeta,V;IND;PRS;3;DU,0.0,0.0
piti,píjete,V;IND;PRS;2;PL,0.0,0.0
piti,píjeva,V;IND;PRS;1;DU,0.0,0.0
piti,píje,V;IND;PRS;3;SG,0.0,0.0
piti,píjmo,V;IMP;1;PL,0.0,0.0
piti,píjta,V;IMP;2;DU,0.0,0.0
piti,píjte,V;IMP;2;PL,0.0,0.0
piti,píjva,V;IMP;1;DU,0.0,0.0
piti,píj,V;IMP;2;SG,0.0,0.0
piti,píti,V;NFIN,0.0,0.0
piti,sem bil píl,V;IND;PRF;PST,0.0,0.0
piti,sem píl,V;IND;PST,0.0,0.0
plavati,bi bil plával,V;COND;PST,0.0,0.0
plavati,bi plával,V;COND;PRS,0.0,0.0
plavati,bom plával,V;IND;FUT,0.0,0.0
plavati,plávajmo,V;IMP;1;PL,0.0,0.0
plavati,plávajo,V;IND;PRS;3;PL,0.0,0.0
plavati,plávajta,V;IMP;2;DU,0.0,0.0
plavati,plávajte,V;IMP;2;PL,0.0,0.0
plavati,plávajva,V;IMP;1;DU,0.0,0.0
plavati,plávaj,V;IMP;2;SG,0.0,0.0
plavati,plávamo,V;IND;PRS;1;PL,0.0,0.0
plavati,plávam,V;IND;PRS;1;SG,0.0,0.0
plavati,plávaš,V;IND;PRS;2;SG,0.0,0.0
plavati,plávata,V;IND;PRS;2;DU,0.0,0.0
plavati,plávata,V;IND;PRS;3;DU,0.0,0.0
plavati,plávate,V;IND;PRS;2;PL,0.0,0.0
plavati,plávati,V;NFIN,0.0,0.0
plavati,plávava,V;IND;PRS;1;DU,0.0,0.0
plavati,pláva,V;IND;PRS;3;SG,0.0,0.0
plavati,sem bil plával,V;IND;PRF;PST,0.0,0.0
plavati,sem plával,V;IND;PST,0.0,0.0
plesati,bi bil plésal,V;COND;PST,0.0,0.0
plesati,bi plésal,V;COND;PRS,0.0,0.0
plesati,bom plésal,V;IND;FUT,0.0,0.0
plesati,plésati,V;NFIN,0.0,0.0
plesati,pléšejo,V;IND;PRS;3;PL,0.0,0.0
plesati,pléšemo,V;IND;PRS;1;PL,0.0,0.0
plesati,pléšem,V;IND;PRS;1;SG,0.0,0.0
plesati,pléšeš,V;IND;PRS;2;SG,0.0,0.0
plesati,pléšeta,V;IND;PRS;2;DU,0.0,0.0
plesati,pléšeta,V;IND;PRS;3;DU,0.0,0.0
plesati,pléšete,V;IND;PRS;2;PL,0.0,0.0
plesati,pléševa,V;IND;PRS;1;DU,0.0,0.0
plesati,pléše,V;IND;PRS;3;SG,0.0,0.0
plesati,pléšimo,V;IMP;1;PL,0.0,0.0
plesati,pléšita,V;IMP;2;DU,0.0,0.0
plesati,pléšite,V;IMP;2;PL,0.0,0.0
plesati,pléšiva,V;IMP;1;DU,0.0,0.0
plesati,pléši,V;IMP;2;SG,0.0,0.0
plesati,sem bil plésal,V;IND;PRF;PST,0.0,0.0
plesati,sem plésal,V;IND;PST,0.0,0.0
pofukati,bi bil pofúkal,V;COND;PST,0.0,0.0
pofukati,bi pofúkal,V;COND;PRS,0.0,0.0
pofukati,bom pofúkal,V;IND;FUT,0.0,0.0
pofukati,pofúkajmo,V;IMP;1;PL,0.0,0.0
pofukati,pofúkajo,V;IND;PRS;3;PL,0.0,0.0
pofukati,pofúkajta,V;IMP;2;DU,0.0,0.0
pofukati,pofúkajte,V;IMP;2;PL,0.0,0.0
pofukati,pofúkajva,V;IMP;1;DU,0.0,0.0
pofukati,pofúkaj,V;IMP;2;SG,0.0,0.0
pofukati,pofúkamo,V;IND;PRS;1;PL,0.0,0.0
pofukati,pofúkam,V;IND;PRS;1;SG,0.0,0.0
pofukati,pofúkaš,V;IND;PRS;2;SG,0.0,0.0
pofukati,pofúkata,V;IND;PRS;2;DU,0.0,0.0
pofukati,pofúkata,V;IND;PRS;3;DU,0.0,0.0
pofukati,pofúkate,V;IND;PRS;2;PL,0.0,0.0
pofukati,pofúkati,V;NFIN,0.0,0.0
pofukati,pofúkava,V;IND;PRS;1;DU,0.0,0.0
pofukati,pofúka,V;IND;PRS;3;SG,0.0,0.0
pofukati,sem bil pofúkal,V;IND;PRF;PST,0.0,0.0
pofukati,sem pofúkal,V;IND;PST,0.0,0.0
pokazati,bi bil pokázal,V;COND;PST,0.0,0.0
pokazati,bi pokázal,V;COND;PRS,0.0,0.0
pokazati,bom pokázal,V;IND;FUT,0.0,0.0
pokazati,pokázati,V;NFIN,0.0,0.0
pokazati,pokážejo,V;IND;PRS;3;PL,0.0,0.0
pokazati,pokážemo,V;IND;PRS;1;PL,0.0,0.0
pokazati,pokážem,V;IND;PRS;1;SG,0.0,0.0
pokazati,pokážeš,V;IND;PRS;2;SG,0.0,0.0
pokazati,pokážeta,V;IND;PRS;2;DU,0.0,0.0
pokazati,pokážeta,V;IND;PRS;3;DU,0.0,0.0
pokazati,pokážete,V;IND;PRS;2;PL,0.0,0.0
pokazati,pokáževa,V;IND;PRS;1;DU,0.0,0.0
pokazati,pokáže,V;IND;PRS;3;SG,0.0,0.0
pokazati,pokážimo,V;IMP;1;PL,0.0,0.0
pokazati,pokážita,V;IMP;2;DU,0.0,0.0
pokazati,pokážite,V;IMP;2;PL,0.0,0.0
pokazati,pokáživa,V;IMP;1;DU,0.0,0.0
pokazati,pokáži,V;IMP;2;SG,0.0,0.0
pokazati,sem bil pokázal,V;IND;PRF;PST,0.0,0.0
pokazati,sem pokázal,V;IND;PST,0.0,0.0
polizati,bi bil polízal,V;COND;PST,0.0,0.0
polizati,bi polízal,V;COND;PRS,0.0,0.0
polizati,bom polízal,V;IND;FUT,0.0,0.0
polizati,polízati,V;NFIN,0.0,0.0
polizati,polížejo,V;IND;PRS;3;PL,0.0,0.0
polizati,polížemo,V;IND;PRS;1;PL,0.0,0.0
polizati,polížem,V;IND;PRS;1;SG,0.0,0.0
polizati,polížeš,V;IND;PRS;2;SG,0.0,0.0
polizati,polížeta,V;IND;PRS;2;DU,0.0,0.0
polizati,polížeta,V;IND;PRS;3;DU,0.0,0.0
polizati,polížete,V;IND;PRS;2;PL,0.0,0.0
polizati,políževa,V;IND;PRS;1;DU,0.0,0.0
polizati,políže,V;IND;PRS;3;SG,0.0,0.0
polizati,polížimo,V;IMP;1;PL,0.0,0.0
polizati,polížita,V;IMP;2;DU,0.0,0.0
polizati,polížite,V;IMP;2;PL,0.0,0.0
polizati,políživa,V;IMP;1;DU,0.0,0.0
polizati,políži,V;IMP;2;SG,0.0,0.0
polizati,sem bil polízal,V;IND;PRF;PST,0.0,0.0
polizati,sem polízal,V;IND;PST,0.0,0.0
poljubiti,bi bil poljúbil,V;COND;PST,0.0,0.0
poljubiti,bi poljúbil,V;COND;PRS,0.0,0.0
poljubiti,bom poljúbil,V;IND;FUT,0.0,0.0
poljubiti,poljúbijo,V;IND;PRS;3;PL,0.0,0.0
poljubiti,poljubímo,V;IMP;1;PL,0.0,0.0
poljubiti,poljúbimo,V;IND;PRS;1;PL,0.0,0.0
poljubiti,poljúbim,V;IND;PRS;1;SG,0.0,0.0
poljubiti,poljúbiš,V;IND;PRS;2;SG,0.0,0.0
poljubiti,poljubíta,V;IMP;2;DU,0.0,0.0
poljubiti,poljúbita,V;IND;PRS;2;DU,0.0,0.0
poljubiti,poljúbita,V;IND;PRS;3;DU,0.0,0.0
poljubiti,poljubíte,V;IMP;2;PL,0.0,0.0
poljubiti,poljúbite,V;IND;PRS;2;PL,0.0,0.0
poljubiti,poljubíti,V;NFIN,0.0,0.0
poljubiti,poljubíva,V;IMP;1;DU,0.0,0.0
poljubiti,poljúbiva,V;IND;PRS;1;DU,0.0,0.0
poljubiti,poljúbi,V;IMP;2;SG,0.0,0.0
poljubiti,poljúbi,V;IND;PRS;3;SG,0.0,0.0
poljubiti,sem bil poljúbil,V;IND;PRF;PST,0.0,0.0
poljubiti,sem poljúbil,V;IND;PST,0.0,0.0
pomagati,bi bil pomágal,V;COND;PST,0.0,0.0
pomagati,bi pomágal,V;COND;PRS,0.0,0.0
pomagati,bom pomágal,V;IND;FUT,0.0,0.0
pomagati,pomágajmo,V;IMP;1;PL,0.0,0.0
pomagati,pomágajo,V;IND;PRS;3;PL,0.0,0.0
pomagati,pomágajta,V;IMP;2;DU,0.0,0.0
pomagati,pomágajte,V;IMP;2;PL,0.0,0.0
pomagati,pomágajva,V;IMP;1;DU,0.0,0.0
pomagati,pomágaj,V;IMP;2;SG,0.0,0.0
pomagati,pomágamo,V;IND;PRS;1;PL,0.0,0.0
pomagati,pomágam,V;IND;PRS;1;SG,0.0,0.0
pomagati,pomágaš,V;IND;PRS;2;SG,0.0,0.0
pomagati,pomágata,V;IND;PRS;2;DU,0.0,0.0
pomagati,pomágata,V;IND;PRS;3;DU,0.0,0.0
pomagati,pomágate,V;IND;PRS;2;PL,0.0,0.0
pomagati,pomágati,V;NFIN,0.0,0.0
pomagati,pomágava,V;IND;PRS;1;DU,0.0,0.0
pomagati,pomága,V;IND;PRS;3;SG,0.0,0.0
pomagati,sem bil pomágal,V;IND;PRF;PST,0.0,0.0
pomagati,sem pomágal,V;IND;PST,0.0,0.0
ponarediti,bi bil ponarédil,V;COND;PST,0.0,0.0
ponarediti,bi ponarédil,V;COND;PRS,0.0,0.0
ponarediti,bom ponarédil,V;IND;FUT,0.0,0.0
ponarediti,ponaredíjo,V;IND;PRS;3;PL,0.0,0.0
ponarediti,ponaredímo,V;IMP;1;PL,0.0,0.0
ponarediti,ponaredímo,V;IND;PRS;1;PL,0.0,0.0
ponarediti,ponaredím,V;IND;PRS;1;SG,0.0,0.0
ponarediti,ponaredíš,V;IND;PRS;2;SG,0.0,0.0
ponarediti,ponaredíta,V;IMP;2;DU,0.0,0.0
ponarediti,ponaredíta,V;IND;PRS;2;DU,0.0,0.0
ponarediti,ponaredíta,V;IND;PRS;3;DU,0.0,0.0
ponarediti,ponaredíte,V;IMP;2;PL,0.0,0.0
ponarediti,ponaredíte,V;IND;PRS;2;PL,0.0,0.0
ponarediti,ponaredíti,V;NFIN,0.0,0.0
ponarediti,ponaredíva,V;IMP;1;DU,0.0,0.0
ponarediti,ponaredíva,V;IND;PRS;1;DU,0.0,0.0
ponarediti,ponarêdi,V;IMP;2;SG,0.0,0.0
ponarediti,ponaredí,V;IND;PRS;3;SG,0.0,0.0
ponarediti,sem bil ponarédil,V;IND;PRF;PST,0.0,0.0
ponarediti,sem ponarédil,V;IND;PST,0.0,0.0
potrebovati,bi bil potrebovàl,V;COND;PST,0.0,0.0
potrebovati,bi potrebovàl,V;COND;PRS,0.0,0.0
potrebovati,bom potrebovàl,V;IND;FUT,0.0,0.0
potrebovati,potrebováti,V;NFIN,0.0,0.0
potrebovati,potrebújejo,V;IND;PRS;3;PL,0.0,0.0
potrebovati,potrebújemo,V;IND;PRS;1;PL,0.0,0.0
potrebovati,potrebújem,V;IND;PRS;1;SG,0.0,0.0
potrebovati,potrebúješ,V;IND;PRS;2;SG,0.0,0.0
potrebovati,potrebújeta,V;IND;PRS;2;DU,0.0,0.0
potrebovati,potrebújeta,V;IND;PRS;3;DU,0.0,0.0
potrebovati,potrebújete,V;IND;PRS;2;PL,0.0,0.0
potrebovati,potrebújeva,V;IND;PRS;1;DU,0.0,0.0
potrebovati,potrebúje,V;IND;PRS;3;SG,0.0,0.0
potrebovati,potrebújmo,V;IMP;1;PL,0.0,0.0
potrebovati,potrebújta,V;IMP;2;DU,0.0,0.0
potrebovati,potrebújte,V;IMP;2;PL,0.0,0.0
potrebovati,potrebújva,V;IMP;1;DU,0.0,0.0
potrebovati,potrebúj,V;IMP;2;SG,0.0,0.0
potrebovati,sem bil potrebovàl,V;IND;PRF;PST,0.0,0.0
potrebovati,sem potrebovàl,V;IND;PST,0.0,0.0
pozabiti,bi bil pozábil,V;COND;PST,0.0,0.0
pozabiti,bi pozábil,V;COND;PRS,0.0,0.0
pozabiti,bom pozábil,V;IND;FUT,0.0,0.0
pozabiti,pozábijo,V;IND;PRS;3;PL,0.0,0.0
pozabiti,pozabímo,V;IMP;1;PL,0.0,0.0
pozabiti,pozábimo,V;IND;PRS;1;PL,0.0,0.0
pozabiti,pozábim,V;IND;PRS;1;SG,0.0,0.0
pozabiti,pozábiš,V;IND;PRS;2;SG,0.0,0.0
pozabiti,pozabíta,V;IMP;2;DU,0.0,0.0
pozabiti,pozábita,V;IND;PRS;2;DU,0.0,0.0
pozabiti,pozábita,V;IND;PRS;3;DU,0.0,0.0
pozabiti,pozabíte,V;IMP;2;PL,0.0,0.0
pozabiti,pozábite,V;IND;PRS;2;PL,0.0,0.0
pozabiti,pozabíti,V;NFIN,0.0,0.0
pozabiti,pozabíva,V;IMP;1;DU,0.0,0.0
pozabiti,pozábiva,V;IND;PRS;1;DU,0.0,0.0
pozabiti,pozábi,V;IMP;2;SG,0.0,0.0
pozabiti,pozábi,V;IND;PRS;3;SG,0.0,0.0
pozabiti,sem bil pozábil,V;IND;PRF;PST,0.0,0.0
pozabiti,sem pozábil,V;IND;PST,0.0,0.0
prazniti,bi bil práznil,V;COND;PST,0.0,0.0
prazniti,bi práznil,V;COND;PRS,0.0,0.0
prazniti,bom práznil,V;IND;FUT,0.0,0.0
prazniti,práznijo,V;IND;PRS;3;PL,0.0,0.0
prazniti,práznimo,V;IMP;1;PL,0.0,0.0
prazniti,práznimo,V;IND;PRS;1;PL,0.0,0.0
prazniti,práznim,V;IND;PRS;1;SG,0.0,0.0
prazniti,prázniš,V;IND;PRS;2;SG,0.0,0.0
prazniti,práznita,V;IMP;2;DU,0.0,0.0
prazniti,práznita,V;IND;PRS;2;DU,0.0,0.0
prazniti,práznita,V;IND;PRS;3;DU,0.0,0.0
prazniti,práznite,V;IMP;2;PL,0.0,0.0
prazniti,práznite,V;IND;PRS;2;PL,0.0,0.0
prazniti,prazníti,V;NFIN,0.0,0.0
prazniti,prázniva,V;IMP;1;DU,0.0,0.0
prazniti,prázniva,V;IND;PRS;1;DU,0.0,0.0
prazniti,prázni,V;IMP;2;SG,0.0,0.0
prazniti,prázni,V;IND;PRS;3;SG,0.0,0.0
prazniti,sem bil práznil,V;IND;PRF;PST,0.0,0.0
prazniti,sem práznil,V;IND;PST,0.0,0.0
predlagati,bi bil predlágal,V;COND;PST,0.0,0.0
predlagati,bi predlágal,V;COND;PRS,0.0,0.0
predlagati,bom predlágal,V;IND;FUT,0.0,0.0
predlagati,predlágajmo,V;IMP;1;PL,0.0,0.0
predlagati,predlágajo,V;IND;PRS;3;PL,0.0,0.0
predlagati,predlágajta,V;IMP;2;DU,0.0,0.0
predlagati,predlágajte,V;IMP;2;PL,0.0,0.0
predlagati,predlágajva,V;IMP;1;DU,0.0,0.0
predlagati,predlágaj,V;IMP;2;SG,0.0,0.0
predlagati,predlágamo,V;IND;PRS;1;PL,0.0,0.0
predlagati,predlágam,V;IND;PRS;1;SG,0.0,0.0
predlagati,predlágaš,V;IND;PRS;2;SG,0.0,0.0
predlagati,predlágata,V;IND;PRS;2;DU,0.0,0.0
predlagati,predlágata,V;IND;PRS;3;DU,0.0,0.0
predlagati,predlágate,V;IND;PRS;2;PL,0.0,0.0
predlagati,predlágati,V;NFIN,0.0,0.0
predlagati,predlágava,V;IND;PRS;1;DU,0.0,0.0
predlagati,predlága,V;IND;PRS;3;SG,0.0,0.0
predlagati,sem bil predlágal,V;IND;PRF;PST,0.0,0.0
predlagati,sem predlágal,V;IND;PST,0.0,0.0
pričakovati,bi bil pričakovàl,V;COND;PST,0.0,0.0
pričakovati,bi pričakovàl,V;COND;PRS,0.0,0.0
pričakovati,bom pričakovàl,V;IND;FUT,0.0,0.0
pričakovati,pričakováti,V;NFIN,0.0,0.0
pričakovati,pričakújejo,V;IND;PRS;3;PL,0.0,0.0
pričakovati,pričakújemo,V;IND;PRS;1;PL,0.0,0.0
pričakovati,pričakújem,V;IND;PRS;1;SG,0.0,0.0
pričakovati,pričakúješ,V;IND;PRS;2;SG,0.0,0.0
pričakovati,pričakújeta,V;IND;PRS;2;DU,0.0,0.0
pričakovati,pričakújeta,V;IND;PRS;3;DU,0.0,0.0
pričakovati,pričakújete,V;IND;PRS;2;PL,0.0,0.0
pričakovati,pričakújeva,V;IND;PRS;1;DU,0.0,0.0
pričakovati,pričakúje,V;IND;PRS;3;SG,0.0,0.0
pričakovati,pričakújmo,V;IMP;1;PL,0.0,0.0
pričakovati,pričakújta,V;IMP;2;DU,0.0,0.0
pričakovati,pričakújte,V;IMP;2;PL,0.0,0.0
pričakovati,pričakújva,V;IMP;1;DU,0.0,0.0
pričakovati,pričakúj,V;IMP;2;SG,0.0,0.0
pričakovati,sem bil pričakovàl,V;IND;PRF;PST,0.0,0.0
pričakovati,sem pričakovàl,V;IND;PST,0.0,0.0
priznati,bi bil priznàl,V;COND;PST,0.0,0.0
priznati,bi priznàl,V;COND;PRS,0.0,0.0
priznati,bom priznàl,V;IND;FUT,0.0,0.0
priznati,priznájmo,V;IMP;1;PL,0.0,0.0
priznati,priznájo,V;IND;PRS;3;PL,0.0,0.0
priznati,priznájta,V;IMP;2;DU,0.0,0.0
priznati,priznájte,V;IMP;2;PL,0.0,0.0
priznati,priznájva,V;IMP;1;DU,0.0,0.0
priznati,priznàj,V;IMP;2;SG,0.0,0.0
priznati,priznámo,V;IND;PRS;1;PL,0.0,0.0
priznati,priznám,V;IND;PRS;1;SG,0.0,0.0
priznati,priznáš,V;IND;PRS;2;SG,0.0,0.0
priznati,priznáta,V;IND;PRS;2;DU,0.0,0.0
priznati,priznáta,V;IND;PRS;3;DU,0.0,0.0
priznati,priznáte,V;IND;PRS;2;PL,0.0,0.0
priznati,priznáti,V;NFIN,0.0,0.0
priznati,priznáva,V;IND;PRS;1;DU,0.0,0.0
priznati,prizná,V;IND;PRS;3;SG,0.0,0.0
priznati,sem bil priznàl,V;IND;PRF;PST,0.0,0.0
priznati,sem priznàl,V;IND;PST,0.0,0.0
priznavati,bi bil priznával,V;COND;PST,0.0,0.0
priznavati,bi priznával,V;COND;PRS,0.0,0.0
priznavati,bom priznával,V;IND;FUT,0.0,0.0
priznavati,priznávajmo,V;IMP;1;PL,0.0,0.0
priznavati,priznávajo,V;IND;PRS;3;PL,0.0,0.0
priznavati,priznávajta,V;IMP;2;DU,0.0,0.0
priznavati,priznávajte,V;IMP;2;PL,0.0,0.0
priznavati,priznávajva,V;IMP;1;DU,0.0,0.0
priznavati,priznávaj,V;IMP;2;SG,0.0,0.0
priznavati,priznávamo,V;IND;PRS;1;PL,0.0,0.0
priznavati,priznávam,V;IND;PRS;1;SG,0.0,0.0
priznavati,priznávaš,V;IND;PRS;2;SG,0.0,0.0
priznavati,priznávata,V;IND;PRS;2;DU,0.0,0.0
priznavati,priznávata,V;IND;PRS;3;DU,0.0,0.0
priznavati,priznávate,V;IND;PRS;2;PL,0.0,0.0
priznavati,priznávati,V;NFIN,0.0,0.0
priznavati,priznávava,V;IND;PRS;1;DU,0.0,0.0
priznavati,priznáva,V;IND;PRS;3;SG,0.0,0.0
priznavati,sem bil priznával,V;IND;PRF;PST,0.0,0.0
priznavati,sem priznával,V;IND;PST,0.0,0.0
puščati,bi bil púščal,V;COND;PST,0.0,0.0
puščati,bi púščal,V;COND;PRS,0.0,0.0
puščati,bom púščal,V;IND;FUT,0.0,0.0
puščati,púščajmo,V;IMP;1;PL,0.0,0.0
puščati,púščajo,V;IND;PRS;3;PL,0.0,0.0
puščati,púščajta,V;IMP;2;DU,0.0,0.0
puščati,púščajte,V;IMP;2;PL,0.0,0.0
puščati,púščajva,V;IMP;1;DU,0.0,0.0
puščati,púščaj,V;IMP;2;SG,0.0,0.0
puščati,púščamo,V;IND;PRS;1;PL,0.0,0.0
puščati,púščam,V;IND;PRS;1;SG,0.0,0.0
puščati,púščaš,V;IND;PRS;2;SG,0.0,0.0
puščati,púščata,V;IND;PRS;2;DU,0.0,0.0
puščati,púščata,V;IND;PRS;3;DU,0.0,0.0
puščati,púščate,V;IND;PRS;2;PL,0.0,0.0
puščati,púščati,V;NFIN,0.0,0.0
puščati,púščava,V;IND;PRS;1;DU,0.0,0.0
puščati,púšča,V;IND;PRS;3;SG,0.0,0.0
puščati,sem bil púščal,V;IND;PRF;PST,0.0,0.0
puščati,sem púščal,V;IND;PST,0.0,0.0
razumeti,bi bil razúmel,V;COND;PST,0.0,0.0
razumeti,bi razúmel,V;COND;PRS,0.0,0.0
razumeti,bom razúmel,V;IND;FUT,0.0,0.0
razumeti,razúmejo,V;IND;PRS;3;PL,0.0,0.0
razumeti,razúmemo,V;IND;PRS;1;PL,0.0,0.0
razumeti,razúmem,V;IND;PRS;1;SG,0.0,0.0
razumeti,razúmeš,V;IND;PRS;2;SG,0.0,0.0
razumeti,razúmeta,V;IND;PRS;2;DU,0.0,0.0
razumeti,razúmeta,V;IND;PRS;3;DU,0.0,0.0
razumeti,razúmete,V;IND;PRS;2;PL,0.0,0.0
razumeti,razuméti,V;NFIN,0.0,0.0
razumeti,razúmeva,V;IND;PRS;1;DU,0.0,0.0
razumeti,razúme,V;IND;PRS;3;SG,0.0,0.0
razumeti,razumímo,V;IMP;1;PL,0.0,0.0
razumeti,razumíta,V;IMP;2;DU,0.0,0.0
razumeti,razumíte,V;IMP;2;PL,0.0,0.0
razumeti,razumíva,V;IMP;1;DU,0.0,0.0
razumeti,razúmi,V;IMP;2;SG,0.0,0.0
razumeti,sem bil razúmel,V;IND;PRF;PST,0.0,0.0
razumeti,sem razúmel,V;IND;PST,0.0,0.0
rezati,bi bil rézal,V;COND;PST,0.0,0.0
rezati,bi rézal,V;COND;PRS,0.0,0.0
rezati,bom rézal,V;IND;FUT,0.0,0.0
rezati,rézati,V;NFIN,0.0,0.0
rezati,réžejo,V;IND;PRS;3;PL,0.0,0.0
rezati,réžemo,V;IND;PRS;1;PL,0.0,0.0
rezati,réžem,V;IND;PRS;1;SG,0.0,0.0
rezati,réžeš,V;IND;PRS;2;SG,0.0,0.0
rezati,réžeta,V;IND;PRS;2;DU,0.0,0.0
rezati,réžeta,V;IND;PRS;3;DU,0.0,0.0
rezati,réžete,V;IND;PRS;2;PL,0.0,0.0
rezati,réževa,V;IND;PRS;1;DU,0.0,0.0
rezati,réže,V;IND;PRS;3;SG,0.0,0.0
rezati,réžimo,V;IMP;1;PL,0.0,0.0
rezati,réžita,V;IMP;2;DU,0.0,0.0
rezati,réžite,V;IMP;2;PL,0.0,0.0
rezati,réživa,V;IMP;1;DU,0.0,0.0
rezati,réži,V;IMP;2;SG,0.0,0.0
rezati,sem bil rézal,V;IND;PRF;PST,0.0,0.0
rezati,sem rézal,V;IND;PST,0.0,0.0
risati,bi bil rísal,V;COND;PST,0.0,0.0
risati,bi rísal,V;COND;PRS,0.0,0.0
risati,bom rísal,V;IND;FUT,0.0,0.0
risati,rísati,V;NFIN,0.0,0.0
risati,ríšejo,V;IND;PRS;3;PL,0.0,0.0
risati,ríšemo,V;IND;PRS;1;PL,0.0,0.0
risati,ríšem,V;IND;PRS;1;SG,0.0,0.0
risati,ríšeš,V;IND;PRS;2;SG,0.0,0.0
risati,ríšeta,V;IND;PRS;2;DU,0.0,0.0
risati,ríšeta,V;IND;PRS;3;DU,0.0,0.0
risati,ríšete,V;IND;PRS;2;PL,0.0,0.0
risati,ríševa,V;IND;PRS;1;DU,0.0,0.0
risati,ríše,V;IND;PRS;3;SG,0.0,0.0
risati,ríšimo,V;IMP;1;PL,0.0,0.0
risati,ríšita,V;IMP;2;DU,0.0,0.0
risati,ríšite,V;IMP;2;PL,0.0,0.0
risati,ríšiva,V;IMP;1;DU,0.0,0.0
risati,ríši,V;IMP;2;SG,0.0,0.0
risati,sem bil rísal,V;IND;PRF;PST,0.0,0.0
risati,sem rísal,V;IND;PST,0.0,0.0
roditi se,bi bil rodíl,V;COND;PST,0.0,0.0
roditi se,bi rodíl,V;COND;PRS,0.0,0.0
roditi se,bom rodíl,V;IND;FUT,0.0,0.0
roditi se,rodíjo,V;IND;PRS;3;PL,0.0,0.0
roditi se,rodímo,V;IMP;1;PL,0.0,0.0
roditi se,rodímo,V;IND;PRS;1;PL,0.0,0.0
roditi se,rodím,V;IND;PRS;1;SG,0.0,0.0
roditi se,rodíš,V;IND;PRS;2;SG,0.0,0.0
roditi se,rodíta,V;IMP;2;DU,0.0,0.0
roditi se,rodíta,V;IND;PRS;2;DU,0.0,0.0
roditi se,rodíta,V;IND;PRS;3;DU,0.0,0.0
roditi se,rodíte,V;IMP;2;PL,0.0,0.0
roditi se,rodíte,V;IND;PRS;2;PL,0.0,0.0
roditi se,rodíti,V;NFIN,0.0,0.0
roditi se,rodíva,V;IMP;1;DU,0.0,0.0
roditi se,rodíva,V;IND;PRS;1;DU,0.0,0.0
roditi se,rôdi,V;IMP;2;SG,0.0,0.0
roditi se,rodí,V;IND;PRS;3;SG,0.0,0.0
roditi se,sem bil rodíl,V;IND;PRF;PST,0.0,0.0
roditi se,sem rodíl,V;IND;PST,0.0,0.0
sedeti,bi bil sedél,V;COND;PST,0.0,0.0
sedeti,bi sedél,V;COND;PRS,0.0,0.0
sedeti,bom sedél,V;IND;FUT,0.0,0.0
sedeti,sedéti,V;NFIN,0.0,0.0
sedeti,sedíjo,V;IND;PRS;3;PL,0.0,0.0
sedeti,sedímo,V;IMP;1;PL,0.0,0.0
sedeti,sedímo,V;IND;PRS;1;PL,0.0,0.0
sedeti,sedím,V;IND;PRS;1;SG,0.0,0.0
sedeti,sedíš,V;IND;PRS;2;SG,0.0,0.0
sedeti,sedíta,V;IMP;2;DU,0.0,0.0
sedeti,sedíta,V;IND;PRS;2;DU,0.0,0.0
sedeti,sedíta,V;IND;PRS;3;DU,0.0,0.0
sedeti,sedíte,V;IMP;2;PL,0.0,0.0
sedeti,sedíte,V;IND;PRS;2;PL,0.0,0.0
sedeti,sedíva,V;IMP;1;DU,0.0,0.0
sedeti,sedíva,V;IND;PRS;1;DU,0.0,0.0
sedeti,sédi,V;IMP;2;SG,0.0,0.0
sedeti,sedí,V;IND;PRS;3;SG,0.0,0.0
sedeti,sem bil sedél,V;IND;PRF;PST,0.0,0.0
sedeti,sem sedél,V;IND;PST,0.0,0.0
seksati,bi bil séksal,V;COND;PST,0.0,0.0
seksati,bi séksal,V;COND;PRS,0.0,0.0
seksati,bom séksal,V;IND;FUT,0.0,0.0
seksati,séksajmo,V;IMP;1;PL,0.0,0.0
seksati,séksajo,V;IND;PRS;3;PL,0.0,0.0
seksati,séksajta,V;IMP;2;DU,0.0,0.0
seksati,séksajte,V;IMP;2;PL,0.0,0.0
seksati,séksajva,V;IMP;1;DU,0.0,0.0
seksati,séksaj,V;IMP;2;SG,0.0,0.0
seksati,séksamo,V;IND;PRS;1;PL,0.0,0.0
seksati,séksam,V;IND;PRS;1;SG,0.0,0.0
seksati,séksaš,V;IND;PRS;2;SG,0.0,0.0
seksati,séksata,V;IND;PRS;2;DU,0.0,0.0
seksati,séksata,V;IND;PRS;3;DU,0.0,0.0
seksati,séksate,V;IND;PRS;2;PL,0.0,0.0
seksati,séksati,V;NFIN,0.0,0.0
seksati,séksava,V;IND;PRS;1;DU,0.0,0.0
seksati,séksa,V;IND;PRS;3;SG,0.0,0.0
seksati,sem bil séksal,V;IND;PRF;PST,0.0,0.0
seksati,sem séksal,V;IND;PST,0.0,0.0
sesti,bi bil sédel,V;COND;PST,0.0,0.0
sesti,bi sédel,V;COND;PRS,0.0,0.0
sesti,bom sédel,V;IND;FUT,0.0,0.0
sesti,sédejo,V;IND;PRS;3;PL,0.0,0.0
sesti,sédemo,V;IND;PRS;1;PL,0.0,0.0
sesti,sédem,V;IND;PRS;1;SG,0.0,0.0
sesti,sédeš,V;IND;PRS;2;SG,0.0,0.0
sesti,sédeta,V;IND;PRS;2;DU,0.0,0.0
sesti,sédeta,V;IND;PRS;3;DU,0.0,0.0
sesti,sédete,V;IND;PRS;2;PL,0.0,0.0
sesti,sédeva,V;IND;PRS;1;DU,0.0,0.0
sesti,séde,V;IND;PRS;3;SG,0.0,0.0
sesti,sédimo,V;IMP;1;PL,0.0,0.0
sesti,sédita,V;IMP;2;DU,0.0,0.0
sesti,sédite,V;IMP;2;PL,0.0,0.0
sesti,sédiva,V;IMP;1;DU,0.0,0.0
sesti,sédi,V;IMP;2;SG,0.0,0.0
sesti,sem bil sédel,V;IND;PRF;PST,0.0,0.0
sesti,sem sédel,V;IND;PST,0.0,0.0
sesti,sésti,V;NFIN,0.0,0.0
skriti,bi bil skrìl,V;COND;PST,0.0,0.0
skriti,bi skrìl,V;COND;PRS,0.0,0.0
skriti,bom skrìl,V;IND;FUT,0.0,0.0
skriti,sem bil skrìl,V;IND;PRF;PST,0.0,0.0
skriti,sem skrìl,V;IND;PST,0.0,0.0
skriti,skríjejo,V;IND;PRS;3;PL,0.0,0.0
skriti,skríjemo,V;IND;PRS;1;PL,0.0,0.0
skriti,skríjem,V;IND;PRS;1;SG,0.0,0.0
skriti,skríješ,V;IND;PRS;2;SG,0.0,0.0
skriti,skríjeta,V;IND;PRS;2;DU,0.0,0.0
skriti,skríjeta,V;IND;PRS;3;DU,0.0,0.0
skriti,skríjete,V;IND;PRS;2;PL,0.0,0.0
skriti,skríjeva,V;IND;PRS;1;DU,0.0,0.0
skriti,skríje,V;IND;PRS;3;SG,0.0,0.0
skriti,skríjmo,V;IMP;1;PL,0.0,0.0
skriti,skríjta,V;IMP;2;DU,0.0,0.0
skriti,skríjte,V;IMP;2;PL,0.0,0.0
skriti,skríjva,V;IMP;1;DU,0.0,0.0
skriti,skríj,V;IMP;2;SG,0.0,0.0
skriti,skríti,V;NFIN,0.0,0.0
slikati,bi bil slíkal,V;COND;PST,0.0,0.0
slikati,bi slíkal,V;COND;PRS,0.0,0.0
slikati,bom slíkal,V;IND;FUT,0.0,0.0
slikati,sem bil slíkal,V;IND;PRF;PST,0.0,0.0
slikati,sem slíkal,V;IND;PST,0.0,0.0
slikati,slíkajmo,V;IMP;1;PL,0.0,0.0
slikati,slíkajo,V;IND;PRS;3;PL,0.0,0.0
slikati,slíkajta,V;IMP;2;DU,0.0,0.0
slikati,slíkajte,V;IMP;2;PL,0.0,0.0
slikati,slíkajva,V;IMP;1;DU,0.0,0.0
slikati,slíkaj,V;IMP;2;SG,0.0,0.0
slikati,slíkamo,V;IND;PRS;1;PL,0.0,0.0
slikati,slíkam,V;IND;PRS;1;SG,0.0,0.0
slikati,slíkaš,V;IND;PRS;2;SG,0.0,0.0
slikati,slíkata,V;IND;PRS;2;DU,0.0,0.0
slikati,slíkata,V;IND;PRS;3;DU,0.0,0.0
slikati,slíkate,V;IND;PRS;2;PL,0.0,0.0
slikati,slíkati,V;NFIN,0.0,0.0
slikati,slíkava,V;IND;PRS;1;DU,0.0,0.0
slikati,slíka,V;IND;PRS;3;SG,0.0,0.0
smučati,bi bil smúčal,V;COND;PST,0.0,0.0
smučati,bi smúčal,V;COND;PRS,0.0,0.0
smučati,bom smúčal,V;IND;FUT,0.0,0.0
smučati,sem bil smúčal,V;IND;PRF;PST,0.0,0.0
smučati,sem smúčal,V;IND;PST,0.0,0.0
smučati,smúčajmo,V;IMP;1;PL,0.0,0.0
smučati,smúčajo,V;IND;PRS;3;PL,0.0,0.0
smučati,smúčajta,V;IMP;2;DU,0.0,0.0
smučati,smúčajte,V;IMP;2;PL,0.0,0.0
smučati,smúčajva,V;IMP;1;DU,0.0,0.0
smučati,smúčaj,V;IMP;2;SG,0.0,0.0
smučati,smúčamo,V;IND;PRS;1;PL,0.0,0.0
smučati,smúčam,V;IND;PRS;1;SG,0.0,0.0
smučati,smúčaš,V;IND;PRS;2;SG,0.0,0.0
smučati,smúčata,V;IND;PRS;2;DU,0.0,0.0
smučati,smúčata,V;IND;PRS;3;DU,0.0,0.0
smučati,smúčate,V;IND;PRS;2;PL,0.0,0.0
smučati,smúčati,V;NFIN,0.0,0.0
smučati,smúčava,V;IND;PRS;1;DU,0.0,0.0
smučati,smúča,V;IND;PRS;3;SG,0.0,0.0
sneti,bi bil snél,V;COND;PST,0.0,0.0
sneti,bi snél,V;COND;PRS,0.0,0.0
sneti,bom snél,V;IND;FUT,0.0,0.0
sneti,sem bil snél,V;IND;PRF;PST,0.0,0.0
sneti,sem snél,V;IND;PST,0.0,0.0
sneti,snámejo,V;IND;PRS;3;PL,0.0,0.0
sneti,snámemo,V;IND;PRS;1;PL,0.0,0.0
sneti,snámem,V;IND;PRS;1;SG,0.0,0.0
sneti,snámeš,V;IND;PRS;2;SG,0.0,0.0
sneti,snámeta,V;IND;PRS;2;DU,0.0,0.0
sneti,snámeta,V;IND;PRS;3;DU,0.0,0.0
sneti,snámete,V;IND;PRS;2;PL,0.0,0.0
sneti,snámeva,V;IND;PRS;1;DU,0.0,0.0
sneti,snáme,V;IND;PRS;3;SG,0.0,0.0
sneti,snemímo,V;IMP;1;PL,0.0,0.0
sneti,snemíta,V;IMP;2;DU,0.0,0.0
sneti,snemíte,V;IMP;2;PL,0.0,0.0
sneti,snemíva,V;IMP;1;DU,0.0,0.0
sneti,snêmi,V;IMP;2;SG,0.0,0.0
sneti,snéti,V;NFIN,0.0,0.0
spominjati,bi bil spomínjal,V;COND;PST,0.0,0.0
spominjati,bi spomínjal,V;COND;PRS,0.0,0.0
spominjati,bom spomínjal,V;IND;FUT,0.0,0.0
spominjati,sem bil spomínjal,V;IND;PRF;PST,0.0,0.0
spominjati,sem spomínjal,V;IND;PST,0.0,0.0
spominjati,spomínjajmo,V;IMP;1;PL,0.0,0.0
spominjati,spomínjajo,V;IND;PRS;3;PL,0.0,0.0
spominjati,spomínjajta,V;IMP;2;DU,0.0,0.0
spominjati,spomínjajte,V;IMP;2;PL,0.0,0.0
spominjati,spomínjajva,V;IMP;1;DU,0.0,0.0
spominjati,spomínjaj,V;IMP;2;SG,0.0,0.0
spominjati,spomínjamo,V;IND;PRS;1;PL,0.0,0.0
spominjati,spomínjam,V;IND;PRS;1;SG,0.0,0.0
spominjati,spomínjaš,V;IND;PRS;2;SG,0.0,0.0
spominjati,spomínjata,V;IND;PRS;2;DU,0.0,0.0
spominjati,spomínjata,V;IND;PRS;3;DU,0.0,0.0
spominjati,spomínjate,V;IND;PRS;2;PL,0.0,0.0
spominjati,spomínjati,V;NFIN,0.0,0.0
spominjati,spomínjava,V;IND;PRS;1;DU,0.0,0.0
spominjati,spomínja,V;IND;PRS;3;SG,0.0,0.0
spremeniti,bi bil spreménil,V;COND;PST,0.0,0.0
spremeniti,bi spreménil,V;COND;PRS,0.0,0.0
spremeniti,bom spreménil,V;IND;FUT,0.0,0.0
spremeniti,sem bil spreménil,V;IND;PRF;PST,0.0,0.0
spremeniti,sem spreménil,V;IND;PST,0.0,0.0
spremeniti,spremeníjo,V;IND;PRS;3;PL,0.0,0.0
spremeniti,spremenímo,V;IMP;1;PL,0.0,0.0
spremeniti,spremenímo,V;IND;PRS;1;PL,0.0,0.0
spremeniti,spremením,V;IND;PRS;1;SG,0.0,0.0
spremeniti,spremeníš,V;IND;PRS;2;SG,0.0,0.0
spremeniti,spremeníta,V;IMP;2;DU,0.0,0.0
spremeniti,spremeníta,V;IND;PRS;2;DU,0.0,0.0
spremeniti,spremeníta,V;IND;PRS;3;DU,0.0,0.0
spremeniti,spremeníte,V;IMP;2;PL,0.0,0.0
spremeniti,spremeníte,V;IND;PRS;2;PL,0.0,0.0
spremeniti,spremeníti,V;NFIN,0.0,0.0
spremeniti,spremeníva,V;IMP;1;DU,0.0,0.0
spremeniti,spremeníva,V;IND;PRS;1;DU,0.0,0.0
spremeniti,spremêni,V;IMP;2;SG,0.0,0.0
spremeniti,spremení,V;IND;PRS;3;SG,0.0,0.0
stanovati,bi bil stanovàl,V;COND;PST,0.0,0.0
stanovati,bi stanovàl,V;COND;PRS,0.0,0.0
stanovati,bom stanovàl,V;IND;FUT,0.0,0.0
stanovati,sem bil stanovàl,V;IND;PRF;PST,0.0,0.0
stanovati,sem stanovàl,V;IND;PST,0.0,0.0
stanovati,stanováti,V;NFIN,0.0,0.0
stanovati,stanújejo,V;IND;PRS;3;PL,0.0,0.0
stanovati,stanújemo,V;IND;PRS;1;PL,0.0,0.0
stanovati,stanújem,V;IND;PRS;1;SG,0.0,0.0
stanovati,stanúješ,V;IND;PRS;2;SG,0.0,0.0
stanovati,stanújeta,V;IND;PRS;2;DU,0.0,0.0
stanovati,stanújeta,V;IND;PRS;3;DU,0.0,0.0
stanovati,stanújete,V;IND;PRS;2;PL,0.0,0.0
stanovati,stanújeva,V;IND;PRS;1;DU,0.0,0.0
stanovati,stanúje,V;IND;PRS;3;SG,0.0,0.0
stanovati,stanújmo,V;IMP;1;PL,0.0,0.0
stanovati,stanújta,V;IMP;2;DU,0.0,0.0
stanovati,stanújte,V;IMP;2;PL,0.0,0.0
stanovati,stanújva,V;IMP;1;DU,0.0,0.0
stanovati,stanúj,V;IMP;2;SG,0.0,0.0
tepsti,bi bil tépel,V;COND;PST,0.0,0.0
tepsti,bi tépel,V;COND;PRS,0.0,0.0
tepsti,bom tépel,V;IND;FUT,0.0,0.0
tepsti,sem bil tépel,V;IND;PRF;PST,0.0,0.0
tepsti,sem tépel,V;IND;PST,0.0,0.0
tepsti,têpejo,V;IND;PRS;3;PL,0.0,0.0
tepsti,têpemo,V;IND;PRS;1;PL,0.0,0.0
tepsti,têpem,V;IND;PRS;1;SG,0.0,0.0
tepsti,têpeš,V;IND;PRS;2;SG,0.0,0.0
tepsti,têpeta,V;IND;PRS;2;DU,0.0,0.0
tepsti,têpeta,V;IND;PRS;3;DU,0.0,0.0
tepsti,têpete,V;IND;PRS;2;PL,0.0,0.0
tepsti,têpeva,V;IND;PRS;1;DU,0.0,0.0
tepsti,têpe,V;IND;PRS;3;SG,0.0,0.0
tepsti,tepímo,V;IMP;1;PL,0.0,0.0
tepsti,tepíta,V;IMP;2;DU,0.0,0.0
tepsti,tepíte,V;IMP;2;PL,0.0,0.0
tepsti,tepíva,V;IMP;1;DU,0.0,0.0
tepsti,têpi,V;IMP;2;SG,0.0,0.0
tepsti,têpsti,V;NFIN,0.0,0.0
tetovirati,bi bil tetovíral,V;COND;PST,0.0,0.0
tetovirati,bi tetovíral,V;COND;PRS,0.0,0.0
tetovirati,bom tetovíral,V;IND;FUT,0.0,0.0
tetovirati,sem bil tetovíral,V;IND;PRF;PST,0.0,0.0
tetovirati,sem tetovíral,V;IND;PST,0.0,0.0
tetovirati,tetovírajmo,V;IMP;1;PL,0.0,0.0
tetovirati,tetovírajo,V;IND;PRS;3;PL,0.0,0.0
tetovirati,tetovírajta,V;IMP;2;DU,0.0,0.0
tetovirati,tetovírajte,V;IMP;2;PL,0.0,0.0
tetovirati,tetovírajva,V;IMP;1;DU,0.0,0.0
tetovirati,tetovíraj,V;IMP;2;SG,0.0,0.0
tetovirati,tetovíramo,V;IND;PRS;1;PL,0.0,0.0
tetovirati,tetovíram,V;IND;PRS;1;SG,0.0,0.0
tetovirati,tetovíraš,V;IND;PRS;2;SG,0.0,0.0
tetovirati,tetovírata,V;IND;PRS;2;DU,0.0,0.0
tetovirati,tetovírata,V;IND;PRS;3;DU,0.0,0.0
tetovirati,tetovírate,V;IND;PRS;2;PL,0.0,0.0
tetovirati,tetovírati,V;NFIN,0.0,0.0
tetovirati,tetovírava,V;IND;PRS;1;DU,0.0,0.0
tetovirati,tetovíra,V;IND;PRS;3;SG,0.0,0.0
tikati,bi bil tíkal,V;COND;PST,0.0,0.0
tikati,bi tíkal,V;COND;PRS,0.0,0.0
tikati,bom tíkal,V;IND;FUT,0.0,0.0
tikati,sem bil tíkal,V;IND;PRF;PST,0.0,0.0
tikati,sem tíkal,V;IND;PST,0.0,0.0
tikati,tíkajmo,V;IMP;1;PL,0.0,0.0
tikati,tíkajo,V;IND;PRS;3;PL,0.0,0.0
tikati,tíkajta,V;IMP;2;DU,0.0,0.0
tikati,tíkajte,V;IMP;2;PL,0.0,0.0
tikati,tíkajva,V;IMP;1;DU,0.0,0.0
tikati,tíkaj,V;IMP;2;SG,0.0,0.0
tikati,tíkamo,V;IND;PRS;1;PL,0.0,0.0
tikati,tíkam,V;IND;PRS;1;SG,0.0,0.0
tikati,tíkaš,V;IND;PRS;2;SG,0.0,0.0
tikati,tíkata,V;IND;PRS;2;DU,0.0,0.0
tikati,tíkata,V;IND;PRS;3;DU,0.0,0.0
tikati,tíkate,V;IND;PRS;2;PL,0.0,0.0
tikati,tíkati,V;NFIN,0.0,0.0
tikati,tíkava,V;IND;PRS;1;DU,0.0,0.0
tikati,tíka,V;IND;PRS;3;SG,0.0,0.0
tkati,bi bil tkàl,V;COND;PST,0.0,0.0
tkati,bi tkàl,V;COND;PRS,0.0,0.0
tkati,bom tkàl,V;IND;FUT,0.0,0.0
tkati,sem bil tkàl,V;IND;PRF;PST,0.0,0.0
tkati,sem tkàl,V;IND;PST,0.0,0.0
tkati,tkáti,V;NFIN,0.0,0.0
tkati,tkêjo,V;IND;PRS;3;PL,0.0,0.0
tkati,tkêmo,V;IND;PRS;1;PL,0.0,0.0
tkati,tkèm,V;IND;PRS;1;SG,0.0,0.0
tkati,tkèš,V;IND;PRS;2;SG,0.0,0.0
tkati,tkêta,V;IND;PRS;2;DU,0.0,0.0
tkati,tkêta,V;IND;PRS;3;DU,0.0,0.0
tkati,tkête,V;IND;PRS;2;PL,0.0,0.0
tkati,tkêva,V;IND;PRS;1;DU,0.0,0.0
tkati,tkè,V;IND;PRS;3;SG,0.0,0.0
tkati,tkímo,V;IMP;1;PL,0.0,0.0
tkati,tkíta,V;IMP;2;DU,0.0,0.0
tkati,tkíte,V;IMP;2;PL,0.0,0.0
tkati,tkíva,V;IMP;1;DU,0.0,0.0
tkati,tkì,V;IMP;2;SG,0.0,0.0
ubiti,bi bil ubìl,V;COND;PST,0.0,0.0
ubiti,bi ubìl,V;COND;PRS,0.0,0.0
ubiti,bom ubìl,V;IND;FUT,0.0,0.0
ubiti,sem bil ubìl,V;IND;PRF;PST,0.0,0.0
ubiti,sem ubìl,V;IND;PST,0.0,0.0
ubiti,ubíjejo,V;IND;PRS;3;PL,0.0,0.0
ubiti,ubíjemo,V;IND;PRS;1;PL,0.0,0.0
ubiti,ubíjem,V;IND;PRS;1;SG,0.0,0.0
ubiti,ubíješ,V;IND;PRS;2;SG,0.0,0.0
ubiti,ubíjeta,V;IND;PRS;2;DU,0.0,0.0
ubiti,ubíjeta,V;IND;PRS;3;DU,0.0,0.0
ubiti,ubíjete,V;IND;PRS;2;PL,0.0,0.0
ubiti,ubíjeva,V;IND;PRS;1;DU,0.0,0.0
ubiti,ubíje,V;IND;PRS;3;SG,0.0,0.0
ubiti,ubíjmo,V;IMP;1;PL,0.0,0.0
ubiti,ubíjta,V;IMP;2;DU,0.0,0.0
ubiti,ubíjte,V;IMP;2;PL,0.0,0.0
ubiti,ubíjva,V;IMP;1;DU,0.0,0.0
ubiti,ubíj,V;IMP;2;SG,0.0,0.0
ubiti,ubíti,V;NFIN,0.0,0.0
ujeti,bi bil ujél,V;COND;PST,0.0,0.0
ujeti,bi ujél,V;COND;PRS,0.0,0.0
ujeti,bom ujél,V;IND;FUT,0.0,0.0
ujeti,sem bil ujél,V;IND;PRF;PST,0.0,0.0
ujeti,sem ujél,V;IND;PST,0.0,0.0
ujeti,ujámejo,V;IND;PRS;3;PL,0.0,0.0
ujeti,ujámemo,V;IND;PRS;1;PL,0.0,0.0
ujeti,ujámem,V;IND;PRS;1;SG,0.0,0.0
ujeti,ujámeš,V;IND;PRS;2;SG,0.0,0.0
ujeti,ujámeta,V;IND;PRS;2;DU,0.0,0.0
ujeti,ujámeta,V;IND;PRS;3;DU,0.0,0.0
ujeti,ujámete,V;IND;PRS;2;PL,0.0,0.0
ujeti,ujámeva,V;IND;PRS;1;DU,0.0,0.0
ujeti,ujáme,V;IND;PRS;3;SG,0.0,0.0
ujeti,ujemímo,V;IMP;1;PL,0.0,0.0
ujeti,ujemíta,V;IMP;2;DU,0.0,0.0
ujeti,ujemíte,V;IMP;2;PL,0.0,0.0
ujeti,ujemíva,V;IMP;1;DU,0.0,0.0
ujeti,ujêmi,V;IMP;2;SG,0.0,0.0
ujeti,ujéti,V;NFIN,0.0,0.0
umiti,bi bil umìl,V;COND;PST,0.0,0.0
umiti,bi umìl,V;COND;PRS,0.0,0.0
umiti,bom umìl,V;IND;FUT,0.0,0.0
umiti,sem bil umìl,V;IND;PRF;PST,0.0,0.0
umiti,sem umìl,V;IND;PST,0.0,0.0
umiti,umíjejo,V;IND;PRS;3;PL,0.0,0.0
umiti,umíjemo,V;IND;PRS;1;PL,0.0,0.0
umiti,umíjem,V;IND;PRS;1;SG,0.0,0.0
umiti,umíješ,V;IND;PRS;2;SG,0.0,0.0
umiti,umíjeta,V;IND;PRS;2;DU,0.0,0.0
umiti,umíjeta,V;IND;PRS;3;DU,0.0,0.0
umiti,umíjete,V;IND;PRS;2;PL,0.0,0.0
umiti,umíjeva,V;IND;PRS;1;DU,0.0,0.0
umiti,umíje,V;IND;PRS;3;SG,0.0,0.0
umiti,umíjmo,V;IMP;1;PL,0.0,0.0
umiti,umíjta,V;IMP;2;DU,0.0,0.0
umiti,umíjte,V;IMP;2;PL,0.0,0.0
umiti,umíjva,V;IMP;1;DU,0.0,0.0
umiti,umíj,V;IMP;2;SG,0.0,0.0
umiti,umíti,V;NFIN,0.0,0.0
upati,bi bil úpal,V;COND;PST,0.0,0.0
upati,bi úpal,V;COND;PRS,0.0,0.0
upati,bom úpal,V;IND;FUT,0.0,0.0
upati,sem bil úpal,V;IND;PRF;PST,0.0,0.0
upati,sem úpal,V;IND;PST,0.0,0.0
upati,úpajmo,V;IMP;1;PL,0.0,0.0
upati,úpajo,V;IND;PRS;3;PL,0.0,0.0
upati,úpajta,V;IMP;2;DU,0.0,0.0
upati,úpajte,V;IMP;2;PL,0.0,0.0
upati,úpajva,V;IMP;1;DU,0.0,0.0
upati,úpaj,V;IMP;2;SG,0.0,0.0
upati,úpamo,V;IND;PRS;1;PL,0.0,0.0
upati,úpam,V;IND;PRS;1;SG,0.0,0.0
upati,úpaš,V;IND;PRS;2;SG,0.0,0.0
upati,úpata,V;IND;PRS;2;DU,0.0,0.0
upati,úpata,V;IND;PRS;3;DU,0.0,0.0
upati,úpate,V;IND;PRS;2;PL,0.0,0.0
upati,úpati,V;NFIN,0.0,0.0
upati,úpava,V;IND;PRS;1;DU,0.0,0.0
upati,úpa,V;IND;PRS;3;SG,0.0,0.0
uporabiti,bi bil uporábil,V;COND;PST,0.0,0.0
uporabiti,bi uporábil,V;COND;PRS,0.0,0.0
uporabiti,bom uporábil,V;IND;FUT,0.0,0.0
uporabiti,sem bil uporábil,V;IND;PRF;PST,0.0,0.0
uporabiti,sem uporábil,V;IND;PST,0.0,0.0
uporabiti,uporábijo,V;IND;PRS;3;PL,0.0,0.0
uporabiti,uporabímo,V;IMP;1;PL,0.0,0.0
uporabiti,uporábimo,V;IND;PRS;1;PL,0.0,0.0
uporabiti,uporábim,V;IND;PRS;1;SG,0.0,0.0
uporabiti,uporábiš,V;IND;PRS;2;SG,0.0,0.0
uporabiti,uporabíta,V;IMP;2;DU,0.0,0.0
uporabiti,uporábita,V;IND;PRS;2;DU,0.0,0.0
uporabiti,uporábita,V;IND;PRS;3;DU,0.0,0.0
uporabiti,uporabíte,V;IMP;2;PL,0.0,0.0
uporabiti,uporábite,V;IND;PRS;2;PL,0.0,0.0
uporabiti,uporabíti,V;NFIN,0.0,0.0
uporabiti,uporabíva,V;IMP;1;DU,0.0,0.0
uporabiti,uporábiva,V;IND;PRS;1;DU,0.0,0.0
uporabiti,uporábi,V;IMP;2;SG,0.0,0.0
uporabiti,uporábi,V;IND;PRS;3;SG,0.0,0.0
uporabljati,bi bil uporábljal,V;COND;PST,0.0,0.0
uporabljati,bi uporábljal,V;COND;PRS,0.0,0.0
uporabljati,bom uporábljal,V;IND;FUT,0.0,0.0
uporabljati,sem bil uporábljal,V;IND;PRF;PST,0.0,0.0
uporabljati,sem uporábljal,V;IND;PST,0.0,0.0
uporabljati,uporábljajmo,V;IMP;1;PL,0.0,0.0
uporabljati,uporábljajo,V;IND;PRS;3;PL,0.0,0.0
uporabljati,uporábljajta,V;IMP;2;DU,0.0,0.0
uporabljati,uporábljajte,V;IMP;2;PL,0.0,0.0
uporabljati,uporábljajva,V;IMP;1;DU,0.0,0.0
uporabljati,uporábljaj,V;IMP;2;SG,0.0,0.0
uporabljati,uporábljamo,V;IND;PRS;1;PL,0.0,0.0
uporabljati,uporábljam,V;IND;PRS;1;SG,0.0,0.0
uporabljati,uporábljaš,V;IND;PRS;2;SG,0.0,0.0
uporabljati,uporábljata,V;IND;PRS;2;DU,0.0,0.0
uporabljati,uporábljata,V;IND;PRS;3;DU,0.0,0.0
uporabljati,uporábljate,V;IND;PRS;2;PL,0.0,0.0
uporabljati,uporábljati,V;NFIN,0.0,0.0
uporabljati,uporábljava,V;IND;PRS;1;DU,0.0,0.0
uporabljati,uporáblja,V;IND;PRS;3;SG,0.0,0.0
uspeti,bi bil uspél,V;COND;PST,0.0,0.0
uspeti,bi uspél,V;COND;PRS,0.0,0.0
uspeti,bom uspél,V;IND;FUT,0.0,0.0
uspeti,sem bil uspél,V;IND;PRF;PST,0.0,0.0
uspeti,sem uspél,V;IND;PST,0.0,0.0
uspeti,uspêjo,V;IND;PRS;3;PL,0.0,0.0
uspeti,uspêmo,V;IND;PRS;1;PL,0.0,0.0
uspeti,uspèm,V;IND;PRS;1;SG,0.0,0.0
uspeti,uspèš,V;IND;PRS;2;SG,0.0,0.0
uspeti,uspêta,V;IND;PRS;2;DU,0.0,0.0
uspeti,uspêta,V;IND;PRS;3;DU,0.0,0.0
uspeti,uspête,V;IND;PRS;2;PL,0.0,0.0
uspeti,uspéti,V;NFIN,0.0,0.0
uspeti,uspêva,V;IND;PRS;1;DU,0.0,0.0
uspeti,uspè,V;IND;PRS;3;SG,0.0,0.0
uspeti,uspímo,V;IMP;1;PL,0.0,0.0
uspeti,uspíta,V;IMP;2;DU,0.0,0.0
uspeti,uspíte,V;IMP;2;PL,0.0,0.0
uspeti,uspíva,V;IMP;1;DU,0.0,0.0
uspeti,uspì,V;IMP;2;SG,0.0,0.0
uživati,bi bil užíval,V;COND;PST,0.0,0.0
uživati,bi užíval,V;COND;PRS,0.0,0.0
uživati,bom užíval,V;IND;FUT,0.0,0.0
uživati,sem bil užíval,V;IND;PRF;PST,0.0,0.0
uživati,sem užíval,V;IND;PST,0.0,0.0
uživati,užívajmo,V;IMP;1;PL,0.0,0.0
uživati,užívajo,V;IND;PRS;3;PL,0.0,0.0
uživati,užívajta,V;IMP;2;DU,0.0,0.0
uživati,užívajte,V;IMP;2;PL,0.0,0.0
uživati,užívajva,V;IMP;1;DU,0.0,0.0
uživati,užívaj,V;IMP;2;SG,0.0,0.0
uživati,užívamo,V;IND;PRS;1;PL,0.0,0.0
uživati,užívam,V;IND;PRS;1;SG,0.0,0.0
uživati,užívaš,V;IND;PRS;2;SG,0.0,0.0
uživati,užívata,V;IND;PRS;2;DU,0.0,0.0
uživati,užívata,V;IND;PRS;3;DU,0.0,0.0
uživati,užívate,V;IND;PRS;2;PL,0.0,0.0
uživati,užívati,V;NFIN,0.0,0.0
uživati,užívava,V;IND;PRS;1;DU,0.0,0.0
uživati,užíva,V;IND;PRS;3;SG,0.0,0.0
vedeti,bi bil védel,V;COND;PST,0.0,2.35e-06
vedeti,bi védel,V;COND;PRS,0.0,2.35e-06
vedeti,bom védel,V;IND;FUT,0.0,2.35e-06
vedeti,sem bil védel,V;IND;PRF;PST,0.0,2.35e-06
vedeti,sem védel,V;IND;PST,0.0,2.35e-06
vedeti,védeti,V;NFIN,1e-06,2.35e-06
vedeti,védimo,V;IMP;1;PL,0.0,2.35e-06
vedeti,védita,V;IMP;2;DU,0.0,2.35e-06
vedeti,védite,V;IMP;2;PL,1e-06,2.35e-06
vedeti,védiva,V;IMP;1;DU,0.0,2.35e-06
vedeti,védi,V;IMP;2;SG,1e-06,2.35e-06
vedeti,vêjo,V;IND;PRS;3;PL,0.0,2.35e-06
vedeti,vémo,V;IND;PRS;1;PL,2e-06,2.35e-06
vedeti,vém,V;IND;PRS;1;SG,6e-06,2.35e-06
vedeti,vésta,V;IND;PRS;2;DU,0.0,2.35e-06
vedeti,vésta,V;IND;PRS;3;DU,0.0,2.35e-06
vedeti,véste,V;IND;PRS;2;PL,0.0,2.35e-06
vedeti,véš,V;IND;PRS;2;SG,1e-06,2.35e-06
vedeti,véva,V;IND;PRS;1;DU,0.0,2.35e-06
vedeti,vé,V;IND;PRS;3;SG,3.5e-05,2.35e-06
verjeti,bi bil verjél,V;COND;PST,0.0,0.0
verjeti,bi verjél,V;COND;PRS,0.0,0.0
verjeti,bom verjél,V;IND;FUT,0.0,0.0
verjeti,sem bil verjél,V;IND;PRF;PST,0.0,0.0
verjeti,sem verjél,V;IND;PST,0.0,0.0
verjeti,verjámejo,V;IND;PRS;3;PL,0.0,0.0
verjeti,verjámemo,V;IND;PRS;1;PL,0.0,0.0
verjeti,verjámem,V;IND;PRS;1;SG,0.0,0.0
verjeti,verjámeš,V;IND;PRS;2;SG,0.0,0.0
verjeti,verjámeta,V;IND;PRS;2;DU,0.0,0.0
verjeti,verjámeta,V;IND;PRS;3;DU,0.0,0.0
verjeti,verjámete,V;IND;PRS;2;PL,0.0,0.0
verjeti,verjámeva,V;IND;PRS;1;DU,0.0,0.0
verjeti,verjáme,V;IND;PRS;3;SG,0.0,0.0
verjeti,verjemímo,V;IMP;1;PL,0.0,0.0
verjeti,verjemíta,V;IMP;2;DU,0.0,0.0
verjeti,verjemíte,V;IMP;2;PL,0.0,0.0
verjeti,verjemíva,V;IMP;1;DU,0.0,0.0
verjeti,verjêmi,V;IMP;2;SG,0.0,0.0
verjeti,verjéti,V;NFIN,0.0,0.0
videti,bi bil vídel,V;COND;PST,0.0,0.0
videti,bi vídel,V;COND;PRS,0.0,0.0
videti,bom vídel,V;IND;FUT,0.0,0.0
videti,sem bil vídel,V;IND;PRF;PST,0.0,0.0
videti,sem vídel,V;IND;PST,0.0,0.0
videti,vídeti,V;NFIN,0.0,0.0
videti,vídijo,V;IND;PRS;3;PL,0.0,0.0
videti,vídimo,V;IND;PRS;1;PL,0.0,0.0
videti,vídim,V;IND;PRS;1;SG,0.0,0.0
videti,vídiš,V;IND;PRS;2;SG,0.0,0.0
videti,vídita,V;IND;PRS;2;DU,0.0,0.0
videti,vídita,V;IND;PRS;3;DU,0.0,0.0
videti,vídite,V;IND;PRS;2;PL,0.0,0.0
videti,vídiva,V;IND;PRS;1;DU,0.0,0.0
videti,vídi,V;IND;PRS;3;SG,0.0,0.0
vprašati,bi bil vprášal,V;COND;PST,0.0,0.0
vprašati,bi vprášal,V;COND;PRS,0.0,0.0
vprašati,bom vprášal,V;IND;FUT,0.0,0.0
vprašati,sem bil vprášal,V;IND;PRF;PST,0.0,0.0
vprašati,sem vprášal,V;IND;PST,0.0,0.0
vprašati,vprášajmo,V;IMP;1;PL,0.0,0.0
vprašati,vprášajo,V;IND;PRS;3;PL,0.0,0.0
vprašati,vprášajta,V;IMP;2;DU,0.0,0.0
vprašati,vprášajte,V;IMP;2;PL,0.0,0.0
vprašati,vprášajva,V;IMP;1;DU,0.0,0.0
vprašati,vprášaj,V;IMP;2;SG,0.0,0.0
vprašati,vprášamo,V;IND;PRS;1;PL,0.0,0.0
vprašati,vprášam,V;IND;PRS;1;SG,0.0,0.0
vprašati,vprášaš,V;IND;PRS;2;SG,0.0,0.0
vprašati,vprášata,V;IND;PRS;2;DU,0.0,0.0
vprašati,vprášata,V;IND;PRS;3;DU,0.0,0.0
vprašati,vprášate,V;IND;PRS;2;PL,0.0,0.0
vprašati,vprášati,V;NFIN,0.0,0.0
vprašati,vprášava,V;IND;PRS;1;DU,0.0,0.0
vprašati,vpráša,V;IND;PRS;3;SG,0.0,0.0
vstaviti,bi bil vstávil,V;COND;PST,0.0,0.0
vstaviti,bi vstávil,V;COND;PRS,0.0,0.0
vstaviti,bom vstávil,V;IND;FUT,0.0,0.0
vstaviti,sem bil vstávil,V;IND;PRF;PST,0.0,0.0
vstaviti,sem vstávil,V;IND;PST,0.0,0.0
vstaviti,vstávijo,V;IND;PRS;3;PL,0.0,0.0
vstaviti,vstávimo,V;IMP;1;PL,0.0,0.0
vstaviti,vstávimo,V;IND;PRS;1;PL,0.0,0.0
vstaviti,vstávim,V;IND;PRS;1;SG,0.0,0.0
vstaviti,vstáviš,V;IND;PRS;2;SG,0.0,0.0
vstaviti,vstávita,V;IMP;2;DU,0.0,0.0
vstaviti,vstávita,V;IND;PRS;2;DU,0.0,0.0
vstaviti,vstávita,V;IND;PRS;3;DU,0.0,0.0
vstaviti,vstávite,V;IMP;2;PL,0.0,0.0
vstaviti,vstávite,V;IND;PRS;2;PL,0.0,0.0
vstaviti,vstáviti,V;NFIN,0.0,0.0
vstaviti,vstáviva,V;IMP;1;DU,0.0,0.0
vstaviti,vstáviva,V;IND;PRS;1;DU,0.0,0.0
vstaviti,vstávi,V;IMP;2;SG,0.0,0.0
vstaviti,vstávi,V;IND;PRS;3;SG,0.0,0.0
vzeti,bi bil vzél,V;COND;PST,0.0,0.0
vzeti,bi vzél,V;COND;PRS,0.0,0.0
vzeti,bom vzél,V;IND;FUT,0.0,0.0
vzeti,sem bil vzél,V;IND;PRF;PST,0.0,0.0
vzeti,sem vzél,V;IND;PST,0.0,0.0
vzeti,vzámejo,V;IND;PRS;3;PL,0.0,0.0
vzeti,vzámemo,V;IND;PRS;1;PL,0.0,0.0
vzeti,vzámem,V;IND;PRS;1;SG,0.0,0.0
vzeti,vzámeš,V;IND;PRS;2;SG,0.0,0.0
vzeti,vzámeta,V;IND;PRS;2;DU,0.0,0.0
vzeti,vzámeta,V;IND;PRS;3;DU,0.0,0.0
vzeti,vzámete,V;IND;PRS;2;PL,0.0,0.0
vzeti,vzámeva,V;IND;PRS;1;DU,0.0,0.0
vzeti,vzáme,V;IND;PRS;3;SG,0.0,0.0
vzeti,vzemímo,V;IMP;1;PL,0.0,0.0
vzeti,vzemíta,V;IMP;2;DU,0.0,0.0
vzeti,vzemíte,V;IMP;2;PL,0.0,0.0
vzeti,vzemíva,V;IMP;1;DU,0.0,0.0
vzeti,vzêmi,V;IMP;2;SG,0.0,0.0
vzeti,vzéti,V;NFIN,0.0,0.0
začeti,bi bil začél,V;COND;PST,0.0,0.0
začeti,bi začél,V;COND;PRS,0.0,0.0
začeti,bom začél,V;IND;FUT,0.0,0.0
začeti,sem bil začél,V;IND;PRF;PST,0.0,0.0
začeti,sem začél,V;IND;PST,0.0,0.0
začeti,začéti,V;NFIN,0.0,0.0
začeti,začnêjo,V;IND;PRS;3;PL,0.0,0.0
začeti,začnêmo,V;IND;PRS;1;PL,0.0,0.0
začeti,začnèm,V;IND;PRS;1;SG,0.0,0.0
začeti,začnèš,V;IND;PRS;2;SG,0.0,0.0
začeti,začnêta,V;IND;PRS;2;DU,0.0,0.0
začeti,začnêta,V;IND;PRS;3;DU,0.0,0.0
začeti,začnête,V;IND;PRS;2;PL,0.0,0.0
začeti,začnêva,V;IND;PRS;1;DU,0.0,0.0
začeti,začnè,V;IND;PRS;3;SG,0.0,0.0
začeti,začnímo,V;IMP;1;PL,0.0,0.0
začeti,začníta,V;IMP;2;DU,0.0,0.0
začeti,začníte,V;IMP;2;PL,0.0,0.0
začeti,začníva,V;IMP;1;DU,0.0,0.0
začeti,začnì,V;IMP;2;SG,0.0,0.0
zbirati,bi bil zbíral,V;COND;PST,0.0,0.0
zbirati,bi zbíral,V;COND;PRS,0.0,0.0
zbirati,bom zbíral,V;IND;FUT,0.0,0.0
zbirati,sem bil zbíral,V;IND;PRF;PST,0.0,0.0
zbirati,sem zbíral,V;IND;PST,0.0,0.0
zbirati,zbírajmo,V;IMP;1;PL,0.0,0.0
zbirati,zbírajo,V;IND;PRS;3;PL,0.0,0.0
zbirati,zbírajta,V;IMP;2;DU,0.0,0.0
zbirati,zbírajte,V;IMP;2;PL,0.0,0.0
zbirati,zbírajva,V;IMP;1;DU,0.0,0.0
zbirati,zbíraj,V;IMP;2;SG,0.0,0.0
zbirati,zbíramo,V;IND;PRS;1;PL,0.0,0.0
zbirati,zbíram,V;IND;PRS;1;SG,0.0,0.0
zbirati,zbíraš,V;IND;PRS;2;SG,0.0,0.0
zbirati,zbírata,V;IND;PRS;2;DU,0.0,0.0
zbirati,zbírata,V;IND;PRS;3;DU,0.0,0.0
zbirati,zbírate,V;IND;PRS;2;PL,0.0,0.0
zbirati,zbírati,V;NFIN,0.0,0.0
zbirati,zbírava,V;IND;PRS;1;DU,0.0,0.0
zbirati,zbíra,V;IND;PRS;3;SG,0.0,0.0
želeti,bi bil žêlel,V;COND;PST,0.0,2e-07
želeti,bi žêlel,V;COND;PRS,0.0,2e-07
želeti,bom žêlel,V;IND;FUT,0.0,2e-07
želeti,sem bil žêlel,V;IND;PRF;PST,0.0,2e-07
želeti,sem žêlel,V;IND;PST,0.0,2e-07
želeti,želéti,V;NFIN,0.0,2e-07
želeti,želíjo,V;IND;PRS;3;PL,0.0,2e-07
želeti,želímo,V;IMP;1;PL,0.0,2e-07
želeti,želímo,V;IND;PRS;1;PL,0.0,2e-07
želeti,želím,V;IND;PRS;1;SG,0.0,2e-07
želeti,želíš,V;IND;PRS;2;SG,0.0,2e-07
želeti,želíta,V;IMP;2;DU,0.0,2e-07
želeti,želíta,V;IND;PRS;2;DU,0.0,2e-07
želeti,želíta,V;IND;PRS;3;DU,0.0,2e-07
želeti,želíte,V;IMP;2;PL,0.0,2e-07
želeti,želíte,V;IND;PRS;2;PL,0.0,2e-07
želeti,želíva,V;IMP;1;DU,0.0,2e-07
želeti,želíva,V;IND;PRS;1;DU,0.0,2e-07
želeti,žêli,V;IMP;2;SG,0.0,2e-07
želeti,želí,V;IND;PRS;3;SG,4e-06,2e-07
žeti,bi bil žél,V;COND;PST,0.0,0.0
žeti,bi žél,V;COND;PRS,0.0,0.0
žeti,bom žél,V;IND;FUT,0.0,0.0
žeti,sem bil žél,V;IND;PRF;PST,0.0,0.0
žeti,sem žél,V;IND;PST,0.0,0.0
žeti,žánjejo,V;IND;PRS;3;PL,0.0,0.0
žeti,žánjemo,V;IND;PRS;1;PL,0.0,0.0
žeti,žánjem,V;IND;PRS;1;SG,0.0,0.0
žeti,žánješ,V;IND;PRS;2;SG,0.0,0.0
žeti,žánjeta,V;IND;PRS;2;DU,0.0,0.0
žeti,žánjeta,V;IND;PRS;3;DU,0.0,0.0
žeti,žánjete,V;IND;PRS;2;PL,0.0,0.0
žeti,žánjeva,V;IND;PRS;1;DU,0.0,0.0
žeti,žánje,V;IND;PRS;3;SG,0.0,0.0
žeti,žánjimo,V;IMP;1;PL,0.0,0.0
žeti,žánjita,V;IMP;2;DU,0.0,0.0
žeti,žánjite,V;IMP;2;PL,0.0,0.0
žeti,žánjiva,V;IMP;1;DU,0.0,0.0
žeti,žánji,V;IMP;2;SG,0.0,0.0
žeti,žéti,V;NFIN,0.0,0.0
živeti,bi bil žível,V;COND;PST,0.0,1e-07
živeti,bi žível,V;COND;PRS,0.0,1e-07
živeti,bom žível,V;IND;FUT,0.0,1e-07
živeti,sem bil žível,V;IND;PRF;PST,0.0,1e-07
živeti,sem žível,V;IND;PST,0.0,1e-07
živeti,živéti,V;NFIN,0.0,1e-07
živeti,živíjo,V;IND;PRS;3;PL,0.0,1e-07
živeti,živímo,V;IMP;1;PL,0.0,1e-07
živeti,živímo,V;IND;PRS;1;PL,0.0,1e-07
živeti,živím,V;IND;PRS;1;SG,0.0,1e-07
živeti,živíš,V;IND;PRS;2;SG,0.0,1e-07
živeti,živíta,V;IMP;2;DU,0.0,1e-07
živeti,živíta,V;IND;PRS;2;DU,0.0,1e-07
živeti,živíta,V;IND;PRS;3;DU,0.0,1e-07
živeti,živíte,V;IMP;2;PL,0.0,1e-07
živeti,živíte,V;IND;PRS;2;PL,0.0,1e-07
živeti,živíva,V;IMP;1;DU,0.0,1e-07
živeti,živíva,V;IND;PRS;1;DU,0.0,1e-07
živeti,žívi,V;IMP;2;SG,0.0,1e-07
živeti,živí,V;IND;PRS;3;SG,2e-06,1e-07
žreti,bi bil žŕl,V;COND;PST,0.0,0.0
žreti,bi žŕl,V;COND;PRS,0.0,0.0
žreti,bom žŕl,V;IND;FUT,0.0,0.0
žreti,sem bil žŕl,V;IND;PRF;PST,0.0,0.0
žreti,sem žŕl,V;IND;PST,0.0,0.0
žreti,žrêjo,V;IND;PRS;3;PL,0.0,0.0
žreti,žrêmo,V;IND;PRS;1;PL,0.0,0.0
žreti,žrèm,V;IND;PRS;1;SG,0.0,0.0
žreti,žrèš,V;IND;PRS;2;SG,0.0,0.0
žreti,žrêta,V;IND;PRS;2;DU,0.0,0.0
žreti,žrêta,V;IND;PRS;3;DU,0.0,0.0
žreti,žrête,V;IND;PRS;2;PL,0.0,0.0
žreti,žréti,V;NFIN,0.0,0.0
žreti,žrêva,V;IND;PRS;1;DU,0.0,0.0
žreti,žrè,V;IND;PRS;3;SG,0.0,0.0
žreti,žrímo,V;IMP;1;PL,0.0,0.0
žreti,žríta,V;IMP;2;DU,0.0,0.0
žreti,žríte,V;IMP;2;PL,0.0,0.0
žreti,žríva,V;IMP;1;DU,0.0,0.0
žreti,žrì,V;IMP;2;SG,0.0,0.0
