lemma,form,paradigm_slot,phonemic_form
gallos,gallons i,V;FIN;IND;PST;PFV;3;PL,ɡ a l ɔ n z i
gallos,galles,V;FIN;IMP;3;SG,ɡ a l ɪ s
gallos,gyllyn,V;FIN;IMP;1;PL,ɡ ɪ l ɪ n
gallos,gallewgh hwi,V;FIN;SBJV;PST;IPFV;2;PL,ɡ a l ɛ u x w iː
gallos,gallen ni,V;FIN;SBJV;PST;IPFV;1;PL,ɡ a l ə n n iː
gallos,galsen ni,V;FIN;IND;COND;1;PL,ɡ a l s ə n n iː
gallos,gallav vy,V;FIN;IND;PRS/FUT;1;SG,ɡ a l ə v v iː
gallos,gyllewgh hwi,V;FIN;IND;PST;IPFV;2;PL,ɡ ɪ l ɛ u x w iː
gallos,gyll,V;FIN;IMP;2;SG,ɡ ɪ l
gallos,gyllyn ni,V;FIN;IND;PRS/FUT;1;PL,ɡ ɪ l ɪ n n ɪ
gallos,gylliv vy,V;FIN;SBJV;PRS/FUT;1;SG,ɡ ɪ l ɪ v v iː
gallos,gyller,V;FIN;SBJV;PRS/FUT;0,ɡ ɪ l ə r
gallos,gyllens i,V;FIN;IND;PST;IPFV;3;PL,ɡ ɪ l ɛ n z i
gallos,gyllowgh,V;FIN;IMP;2;PL,ɡ ɪ l ɔ uː x
gallos,gylsys jy,V;FIN;IND;PST;PFV;2;SG,ɡ ɪ l s ɪ s d͡ʒ iː
gallos,gyllir,V;FIN;IND;PRS/FUT;0,ɡ ɪ l ɪ r
gallos,gallens i,V;FIN;SBJV;PST;IPFV;3;PL,ɡ a l ɛ n z i
gallos,galsa ev,V;FIN;IND;COND;3;SG,ɡ a l s ə ɛ v
gallos,gylsowgh hwi,V;FIN;IND;PST;PFV;2;PL,ɡ ɪ l s ɔ u ɣ w iː
gallos,galles jy,V;FIN;SBJV;PST;IPFV;2;SG,ɡ a l ə z d͡ʒ iː
gallos,gyllen vy,V;FIN;IND;PST;IPFV;1;SG,ɡ ɪ l ə n v iː
gallos,galles,V;FIN;SBJV;PST;IPFV;0,ɡ a l ɪ s
gallos,gylsyn ni,V;FIN;IND;PST;PFV;1;PL,ɡ ɪ l s ɪ n n i
gallos,gyll ev,V;FIN;IND;PRS/FUT;3;SG,ɡ ɪ l ɛ v
gallos,galsewgh hwi,V;FIN;IND;COND;2;PL,ɡ a l s ɛ u x w iː
gallos,gylles jy,V;FIN;IND;PST;IPFV;2;SG,ɡ ɪ l ə s d͡ʒ iː
gallos,gallen vy,V;FIN;SBJV;PST;IPFV;1;SG,ɡ a l ə n v iː
gallos,gylles,V;FIN;IND;PST;IPFV;0,ɡ ɪ l ɪ z
gallos,gyllons i,V;FIN;IND;PRS/FUT;3;PL,ɡ ɪ l ɔ n z i
gallos,gallo ev,V;FIN;SBJV;PRS/FUT;3;SG,ɡ a l ɔ ɛ v
gallos,gyllyn ni,V;FIN;SBJV;PRS/FUT;1;PL,ɡ ɪ l ɪ n n ɪ
gallos,gallons,V;FIN;IMP;3;PL,ɡ a l ɔ n z
gallos,gallons i,V;FIN;SBJV;PRS/FUT;3;PL,ɡ a l ɔ n z i
gallos,gyllis vy,V;FIN;IND;PST;PFV;1;SG,ɡ ɪ l ɪ s v iː
gallos,galla ev,V;FIN;IND;PST;IPFV;3;SG,ɡ a l ə ɛ v
gallos,gylli ev,V;FIN;IND;PST;IPFV;3;SG,ɡ ɪ l ɪ ɛ v
gallos,gyllowgh hwi,V;FIN;SBJV;PRS/FUT;2;PL,ɡ ɪ l ɔ u ɣ w iː
gallos,gylli jy,V;FIN;SBJV;PRS/FUT;2;SG,ɡ ɪ l ɪ d͡ʒ iː
gallos,gylsys,V;FIN;IND;PST;PFV;0,ɡ ɪ l s ɪ s
gallos,galla ev,V;FIN;SBJV;PST;IPFV;3;SG,ɡ a l ə ɛ v
gallos,galses jy,V;FIN;IND;COND;2;SG,ɡ a l s ə z d͡ʒ iː
gallos,gyllowgh hwi,V;FIN;IND;PRS/FUT;2;PL,ɡ ɪ l ɔ u ɣ w iː
gallos,gyllydh jy,V;FIN;IND;PRS/FUT;2;SG,ɡ ɪ l ɪ ð d ʒ iː
gallos,galsens i,V;FIN;IND;COND;3;PL,ɡ a l s ɛ n s i
gallos,gallas ev,V;FIN;IND;PST;PFV;3;SG,ɡ a l ə s ɛ v
gallos,gyllen ni,V;FIN;IND;PST;IPFV;1;PL,ɡ ɪ l ə n n i
gallos,galsen vy,V;FIN;IND;COND;1;SG,ɡ a l s ə n v iː
gallos,galses,V;FIN;IND;COND;0,ɡ a l s ɪ z
godhvos,godhvens,V;FIN;IND;PST;PFV;3;PL,ɡ ɔ ð v ɛ n z
godhvos,godhvedhes,V;FIN;IMP;3;SG,ɡ ɔ ð v ɛ ð ɪ s
godhvos,godhvedhyn,V;FIN;IMP;1;PL,ɡ ɔ ð v ɛ ð ɪ n
godhvos,godhvewgh,V;FIN;SBJV;PST;IPFV;2;PL,ɡ ɔ ð v ɪ uː x
godhvos,godhven,V;FIN;SBJV;PST;IPFV;1;PL,ɡ ɔ ð v ɛ n
godhvos,godhvien,V;FIN;IND;COND;1;PL,ɡ ɔ ð v i ɛ n
godhvos,gonn,V;FIN;IND;PRS/FUT;1;SG,ɡ ɔ n
godhvos,godhyewgh,V;FIN;IND;PST;IPFV;2;PL,ɡ ɔ ð j uː x
godhvos,gor,V;FIN;IMP;2;SG,ɡ ɔ r
godhvos,godhvydh,V;FIN;IMP;2;SG,ɡ ɔ ð v ɪ ð
godhvos,godhon,V;FIN;IND;PRS/FUT;1;PL,ɡ ɔ ð ɔ n
godhvos,godhviv,V;FIN;SBJV;PRS/FUT;1;SG,ɡ ɔ ð v ɪ v
godhvos,godher,V;FIN;SBJV;PRS/FUT;0,ɡ ɔ ð ə r
godhvos,godhyens,V;FIN;IND;PST;IPFV;3;PL,ɡ ɔ ð j ɛ n z
godhvos,godhvedhewgh,V;FIN;IMP;2;PL,ɡ ɔ ð v ɛ ð ɪ uː x
godhvos,godhves,V;FIN;IND;PST;PFV;2;SG,ɡ ɔ ð v ɛ s
godhvos,godhor,V;FIN;IND;PRS/FUT;0,ɡ ɔ ð ɔ r
godhvos,godhvens,V;FIN;SBJV;PST;IPFV;3;PL,ɡ ɔ ð v ɛ n z
godhvos,godhvia,V;FIN;IND;COND;3;SG,ɡ ɔ ð v i ə
godhvos,godhvewgh,V;FIN;IND;PST;PFV;2;PL,ɡ ɔ ð v ɪ uː x
godhvos,godhves,V;FIN;SBJV;PST;IPFV;2;SG,ɡ ɔ ð v ɛ s
godhvos,godhyen,V;FIN;IND;PST;IPFV;1;SG,ɡ ɔ ð j ɛ n
godhvos,godhves,V;FIN;SBJV;PST;IPFV;0,ɡ ɔ ð v ɛ s
godhvos,godhven,V;FIN;IND;PST;PFV;1;PL,ɡ ɔ ð v ɛ n
godhvos,gor,V;FIN;IND;PRS/FUT;3;SG,ɡ ɔ r
godhvos,godhviewgh,V;FIN;IND;COND;2;PL,ɡ ɔ ð v j uː x
godhvos,godhyes,V;FIN;IND;PST;IPFV;2;SG,ɡ ɔ ð iː z
godhvos,godhven,V;FIN;SBJV;PST;IPFV;1;SG,ɡ ɔ ð v ɛ n
godhvos,godhyes,V;FIN;IND;PST;IPFV;0,ɡ ɔ ð iː z
godhvos,godhons,V;FIN;IND;PRS/FUT;3;PL,ɡ ɔ ð ɔ n z
godhvos,godhvo,V;FIN;SBJV;PRS/FUT;3;SG,ɡ ɔ ð v ɔ
godhvos,godhvyn,V;FIN;SBJV;PRS/FUT;1;PL,ɡ ɔ ð v ɪ n
godhvos,godhvedhens,V;FIN;IMP;3;PL,ɡ ɔ ð v ɛ ð ɛ n z
godhvos,godhvons,V;FIN;SBJV;PRS/FUT;3;PL,ɡ ɔ ð v ɔ n z
godhvos,godhvev,V;FIN;IND;PST;PFV;1;SG,ɡ ɔ ð v ɛ v
godhvos,godhya,V;FIN;IND;PST;IPFV;3;SG,ɡ ɔ ð j a
godhvos,godhvowgh,V;FIN;SBJV;PRS/FUT;2;PL,ɡ ɔ ð v ɔ uː x
godhvos,godhvi,V;FIN;SBJV;PRS/FUT;2;SG,ɡ ɔ ð v ɪ
godhvos,godhves,V;FIN;IND;PST;PFV;0,ɡ ɔ ð v ɛ s
godhvos,godhva,V;FIN;SBJV;PST;IPFV;3;SG,ɡ ɔ ð v a
godhvos,godhvies,V;FIN;IND;COND;2;SG,ɡ ɔ ð v iː z
godhvos,godhowgh,V;FIN;IND;PRS/FUT;2;PL,ɡ ɔ ð ɔ uː x
godhvos,godhes,V;FIN;IND;PRS/FUT;2;SG,ɡ ɔ ð ɪ s
godhvos,godhviens,V;FIN;IND;COND;3;PL,ɡ ɔ ð v i ɛ n z
godhvos,godhva,V;FIN;IND;PST;PFV;3;SG,ɡ ɔ ð v a
godhvos,godhyen,V;FIN;IND;PST;IPFV;1;PL,ɡ ɔ ð j ɛ n
godhvos,godhvien,V;FIN;IND;COND;1;SG,ɡ ɔ ð v i ɛ n
godhvos,godhvies,V;FIN;IND;COND;0,ɡ ɔ ð v iː z
gul,gwrussons i,V;FIN;IND;PST;PFV;3;PL,ɡ r ʌ s ə n z i
gul,gwres,V;FIN;IMP;3;SG,ɡ w r ɛ s
gul,gwren,V;FIN;IMP;1;PL,ɡ w r ɛ n
gul,gwrellewgh hwi,V;FIN;SBJV;PST;IPFV;2;PL,ɡ r ɛ l ɛ uː x w iː
gul,gwrellen ni,V;FIN;SBJV;PST;IPFV;1;PL,ɡ w r ɛ l ə n n i
gul,gwrussen ni,V;FIN;IND;COND;1;PL,ɡ r ʌ s ə n n i
gul,gwrav vy,V;FIN;IND;PRS/FUT;1;SG,ɡ r a v v iː
gul,gwrewgh hwi,V;FIN;IND;PST;IPFV;2;PL,ɡ r ɛ uː x w iː
gul,gwra,V;FIN;IMP;2;SG,ɡ ʌ r ə
gul,gwren ni,V;FIN;IND;PRS/FUT;1;PL,ɡ w r ɛ n n i
gul,gwrylliv vy,V;FIN;SBJV;PRS/FUT;1;SG,ɡ ʌ r ɪ l ɪ v v iː
gul,gwreller,V;FIN;SBJV;PRS/FUT;0,ɡ r ɛ l ə r
gul,gwrens i,V;FIN;IND;PST;IPFV;3;PL,ɡ r ɛ n z i
gul,gwrewgh,V;FIN;IMP;2;PL,ɡ r uː x
gul,gwrugys jy,V;FIN;IND;PST;PFV;2;SG,ɡ w r ʌ ɡ ɪ s d͡ʒ iː
gul,gwruss'ta,V;FIN;IND;PST;PFV;2;SG,ɡ r ʌ s t a
gul,gwrer,V;FIN;IND;PRS/FUT;0,ɡ ʌ r ə r
gul,gwrellens i,V;FIN;SBJV;PST;IPFV;3;PL,ɡ r ɛ l ə n z i
gul,gwrussa ev,V;FIN;IND;COND;3;SG,ɡ r ʌ s ə ɛ v
gul,gwrussowgh hwi,V;FIN;IND;PST;PFV;2;PL,ɡ r ʌ s ɔ u ɣ w iː
gul,gwrelles jy,V;FIN;SBJV;PST;IPFV;2;SG,ɡ w r ɛ l ə s d͡ʒ iː
gul,gwren vy,V;FIN;IND;PST;IPFV;1;SG,ɡ w r ɛ n v iː
gul,gwrellys,V;FIN;SBJV;PST;IPFV;0,ɡ r ɛ l ɪ s
gul,gwrussyn ni,V;FIN;IND;PST;PFV;1;PL,ɡ w r ʌ s ɪ n n i
gul,gwra ev,V;FIN;IND;PRS/FUT;3;SG,ɡ ʌ r ɛ v
gul,gwrussewgh hwi,V;FIN;IND;COND;2;PL,ɡ r ʌ s ɛ uː x w iː
gul,gwres jy,V;FIN;IND;PST;IPFV;2;SG,ɡ w r ɛ s d͡ʒ iː
gul,gwrellen vy,V;FIN;SBJV;PST;IPFV;1;SG,ɡ r ɛ l ə n v iː
gul,gwres,V;FIN;IND;PST;IPFV;0,ɡ w r ɛ s
gul,gwrons i,V;FIN;IND;PRS/FUT;3;PL,ɡ r ɔ n z i
gul,gwrello ev,V;FIN;SBJV;PRS/FUT;3;SG,ɡ r ɛ l ə ʊ ɛ v
gul,gwryllyn ni,V;FIN;SBJV;PRS/FUT;1;PL,ɡ ʌ r ɪ l ɪ n n i
gul,gwrens,V;FIN;IMP;3;PL,ɡ r ɛ n z
gul,gwrellons i,V;FIN;SBJV;PRS/FUT;3;PL,ɡ r ɛ l ɔ n z i
gul,gwrug vy,V;FIN;IND;PST;PFV;1;SG,ɡ r ʌ ɡ v iː
gul,gwre ev,V;FIN;IND;PST;IPFV;3;SG,ɡ ʌ r ɛ v
gul,gwryllowgh hwi,V;FIN;SBJV;PRS/FUT;2;PL,ɡ ʌ r ɪ l ɔ u ɣ w iː
gul,gwrylli jy,V;FIN;SBJV;PRS/FUT;2;SG,ɡ w r ɪ l ɪ d͡ʒ iː
gul,gwrug,V;FIN;IND;PST;PFV;0,ɡ r ʌ ɡ
gul,gwrella ev,V;FIN;SBJV;PST;IPFV;3;SG,ɡ r ɛ l ə ɛ v
gul,gwrusses jy,V;FIN;IND;COND;2;SG,ɡ r ʌ s ə z d͡ʒ iː
gul,gwrewgh hwi,V;FIN;IND;PRS/FUT;2;PL,ɡ r ɛ uː x w iː
gul,gwredh jy,V;FIN;IND;PRS/FUT;2;SG,ɡ w r ɛ ð d͡ʒ iː
gul,gwre'ta,V;FIN;IND;PRS/FUT;2;SG,ɡ ʌ r ɛ t a
gul,gwrussens i,V;FIN;IND;COND;3;PL,ɡ r ʌ s ə n z i
gul,gwrug ev,V;FIN;IND;PST;PFV;3;SG,ɡ r ʌ ɡ ɛ v
gul,gwren ni,V;FIN;IND;PST;IPFV;1;PL,ɡ w r ɛ n n i
gul,gwrussen vy,V;FIN;IND;COND;1;SG,ɡ r ʌ s ə n v iː
gul,gwrussys,V;FIN;IND;COND;0,ɡ r ʌ s ɪ z
gweles,gwelsons,V;FIN;IND;PST;PFV;3;PL,ɡ w ɛ l s ə n z
gweles,gweles,V;FIN;IMP;3;SG,ɡ w eː l ə s
gweles,gwelyn,V;FIN;IMP;1;PL,ɡ w eː l ɪ n
gweles,gwellewgh,V;FIN;SBJV;PST;IPFV;2;PL,ɡ w ɛ l ɪ uː x
gweles,gwellen,V;FIN;SBJV;PST;IPFV;1;PL,ɡ w ɛ l ə n
gweles,gwelsen,V;FIN;IND;COND;1;PL,ɡ w ɛ l s ə n
gweles,gwelav,V;FIN;IND;PRS/FUT;1;SG,ɡ w ɛ l ə v
gweles,gwelewgh,V;FIN;IND;PST;IPFV;2;PL,ɡ w ɛ l ɛ uː x
gweles,gwel,V;FIN;IMP;2;SG,ɡ w ɛ l
gweles,gwelyn,V;FIN;IND;PRS/FUT;1;PL,ɡ w eː l ɪ n
gweles,gwelliv,V;FIN;SBJV;PRS/FUT;1;SG,ɡ w ɛ l ɪ v
gweles,gweller,V;FIN;SBJV;PRS/FUT;0,ɡ w ɛ l ə r
gweles,gwelens,V;FIN;IND;PST;IPFV;3;PL,ɡ w ɛ l ɛ n z
gweles,gwelewgh,V;FIN;IMP;2;PL,ɡ w ɛ l ɛ uː x
gweles,gwelsys,V;FIN;IND;PST;PFV;2;SG,ɡ w ɛ l s ɪ s
gweles,gwelir,V;FIN;IND;PRS/FUT;0,ɡ w eː l ɪ r
gweles,gwellens,V;FIN;SBJV;PST;IPFV;3;PL,ɡ w ɛ l ə n z
gweles,gwelsa,V;FIN;IND;COND;3;SG,ɡ w ɛ l s a
gweles,gwelsowgh,V;FIN;IND;PST;PFV;2;PL,ɡ w ɛ l s ɔ uː x
gweles,gwelles,V;FIN;SBJV;PST;IPFV;2;SG,ɡ w ɛ l ɪ s
gweles,gwelen,V;FIN;IND;PST;IPFV;1;SG,ɡ w eː l ə n
gweles,gwellys,V;FIN;SBJV;PST;IPFV;0,ɡ w ɛ l ɪ s
gweles,gwelsyn,V;FIN;IND;PST;PFV;1;PL,ɡ w ɛ l s ɪ n
gweles,gwel,V;FIN;IND;PRS/FUT;3;SG,ɡ w ɛ l
gweles,gwelsewgh,V;FIN;IND;COND;2;PL,ɡ w ɛ l s ɪ uː x
gweles,gweles,V;FIN;IND;PST;IPFV;2;SG,ɡ w eː l ə s
gweles,gwellen,V;FIN;SBJV;PST;IPFV;1;SG,ɡ w ɛ l ə n
gweles,gweles,V;FIN;IND;PST;IPFV;0,ɡ w eː l ə s
gweles,gwelons,V;FIN;IND;PRS/FUT;3;PL,ɡ w ɛ l ɔ n z
gweles,gwello,V;FIN;SBJV;PRS/FUT;3;SG,ɡ w ɛ l ə ʊ
gweles,gwellyn,V;FIN;SBJV;PRS/FUT;1;PL,ɡ w ɛ l ɪ n
gweles,gwelens,V;FIN;IMP;3;PL,ɡ w ɛ l ɛ n z
gweles,gwellons,V;FIN;SBJV;PRS/FUT;3;PL,ɡ w ɛ l ə n z
gweles,gwelis,V;FIN;IND;PST;PFV;1;SG,ɡ w eː l ɪ s
gweles,gwela,V;FIN;IND;PST;IPFV;3;SG,ɡ w eː l ə
gweles,gweli,V;FIN;IND;PST;IPFV;3;SG,ɡ w eː l i
gweles,gwellowgh,V;FIN;SBJV;PRS/FUT;2;PL,ɡ w ɛ l ə ʊ x
gweles,gwelli,V;FIN;SBJV;PRS/FUT;2;SG,ɡ w ɛ l i
gweles,gwelas,V;FIN;IND;PST;PFV;0,ɡ w eː l ə s
gweles,gwella,V;FIN;SBJV;PST;IPFV;3;SG,ɡ w ɛ l ə
gweles,gwelses,V;FIN;IND;COND;2;SG,ɡ w ɛ l s ɪ z
gweles,gwelowgh,V;FIN;IND;PRS/FUT;2;PL,ɡ w ɛ l ɔ uː x
gweles,gwelydh,V;FIN;IND;PRS/FUT;2;SG,ɡ w eː l ɪ ð
gweles,gwelsens,V;FIN;IND;COND;3;PL,ɡ w ɛ l s ɛ n s
gweles,gwelas,V;FIN;IND;PST;PFV;3;SG,ɡ w eː l ə s
gweles,gwelen,V;FIN;IND;PST;IPFV;1;PL,ɡ w eː l ə n
gweles,gwelsen,V;FIN;IND;COND;1;SG,ɡ w ɛ l s ə n
gweles,gwelsys,V;FIN;IND;COND;0,ɡ w ɛ l s ɪ s
gwul,gwrussons i,V;FIN;IND;PST;PFV;3;PL,ɡ r ʌ s ə n z i
gwul,gwres,V;FIN;IMP;3;SG,ɡ w r ɛ s
gwul,gwren,V;FIN;IMP;1;PL,ɡ w r ɛ n
gwul,gwrellewgh hwi,V;FIN;SBJV;PST;IPFV;2;PL,ɡ r ɛ l ɛ uː x w iː
gwul,gwrellen ni,V;FIN;SBJV;PST;IPFV;1;PL,ɡ w r ɛ l ə n n i
gwul,gwrussen ni,V;FIN;IND;COND;1;PL,ɡ r ʌ s ə n n i
gwul,gwrav vy,V;FIN;IND;PRS/FUT;1;SG,ɡ r a v v iː
gwul,gwrewgh hwi,V;FIN;IND;PST;IPFV;2;PL,ɡ r ɛ uː x w iː
gwul,gwra,V;FIN;IMP;2;SG,ɡ ʌ r ə
gwul,gwren ni,V;FIN;IND;PRS/FUT;1;PL,ɡ w r ɛ n n i
gwul,gwrylliv vy,V;FIN;SBJV;PRS/FUT;1;SG,ɡ ʌ r ɪ l ɪ v v iː
gwul,gwreller,V;FIN;SBJV;PRS/FUT;0,ɡ r ɛ l ə r
gwul,gwrens i,V;FIN;IND;PST;IPFV;3;PL,ɡ r ɛ n z i
gwul,gwrewgh,V;FIN;IMP;2;PL,ɡ r uː x
gwul,gwrugys jy,V;FIN;IND;PST;PFV;2;SG,ɡ w r ʌ ɡ ɪ s d͡ʒ iː
gwul,gwruss'ta,V;FIN;IND;PST;PFV;2;SG,ɡ r ʌ s t a
gwul,gwrer,V;FIN;IND;PRS/FUT;0,ɡ ʌ r ə r
gwul,gwrellens i,V;FIN;SBJV;PST;IPFV;3;PL,ɡ r ɛ l ə n z i
gwul,gwrussa ev,V;FIN;IND;COND;3;SG,ɡ r ʌ s ə ɛ v
gwul,gwrussowgh hwi,V;FIN;IND;PST;PFV;2;PL,ɡ r ʌ s ɔ u ɣ w iː
gwul,gwrelles jy,V;FIN;SBJV;PST;IPFV;2;SG,ɡ w r ɛ l ə s d͡ʒ iː
gwul,gwren vy,V;FIN;IND;PST;IPFV;1;SG,ɡ w r ɛ n v iː
gwul,gwrellys,V;FIN;SBJV;PST;IPFV;0,ɡ r ɛ l ɪ s
gwul,gwrussyn ni,V;FIN;IND;PST;PFV;1;PL,ɡ w r ʌ s ɪ n n i
gwul,gwra ev,V;FIN;IND;PRS/FUT;3;SG,ɡ ʌ r ɛ v
gwul,gwrussewgh hwi,V;FIN;IND;COND;2;PL,ɡ r ʌ s ɛ uː x w iː
gwul,gwres jy,V;FIN;IND;PST;IPFV;2;SG,ɡ w r ɛ s d͡ʒ iː
gwul,gwrellen vy,V;FIN;SBJV;PST;IPFV;1;SG,ɡ r ɛ l ə n v iː
gwul,gwres,V;FIN;IND;PST;IPFV;0,ɡ w r ɛ s
gwul,gwrons i,V;FIN;IND;PRS/FUT;3;PL,ɡ r ɔ n z i
gwul,gwrello ev,V;FIN;SBJV;PRS/FUT;3;SG,ɡ r ɛ l ə ʊ ɛ v
gwul,gwryllyn ni,V;FIN;SBJV;PRS/FUT;1;PL,ɡ ʌ r ɪ l ɪ n n i
gwul,gwrens,V;FIN;IMP;3;PL,ɡ r ɛ n z
gwul,gwrellons i,V;FIN;SBJV;PRS/FUT;3;PL,ɡ r ɛ l ɔ n z i
gwul,gwrug vy,V;FIN;IND;PST;PFV;1;SG,ɡ r ʌ ɡ v iː
gwul,gwre ev,V;FIN;IND;PST;IPFV;3;SG,ɡ ʌ r ɛ v
gwul,gwryllowgh hwi,V;FIN;SBJV;PRS/FUT;2;PL,ɡ ʌ r ɪ l ɔ u ɣ w iː
gwul,gwrylli jy,V;FIN;SBJV;PRS/FUT;2;SG,ɡ w r ɪ l ɪ d͡ʒ iː
gwul,gwrug,V;FIN;IND;PST;PFV;0,ɡ r ʌ ɡ
gwul,gwrella ev,V;FIN;SBJV;PST;IPFV;3;SG,ɡ r ɛ l ə ɛ v
gwul,gwrusses jy,V;FIN;IND;COND;2;SG,ɡ r ʌ s ə z d͡ʒ iː
gwul,gwrewgh hwi,V;FIN;IND;PRS/FUT;2;PL,ɡ r ɛ uː x w iː
gwul,gwredh jy,V;FIN;IND;PRS/FUT;2;SG,ɡ w r ɛ ð d͡ʒ iː
gwul,gwre'ta,V;FIN;IND;PRS/FUT;2;SG,ɡ ʌ r ɛ t a
gwul,gwrussens i,V;FIN;IND;COND;3;PL,ɡ r ʌ s ə n z i
gwul,gwrug ev,V;FIN;IND;PST;PFV;3;SG,ɡ r ʌ ɡ ɛ v
gwul,gwren ni,V;FIN;IND;PST;IPFV;1;PL,ɡ w r ɛ n n i
gwul,gwrussen vy,V;FIN;IND;COND;1;SG,ɡ r ʌ s ə n v iː
gwul,gwrussys,V;FIN;IND;COND;0,ɡ r ʌ s ɪ z
kara,kersons,V;FIN;IND;PST;PFV;3;PL,k ɛ r s ɔ n z
kara,kares,V;FIN;IMP;3;SG,k a r ɛ s
kara,keryn,V;FIN;IMP;1;PL,k ɛ r ɪ n
kara,karrewgh,V;FIN;SBJV;PST;IPFV;2;PL,k a r ɪ uː x
kara,karren,V;FIN;SBJV;PST;IPFV;1;PL,k a r ə n
kara,karsen,V;FIN;IND;COND;1;PL,k a r s ɛ n
kara,karav,V;FIN;IND;PRS/FUT;1;SG,k a r a v
kara,karewgh,V;FIN;IND;PST;IPFV;2;PL,k ə r ɛ uː x
kara,kar,V;FIN;IMP;2;SG,k a r
kara,keryn,V;FIN;IND;PRS/FUT;1;PL,k ɛ r ɪ n
kara,kyrriv,V;FIN;SBJV;PRS/FUT;1;SG,k ɪ r ɪ v
kara,kyrrer,V;FIN;SBJV;PRS/FUT;0,k ɪ r ə r
kara,karens,V;FIN;IND;PST;IPFV;3;PL,k a r ɛ n z
kara,kerowgh,V;FIN;IMP;2;PL,k ɛ r ɔ uː x
kara,kersys,V;FIN;IND;PST;PFV;2;SG,k ɛ r s ɪ s
kara,kerir,V;FIN;IND;PRS/FUT;0,k ɛ r ɪ r
kara,karrens,V;FIN;SBJV;PST;IPFV;3;PL,k a r ɛ n z
kara,karsa,V;FIN;IND;COND;3;SG,k a r s a
kara,kersowgh,V;FIN;IND;PST;PFV;2;PL,k ɛ r s ɔ uː x
kara,karres,V;FIN;SBJV;PST;IPFV;2;SG,k a r ɛ s
kara,karen,V;FIN;IND;PST;IPFV;1;SG,k a r ɛ n
kara,karrys,V;FIN;SBJV;PST;IPFV;0,k a r ɪ s
kara,kersyn,V;FIN;IND;PST;PFV;1;PL,k ɛ r s ɪ n
kara,kar,V;FIN;IND;PRS/FUT;3;SG,k a r
kara,karsewgh,V;FIN;IND;COND;2;PL,k a r s uː x
kara,kares,V;FIN;IND;PST;IPFV;2;SG,k a r ɛ s
kara,karren,V;FIN;SBJV;PST;IPFV;1;SG,k a r ə n
kara,kares,V;FIN;IND;PST;IPFV;0,k a r ɛ s
kara,karons,V;FIN;IND;PRS/FUT;3;PL,k a r ɔ n z
kara,karro,V;FIN;SBJV;PRS/FUT;3;SG,k a r ə ʊ
kara,kerryn,V;FIN;SBJV;PRS/FUT;1;PL,k ɛ r ɪ n
kara,karens,V;FIN;IMP;3;PL,k a r ɛ n z
kara,karrons,V;FIN;SBJV;PRS/FUT;3;PL,k a r ɔ n z
kara,keris,V;FIN;IND;PST;PFV;1;SG,k ɛ r ɪ s
kara,kara,V;FIN;IND;PST;IPFV;3;SG,k a r a
kara,kerrowgh,V;FIN;SBJV;PRS/FUT;2;PL,k ɛ r ɔ u x
kara,kyrri,V;FIN;SBJV;PRS/FUT;2;SG,k ɪ r ɪ
kara,karas,V;FIN;IND;PST;PFV;0,k a r a s
kara,karra,V;FIN;SBJV;PST;IPFV;3;SG,k a r a
kara,karses,V;FIN;IND;COND;2;SG,k a r s ɪ s
kara,kerowgh,V;FIN;IND;PRS/FUT;2;PL,k ɛ r ɔ uː x
kara,kerydh,V;FIN;IND;PRS/FUT;2;SG,k ɛ r ɪ ð
kara,karsens,V;FIN;IND;COND;3;PL,k a r s ɛ n z
kara,karas,V;FIN;IND;PST;PFV;3;SG,k a r a s
kara,karen,V;FIN;IND;PST;IPFV;1;PL,k a r ɛ n
kara,karsen,V;FIN;IND;COND;1;SG,k a r s ɛ n
kara,karsys,V;FIN;IND;COND;0,k a r s ɪ s
kavos,y'gas beu,V;FIN;IND;PST;PFV;2;PL,j ɡ a s b eː u
kavos,y'n jeffa,V;FIN;SBJV;PST;IPFV;3;SG;MASC,ɪ n d ʒ ɛ f ə
kavos,y's teffa,V;FIN;SBJV;PST;IPFV;3;SG;FEM,iː s t ɛ f ə
kavos,y's jeffa,V;FIN;SBJV;PST;IPFV;3;SG;FEM,j ə z d͡ʒ ɛ f ə
kavos,y'gan bo,V;FIN;SBJV;PRS/FUT;1;PL,j ɡ ɑː n b oː
kavos,y's teffo,V;FIN;SBJV;PRS/FUT;3;SG;FEM,iː s t ɛ f ə ʊ
kavos,y's jeffo,V;FIN;SBJV;PRS/FUT;3;SG;FEM,j ə z d͡ʒ ɛ f ə ʊ
kavos,y's tevedha,V;FIN;IND;COND;3;SG;FEM,ɪ s t ɛ v ɛ ð a
kavos,y's jevedha,V;FIN;IND;COND;3;SG;FEM,ɪ s d ʒ ɛ v ɛ ð a
kavos,y'm beus,V;FIN;IND;PRS;1;SG,ɪ m b eː s
kavos,y'gan bo,V;FIN;IND;PST;IPFV;1;PL,j ɡ ɑː n b oː
kavos,y' fe,V;FIN;SBJV;PST;IPFV;2;SG,j f eː
kavos,y's teves,V;FIN;IND;PRS;3;SG;FEM,iː s t eː v ɪ s
kavos,y's jeves,V;FIN;IND;PRS;3;SG;FEM,j ə z d͡ʒ eː v ə s
kavos,y'm bydh,V;FIN;IND;FUT;1;SG,ə m b ɪ ð
kavos,y's tevydh,V;FIN;IND;FUT;3;PL,ɪ s t eː v ɪ ð
kavos,y'gas bo,V;FIN;IND;PST;IPFV;2;PL,j ɡ a s b uː
kavos,y'gan be,V;FIN;SBJV;PST;IPFV;1;PL,j ɡ ɑː n b eː
kavos,y' feu,V;FIN;IND;PST;PFV;2;SG,j f øː
kavos,y's teves,V;FIN;IND;PRS;3;PL,iː s t eː v ɪ s
kavos,y'gas bo,V;FIN;SBJV;PRS/FUT;2;PL,j ɡ a s b uː
kavos,y'n jevedha,V;FIN;IND;COND;3;SG;MASC,ɪ n d ʒ ɛ v ɛ ð a
kavos,y'gan beu,V;FIN;IND;PST;PFV;1;PL,j ɡ ɑː n b eː u
kavos,y' fo,V;FIN;SBJV;PRS/FUT;2;SG,j f oː
kavos,y'm bo,V;FIN;IND;PST;IPFV;1;SG,ɪ m b oː
kavos,y's teffo,V;FIN;SBJV;PRS/FUT;3;PL,iː s t ɛ f ə ʊ
kavos,y's teva,V;FIN;IND;PST;PFV;3;SG;FEM,ɪ s t eː v a
kavos,y's jeva,V;FIN;IND;PST;PFV;3;SG;FEM,j ə z d͡ʒ eː v a
kavos,y'n jeves,V;FIN;IND;PRS;3;SG;MASC,ɪ n d ʒ ɛ v ɪ z
kavos,y'gan bedha,V;FIN;IND;COND;1;PL,j ɡ ɑ n b eː ð ə
kavos,y'th o,V;FIN;IND;PST;IPFV;2;SG,ɪ θ oː
kavos,y'm bo,V;FIN;SBJV;PRS/FUT;1;SG,ɪ m b oː
kavos,y's tevo,V;FIN;IND;PST;IPFV;3;PL,iː s t eː v ə
kavos,y'gas beus,V;FIN;IND;PRS;2;PL,j ɡ a s b eː ɪ s
kavos,y'n jevydh,V;FIN;IND;FUT;3;SG;MASC,ə n d ʒ ɛ v ɪ ð
kavos,y's tevydh,V;FIN;IND;FUT;3;SG;FEM,ɪ s t eː v ɪ ð
kavos,y's jevydh,V;FIN;IND;FUT;3;SG;FEM,ɪ s d͡ʒ ɛ v ɪ ð
kavos,y'gas be,V;FIN;SBJV;PST;IPFV;2;PL,j ɡ a s b eː
kavos,y'gas bydh,V;FIN;IND;FUT;2;PL,j ɡ a s b ɪ ð
kavos,y'm beu,V;FIN;IND;PST;PFV;1;SG,ɪ m b eː
kavos,y's teffa,V;FIN;SBJV;PST;IPFV;3;PL,iː s t ɛ f ə
kavos,y'n jevo,V;FIN;IND;PST;IPFV;3;SG;MASC,ɪ n d ʒ eː v ə
kavos,y'gan bydh,V;FIN;IND;FUT;1;PL,j ɡ ɑ n b ɪ ð
kavos,y' fydh,V;FIN;IND;FUT;2;SG,ə f ɪ ð
kavos,y'm be,V;FIN;SBJV;PST;IPFV;1;SG,ɪ m b eː
kavos,y's teva,V;FIN;IND;PST;PFV;3;PL,ɪ s t eː v a
kavos,y'n jeffo,V;FIN;SBJV;PRS/FUT;3;SG;MASC,ɪ n d ʒ ɛ f ə ʊ
kavos,y's tevo,V;FIN;IND;PST;IPFV;3;SG;FEM,iː s t eː v ə
kavos,y's jevo,V;FIN;IND;PST;IPFV;3;SG;FEM,j ə z d͡ʒ eː v ə
kavos,y'gan beus,V;FIN;IND;PRS;1;PL,j ɡ ɑː n b eː ɪ s
kavos,y'th eus,V;FIN;IND;PRS;2;SG,ɪ θ iː ə s
kavos,y'gas bedha,V;FIN;IND;COND;2;PL,j ɡ a s b eː ð a
kavos,y'n jeva,V;FIN;IND;PST;PFV;3;SG;MASC,ɪ n d ʒ eː v a
kavos,y' fedha,V;FIN;IND;COND;2;SG,ɪ f eː ð a
kavos,y'm bedha,V;FIN;IND;COND;1;SG,ɪ m b eː ð a
kavos,y's tevedha,V;FIN;IND;COND;3;PL,ɪ s t ɛ v ɛ ð a
mynnes,mynsons i,V;FIN;IND;PST;PFV;3;PL,m ɪ n s ɔ n s i
mynnes,mynnes,V;FIN;IMP;3;SG,m ɪ n ɪ s
mynnes,mynnyn,V;FIN;IMP;1;PL,m ɪ n ɪ n
mynnes,mynnewgh hwi,V;FIN;SBJV;PST;IPFV;2;PL,m ɪ n ɪ u ɣ w iː
mynnes,mynnen ni,V;FIN;SBJV;PST;IPFV;1;PL,m ɪ n ə n n i
mynnes,mynsen ni,V;FIN;IND;COND;1;PL,m ɪ n s ɛ n n i
mynnes,mynnav vy,V;FIN;IND;PRS/FUT;1;SG,m ɪ n ə v v iː
mynnes,mynnewgh hwi,V;FIN;IND;PST;IPFV;2;PL,m ɪ n ɪ u ɣ w iː
mynnes,mynn,V;FIN;IMP;2;SG,m ɪ n
mynnes,mynnyn ni,V;FIN;IND;PRS/FUT;1;PL,m ɪ n ɪ n n i
mynnes,mynniv vy,V;FIN;SBJV;PRS/FUT;1;SG,m ɪ n ɪ v v iː
mynnes,mynner,V;FIN;SBJV;PRS/FUT;0,m ɪ n ə r
mynnes,mynnens i,V;FIN;IND;PST;IPFV;3;PL,m ɪ n ɛ n s i
mynnes,mynnowgh,V;FIN;IMP;2;PL,m ɪ n ɔ uː x
mynnes,mynsys jy,V;FIN;IND;PST;PFV;2;SG,m ɪ n s ɪ s d͡ʒ iː
mynnes,mynnir,V;FIN;IND;PRS/FUT;0,m ɪ n ɪ r
mynnes,mynnens i,V;FIN;SBJV;PST;IPFV;3;PL,m ɪ n ɛ n s i
mynnes,mynsa ev,V;FIN;IND;COND;3;SG,m ɪ n s ə ɛ v
mynnes,mynsowgh hwi,V;FIN;IND;PST;PFV;2;PL,m ɪ n s ɔ u ɣ w iː
mynnes,mynnes jy,V;FIN;SBJV;PST;IPFV;2;SG,m ɪ n ə s d͡ʒ iː
mynnes,mynnen vy,V;FIN;IND;PST;IPFV;1;SG,m ɪ n ə n v iː
mynnes,mynnys,V;FIN;SBJV;PST;IPFV;0,m ɪ n ɪ s
mynnes,mynsyn ni,V;FIN;IND;PST;PFV;1;PL,m ɪ n s ɪ n n i
mynnes,mynn ev,V;FIN;IND;PRS/FUT;3;SG,m ɪ n ɛ v
mynnes,mynsewgh hwi,V;FIN;IND;COND;2;PL,m ɪ n s ɛ uː x w iː
mynnes,mynnes jy,V;FIN;IND;PST;IPFV;2;SG,m ɪ n ə s d͡ʒ iː
mynnes,mynnen vy,V;FIN;SBJV;PST;IPFV;1;SG,m ɪ n ə n v iː
mynnes,mynnes,V;FIN;IND;PST;IPFV;0,m ɪ n ɪ s
mynnes,mynnons i,V;FIN;IND;PRS/FUT;3;PL,m ɪ n ɔ n s i
mynnes,mynno ev,V;FIN;SBJV;PRS/FUT;3;SG,m ɪ n ɔ ʌ v
mynnes,mynnyn ni,V;FIN;SBJV;PRS/FUT;1;PL,m ɪ n ɪ n n i
mynnes,mynnens,V;FIN;IMP;3;PL,m ɪ n ɛ n z
mynnes,mynnons i,V;FIN;SBJV;PRS/FUT;3;PL,m ɪ n ɔ n s i
mynnes,mynnis vy,V;FIN;IND;PST;PFV;1;SG,m ɪ n ɪ s v iː
mynnes,mynna ev,V;FIN;IND;PST;IPFV;3;SG,m ɪ n ə ɛ v
mynnes,mynnowgh hwi,V;FIN;SBJV;PRS/FUT;2;PL,m ɪ n ɔ u ɣ w iː
mynnes,mynni jy,V;FIN;SBJV;PRS/FUT;2;SG,m ɪ n ɪ d͡ʒ iː
mynnes,mynsys,V;FIN;IND;PST;PFV;0,m ɪ n s ɪ s
mynnes,mynna ev,V;FIN;SBJV;PST;IPFV;3;SG,m ɪ n ə ɛ v
mynnes,mynses jy,V;FIN;IND;COND;2;SG,m ɪ n s ə s d͡ʒ iː
mynnes,mynnowgh hwi,V;FIN;IND;PRS/FUT;2;PL,m ɪ n ɔ u ɣ w iː
mynnes,mynnydh jy,V;FIN;IND;PRS/FUT;2;SG,m ɪ n ɪ ð ə d͡ʒ iː
mynnes,mynsens i,V;FIN;IND;COND;3;PL,m ɪ n s ɛ n s i
mynnes,mynnas ev,V;FIN;IND;PST;PFV;3;SG,m ɪ n ə s ɛ v
mynnes,mynnen ni,V;FIN;IND;PST;IPFV;1;PL,m ɪ n ə n n i
mynnes,mynsen vy,V;FIN;IND;COND;1;SG,m ɪ n s ə n v iː
mynnes,mynses,V;FIN;IND;COND;0,m ɪ n s ɪ s
bos,ben ni,V;FIN;SBJV;PST;IPFV;1;PL,b ɛ n n i
bos,bia ev,V;FIN;IND;COND;3;SG,b i ə ɛ v
bos,bien ni,V;FIN;IND;COND;1;PL,b i ɛ n n i
bos,bo ev,V;FIN;SBJV;PRS+FUT;3;SG,b uː ɛ v
bos,beun ni,V;FIN;IND;PST;PFV;1;PL,b ɪ ə n n iː
bos,biv vy,V;FIN;SBJV;PRS+FUT;1;SG,b ɪ v v iː
bos,bon vy,V;FIN;SBJV;PRS+FUT;1;SG,b ɔ n v iː
bos,bedhons i,V;FIN;IND;FUT;HAB;3;PL,b ɛ ð ɔ n s i
bos,bedhowgh,V;FIN;IMP;2;PL,b ɛ ð ɔ uː x
bos,bons i,V;FIN;SBJV;PRS+FUT;3;PL,b ɔ n z i
bos,en ni,V;FIN;IND;PST;IPFV;1;PL;LGSPEC1,ɛ n n iː
bos,ov vy,V;FIN;IND;PRS;1;SG;LGSPEC1,ɔ v v iː
bos,o'ma,V;FIN;IND;PRS;1;SG;LGSPEC1,uː m ə
bos,bes,V;FIN;SBJV;PST;IPFV;0,b eː s
bos,erowgh hwi,V;FIN;IND;PRS;2;PL;LGSPEC2,ɛ r ɔ u ɣ w iː
bos,on ni,V;FIN;IND;PRS;1;PL;LGSPEC1,ɔ n n i
bos,bies jy,V;FIN;IND;COND;2;SG,b iː z d͡ʒ iː
bos,esen vy,V;FIN;IND;PST;IPFV;1;SG;LGSPEC2,ɛ s ə n v iː
bos,eses,V;FIN;IND;PST;IPFV;0;LGSPEC2,ɛ s ɪ s
bos,byn ni,V;FIN;SBJV;PRS+FUT;1;PL,b ɪ n n i
bos,bon ni,V;FIN;SBJV;PRS+FUT;1;PL,b ɔ n n i
bos,eder,V;FIN;IND;PRS;0;LGSPEC2,ɛ d ə r
bos,ens i,V;FIN;IND;PST;IPFV;3;PL;LGSPEC1,ɛ n s i
bos,be ev,V;FIN;SBJV;PST;IPFV;3;SG,b ə ɛ v
bos,bedhydh jy,V;FIN;IND;FUT;HAB;2;SG,b ɛ ð ɪ ð ə d͡ʒ iː
bos,ben vy,V;FIN;SBJV;PST;IPFV;1;SG,b ɛ n v iː
bos,or,V;FIN;IND;PRS;0;LGSPEC1,ɔ r
bos,bydh,V;FIN;IMP;2;SG,b ɪ ð
bos,o ev,V;FIN;IND;PST;IPFV;3;SG;LGSPEC1,ɔ ɪ v
bos,bedhowgh hwi,V;FIN;IND;FUT;HAB;2;PL,b ɛ ð ɔ u ɣ w iː
bos,bons i,V;FIN;IND;PST;PFV;3;PL,b ɔ n z i
bos,ber,V;FIN;SBJV;PRS+FUT;0,b ɛ r
bos,ymons i,V;FIN;IND;PRS;3;PL;LGSPEC2,ɪ m ɔ n z i
bos,usons i,V;FIN;IND;PRS;3;PL;LGSPEC2,j ʌ s ɔ n s i
bos,beus jy,V;FIN;IND;PST;PFV;2;SG,b iː ə s d͡ʒ iː
bos,erov vy,V;FIN;IND;PRS;1;SG;LGSPEC2,ɛ r ɔ v v iː
bos,biens i,V;FIN;IND;COND;3;PL,b i ɛ n z i
bos,beus,V;FIN;IND;PST;PFV;0,b iː s
bos,bedhyn ni,V;FIN;IND;FUT;HAB;1;PL,b ɛ ð ɪ n n i
bos,yw ev,V;FIN;IND;PRS;3;SG;LGSPEC1,ɪ uː ɛ v
bos,bedhes,V;FIN;IMP;3;SG,b ɛ ð ɪ s
bos,eros jy,V;FIN;IND;PRS;2;SG;LGSPEC2,ɛ r ɔ s d͡ʒ iː
bos,es ta,V;FIN;IND;PRS;2;SG;LGSPEC2,ɛ s t ə
bos,beuv vy,V;FIN;IND;PST;PFV;1;SG,b iː v v iː
bos,bewgh hwi,V;FIN;IND;PST;PFV;2;PL,b ɛ u x w iː
bos,bedhens,V;FIN;IMP;3;PL,b ɛ ð ɛ n z
bos,yns i,V;FIN;IND;PRS;3;PL;LGSPEC1,ɪ n s i
bos,esa ev,V;FIN;IND;PST;IPFV;3;SG;LGSPEC2,ɛ s ə ɛ v
bos,bens i,V;FIN;SBJV;PST;IPFV;3;PL,b ɛ n z i
bos,esen ni,V;FIN;IND;PST;IPFV;1;PL;LGSPEC2,ɛ s ə n n iː
bos,biewgh hwi,V;FIN;IND;COND;2;PL,b i u ɣ w iː
bos,bes jy,V;FIN;SBJV;PST;IPFV;2;SG,b ɛ s d͡ʒ iː
bos,bedhav vy,V;FIN;IND;FUT;HAB;1;SG,b ɛ ð ə v v iː
bos,bies,V;FIN;IND;COND;0,b iː z
bos,bowgh hwi,V;FIN;SBJV;PRS+FUT;2;PL,b ɔ ʊ ɣ w iː
bos,yma ev,V;FIN;IND;PRS;3;SG;LGSPEC2,ɪ m ə ɛ v
bos,usi ev,V;FIN;IND;PRS;3;SG;LGSPEC2,uː s ɪ ɛ v
bos,eus,V;FIN;IND;PRS;3;SG;LGSPEC2,iː u s
bos,ewgh hwi,V;FIN;IND;PST;IPFV;2;PL;LGSPEC1,ɛ w h w iː
bos,esewgh hwi,V;FIN;IND;PST;IPFV;2;PL;LGSPEC2,ɛ s ɛ uː x w iː
bos,eses jy,V;FIN;IND;PST;IPFV;2;SG;LGSPEC2,ɛ s ə s d͡ʒ iː
bos,bien vy,V;FIN;IND;COND;1;SG,b i ɛ n v iː
bos,bewgh hwi,V;FIN;SBJV;PST;IPFV;2;PL,b ɛ u x w iː
bos,bedhyn,V;FIN;IMP;1;PL,b ɛ ð ɪ n
bos,beu ev,V;FIN;IND;PST;PFV;3;SG,b iː u ə v
bos,eron ni,V;FIN;IND;PRS;1;PL;LGSPEC2,ɛ r ɔ n n i
bos,owgh hwi,V;FIN;IND;PRS;2;PL;LGSPEC1,ɔ u ɣ w iː
bos,os jy,V;FIN;IND;PRS;2;SG;LGSPEC1,ɔ s d͡ʒ iː
bos,os ta,V;FIN;IND;PRS;2;SG;LGSPEC1,ɔ s t a
bos,bi jy,V;FIN;SBJV;PRS+FUT;2;SG,b ɪ d͡ʒ iː
bos,bos jy,V;FIN;SBJV;PRS+FUT;2;SG,b ɔ s d͡ʒ iː
bos,esens i,V;FIN;IND;PST;IPFV;3;PL;LGSPEC2,ɛ s ɛ n s i
bos,bydh ev,V;FIN;IND;FUT;HAB;3;SG,b ɪ ð ɛ v
bos,bedher,V;FIN;IND;FUT;HAB;0,b ɛ ð ə r
bos,es jy,V;FIN;IND;PST;IPFV;2;SG;LGSPEC1,ɛ s d͡ʒ iː
bos,en vy,V;FIN;IND;PST;IPFV;1;SG;LGSPEC1,ɛ n v iː
bos,os,V;FIN;IND;PST;IPFV;0;LGSPEC1,ɔ s
