lemma,form,paradigm_slot,form_freq,lemma_freq,phonemic_form
అంటించు,అంటించాము,V;1;PL;PST,0.0,8.333333333333334e-06,a ɳ ʈ i ɲ t͡ɕ aː m u
అంటించు,అంటించారు,V;3;MASC;PL;PST,2e-05,8.333333333333334e-06,a ɳ ʈ i ɲ t͡ɕ aː ɾ u
అంటించు,అంటించాడు,V;3;MASC;SG;PST,3.3333333333333333e-06,8.333333333333334e-06,a ɳ ʈ i ɲ t͡ɕ aː ɖ u
అంటించు,అంటించావు,V;2;SG;PST,0.0,8.333333333333334e-06,a ɳ ʈ i ɲ t͡ɕ aː ʋ u
అంటించు,అంటించారు,V;2;PL;PST,2e-05,8.333333333333334e-06,a ɳ ʈ i ɲ t͡ɕ aː ɾ u
అంటించు,అంటించారు,V;3;FEM;PL;PST,2e-05,8.333333333333334e-06,a ɳ ʈ i ɲ t͡ɕ aː ɾ u
అంటించు,అంటించింది,V;3;FEM;SG;PST,3.3333333333333333e-06,8.333333333333334e-06,a ɳ ʈ i ɲ t͡ɕ i n̪ d̪ i
అంటించు,అంటించాను,V;1;SG;PST,0.0,8.333333333333334e-06,a ɳ ʈ i ɲ t͡ɕ aː n u
అందించు,అందించాము,V;1;PL;PST,6.666666666666667e-06,0.0002995833333333,a n̪ d̪ i ɲ t͡ɕ aː m u
అందించు,అందించారు,V;3;MASC;PL;PST,0.0006333333333333,0.0002995833333333,a n̪ d̪ i ɲ t͡ɕ aː ɾ u
అందించు,అందించాడు,V;3;MASC;SG;PST,0.0002766666666666,0.0002995833333333,a n̪ d̪ i ɲ t͡ɕ aː ɖ u
అందించు,అందించావు,V;2;SG;PST,3.3333333333333333e-06,0.0002995833333333,a n̪ d̪ i ɲ t͡ɕ aː ʋ u
అందించు,అందించారు,V;2;PL;PST,0.0006333333333333,0.0002995833333333,a n̪ d̪ i ɲ t͡ɕ aː ɾ u
అందించు,అందించారు,V;3;FEM;PL;PST,0.0006333333333333,0.0002995833333333,a n̪ d̪ i ɲ t͡ɕ aː ɾ u
అందించు,అందించింది,V;3;FEM;SG;PST,0.0002033333333333,0.0002995833333333,a n̪ d̪ i ɲ t͡ɕ i n̪ d̪ i
అందించు,అందించాను,V;1;SG;PST,6.666666666666667e-06,0.0002995833333333,a n̪ d̪ i ɲ t͡ɕ aː n u
అందుకొను,అందుకొన్నాము,V;1;PL;PST,0.0,7.916666666666667e-06,a n̪ d̪ u k o nː aː m u
అందుకొను,అందుకొన్నారు,V;3;MASC;PL;PST,1.6666666666666667e-05,7.916666666666667e-06,a n̪ d̪ u k o nː aː ɾ u
అందుకొను,అందుకొన్నాడు,V;3;MASC;SG;PST,1e-05,7.916666666666667e-06,a n̪ d̪ u k o nː aː ɖ u
అందుకొను,అందుకొన్నావు,V;2;SG;PST,0.0,7.916666666666667e-06,a n̪ d̪ u k o nː aː ʋ u
అందుకొను,అందుకొన్నారు,V;2;PL;PST,1.6666666666666667e-05,7.916666666666667e-06,a n̪ d̪ u k o nː aː ɾ u
అందుకొను,అందుకొన్నారు,V;3;FEM;PL;PST,1.6666666666666667e-05,7.916666666666667e-06,a n̪ d̪ u k o nː aː ɾ u
అందుకొను,అందుకొన్నది,V;3;FEM;SG;PST,3.3333333333333333e-06,7.916666666666667e-06,a n̪ d̪ u k o nː a d̪ i
అందుకొను,అందుకొన్నాను,V;1;SG;PST,0.0,7.916666666666667e-06,a n̪ d̪ u k o nː aː n u
అతిక్రమించు,అతిక్రమించాము,V;1;PL;PST,0.0,5e-06,a t̪ i k ɾ a m i ɲ t͡ɕ aː m u
అతిక్రమించు,అతిక్రమించారు,V;3;MASC;PL;PST,1e-05,5e-06,a t̪ i k ɾ a m i ɲ t͡ɕ aː ɾ u
అతిక్రమించు,అతిక్రమించాడు,V;3;MASC;SG;PST,3.3333333333333333e-06,5e-06,a t̪ i k ɾ a m i ɲ t͡ɕ aː ɖ u
అతిక్రమించు,అతిక్రమించావు,V;2;SG;PST,0.0,5e-06,a t̪ i k ɾ a m i ɲ t͡ɕ aː ʋ u
అతిక్రమించు,అతిక్రమించారు,V;2;PL;PST,1e-05,5e-06,a t̪ i k ɾ a m i ɲ t͡ɕ aː ɾ u
అతిక్రమించు,అతిక్రమించారు,V;3;FEM;PL;PST,1e-05,5e-06,a t̪ i k ɾ a m i ɲ t͡ɕ aː ɾ u
అతిక్రమించు,అతిక్రమించింది,V;3;FEM;SG;PST,6.666666666666667e-06,5e-06,a t̪ i k ɾ a m i ɲ t͡ɕ i n̪ d̪ i
అతిక్రమించు,అతిక్రమించాను,V;1;SG;PST,0.0,5e-06,a t̪ i k ɾ a m i ɲ t͡ɕ aː n u
అనుగ్రహించు,అనుగ్రహించాము,V;1;PL;PST,0.0,7.916666666666667e-06,a n u ɡ ɾ a h i ɲ t͡ɕ aː m u
అనుగ్రహించు,అనుగ్రహించారు,V;3;MASC;PL;PST,6.666666666666667e-06,7.916666666666667e-06,a n u ɡ ɾ a h i ɲ t͡ɕ aː ɾ u
అనుగ్రహించు,అనుగ్రహించాడు,V;3;MASC;SG;PST,2e-05,7.916666666666667e-06,a n u ɡ ɾ a h i ɲ t͡ɕ aː ɖ u
అనుగ్రహించు,అనుగ్రహించావు,V;2;SG;PST,0.0,7.916666666666667e-06,a n u ɡ ɾ a h i ɲ t͡ɕ aː ʋ u
అనుగ్రహించు,అనుగ్రహించారు,V;2;PL;PST,6.666666666666667e-06,7.916666666666667e-06,a n u ɡ ɾ a h i ɲ t͡ɕ aː ɾ u
అనుగ్రహించు,అనుగ్రహించారు,V;3;FEM;PL;PST,6.666666666666667e-06,7.916666666666667e-06,a n u ɡ ɾ a h i ɲ t͡ɕ aː ɾ u
అనుగ్రహించు,అనుగ్రహించింది,V;3;FEM;SG;PST,2.333333333333333e-05,7.916666666666667e-06,a n u ɡ ɾ a h i ɲ t͡ɕ i n̪ d̪ i
అనుగ్రహించు,అనుగ్రహించాను,V;1;SG;PST,0.0,7.916666666666667e-06,a n u ɡ ɾ a h i ɲ t͡ɕ aː n u
అనుసరించు,అనుసరించాము,V;1;PL;PST,0.0,4.166666666666666e-05,a n u s a ɾ i ɲ t͡ɕ aː m u
అనుసరించు,అనుసరించారు,V;3;MASC;PL;PST,8.333333333333333e-05,4.166666666666666e-05,a n u s a ɾ i ɲ t͡ɕ aː ɾ u
అనుసరించు,అనుసరించాడు,V;3;MASC;SG;PST,3e-05,4.166666666666666e-05,a n u s a ɾ i ɲ t͡ɕ aː ɖ u
అనుసరించు,అనుసరించావు,V;2;SG;PST,0.0,4.166666666666666e-05,a n u s a ɾ i ɲ t͡ɕ aː ʋ u
అనుసరించు,అనుసరించారు,V;2;PL;PST,8.333333333333333e-05,4.166666666666666e-05,a n u s a ɾ i ɲ t͡ɕ aː ɾ u
అనుసరించు,అనుసరించారు,V;3;FEM;PL;PST,8.333333333333333e-05,4.166666666666666e-05,a n u s a ɾ i ɲ t͡ɕ aː ɾ u
అనుసరించు,అనుసరించింది,V;3;FEM;SG;PST,4.6666666666666665e-05,4.166666666666666e-05,a n u s a ɾ i ɲ t͡ɕ i n̪ d̪ i
అనుసరించు,అనుసరించాను,V;1;SG;PST,6.666666666666667e-06,4.166666666666666e-05,a n u s a ɾ i ɲ t͡ɕ aː n u
అభినందించు,అభినందించాము,V;1;PL;PST,0.0,5.4583333333333336e-05,a bʱ i n a n̪ d̪ i ɲ t͡ɕ aː m u
అభినందించు,అభినందించారు,V;3;MASC;PL;PST,0.0001366666666666,5.4583333333333336e-05,a bʱ i n a n̪ d̪ i ɲ t͡ɕ aː ɾ u
అభినందించు,అభినందించాడు,V;3;MASC;SG;PST,1e-05,5.4583333333333336e-05,a bʱ i n a n̪ d̪ i ɲ t͡ɕ aː ɖ u
అభినందించు,అభినందించావు,V;2;SG;PST,0.0,5.4583333333333336e-05,a bʱ i n a n̪ d̪ i ɲ t͡ɕ aː ʋ u
అభినందించు,అభినందించారు,V;2;PL;PST,0.0001366666666666,5.4583333333333336e-05,a bʱ i n a n̪ d̪ i ɲ t͡ɕ aː ɾ u
అభినందించు,అభినందించారు,V;3;FEM;PL;PST,0.0001366666666666,5.4583333333333336e-05,a bʱ i n a n̪ d̪ i ɲ t͡ɕ aː ɾ u
అభినందించు,అభినందించింది,V;3;FEM;SG;PST,1.3333333333333332e-05,5.4583333333333336e-05,a bʱ i n a n̪ d̪ i ɲ t͡ɕ i n̪ d̪ i
అభినందించు,అభినందించాను,V;1;SG;PST,3.3333333333333333e-06,5.4583333333333336e-05,a bʱ i n a n̪ d̪ i ɲ t͡ɕ aː n u
అమ్ము,అమ్ముతున్నాము,V;1;PL;PRS;DUR,0.0,1.7708333333333335e-05,a mː u t̪ u nː aː m u
అమ్ము,అమ్ముతున్నారు,V;3;MASC;PL;PRS;DUR,8.333333333333333e-05,1.7708333333333335e-05,a mː u t̪ u nː aː ɾ u
అమ్ము,అమ్మారు,V;3;MASC;PL;PST,3.3333333333333333e-06,1.7708333333333335e-05,a mː aː ɾ u
అమ్ము,అమ్మావు,V;2;SG;PST,0.0,1.7708333333333335e-05,a mː aː ʋ u
అమ్ము,అమ్మాడు,V;3;MASC;SG;PST,1e-05,1.7708333333333335e-05,a mː aː ɖ u
అమ్ము,అమ్మాను,V;1;SG;PST,6.666666666666667e-06,1.7708333333333335e-05,a mː aː n u
అమ్ము,అమ్ముతున్నాడు,V;3;MASC;SG;PRS;DUR,3.3333333333333333e-06,1.7708333333333335e-05,a mː u t̪ u nː aː ɖ u
అమ్ము,అమ్ముతున్నావు,V;2;SG;PRS;DUR,0.0,1.7708333333333335e-05,a mː u t̪ u nː aː ʋ u
అమ్ము,అమ్మారు,V;3;FEM;PL;PST,3.3333333333333333e-06,1.7708333333333335e-05,a mː aː ɾ u
అమ్ము,అమ్మాము,V;1;PL;PST,0.0,1.7708333333333335e-05,a mː aː m u
అమ్ము,అమ్ముతున్నారు,V;2;PL;PRS;DUR,8.333333333333333e-05,1.7708333333333335e-05,a mː u t̪ u nː aː ɾ u
అమ్ము,అమ్ముతున్నారు,V;3;FEM;PL;PRS;DUR,8.333333333333333e-05,1.7708333333333335e-05,a mː u t̪ u nː aː ɾ u
అమ్ము,అమ్ముతున్నది,V;3;FEM;SG;PRS;DUR,0.0,1.7708333333333335e-05,a mː u t̪ u nː a d̪ i
అమ్ము,అమ్ముతున్నాను,V;1;SG;PRS;DUR,0.0,1.7708333333333335e-05,a mː u t̪ u nː aː n u
అమ్ము,అమ్మారు,V;2;PL;PST,3.3333333333333333e-06,1.7708333333333335e-05,a mː aː ɾ u
అమ్ము,అమ్మింది,V;3;FEM;SG;PST,3.3333333333333333e-06,1.7708333333333335e-05,a mː i n̪ d̪ i
అమ్ము,అమ్ముతున్నాము,V;1;PL;PRS;DUR,0.0,1.7708333333333335e-05,a mː u t̪ u nː aː m u
అమ్ము,అమ్ముతున్నారు,V;3;MASC;PL;PRS;DUR,8.333333333333333e-05,1.7708333333333335e-05,a mː u t̪ u nː aː ɾ u
అమ్ము,అమ్మారు,V;3;MASC;PL;PST,3.3333333333333333e-06,1.7708333333333335e-05,a mː aː ɾ u
అమ్ము,అమ్మావు,V;2;SG;PST,0.0,1.7708333333333335e-05,a mː aː ʋ u
అమ్ము,అమ్మాడు,V;3;MASC;SG;PST,1e-05,1.7708333333333335e-05,a mː aː ɖ u
అమ్ము,అమ్మాను,V;1;SG;PST,6.666666666666667e-06,1.7708333333333335e-05,a mː aː n u
అమ్ము,అమ్ముతున్నాడు,V;3;MASC;SG;PRS;DUR,3.3333333333333333e-06,1.7708333333333335e-05,a mː u t̪ u nː aː ɖ u
అమ్ము,అమ్ముతున్నావు,V;2;SG;PRS;DUR,0.0,1.7708333333333335e-05,a mː u t̪ u nː aː ʋ u
అమ్ము,అమ్మారు,V;3;FEM;PL;PST,3.3333333333333333e-06,1.7708333333333335e-05,a mː aː ɾ u
అమ్ము,అమ్మాము,V;1;PL;PST,0.0,1.7708333333333335e-05,a mː aː m u
అమ్ము,అమ్ముతున్నారు,V;2;PL;PRS;DUR,8.333333333333333e-05,1.7708333333333335e-05,a mː u t̪ u nː aː ɾ u
అమ్ము,అమ్ముతున్నారు,V;3;FEM;PL;PRS;DUR,8.333333333333333e-05,1.7708333333333335e-05,a mː u t̪ u nː aː ɾ u
అమ్ము,అమ్ముతున్నది,V;3;FEM;SG;PRS;DUR,0.0,1.7708333333333335e-05,a mː u t̪ u nː a d̪ i
అమ్ము,అమ్ముతున్నాను,V;1;SG;PRS;DUR,0.0,1.7708333333333335e-05,a mː u t̪ u nː aː n u
అమ్ము,అమ్మారు,V;2;PL;PST,3.3333333333333333e-06,1.7708333333333335e-05,a mː aː ɾ u
అమ్ము,అమ్మింది,V;3;FEM;SG;PST,3.3333333333333333e-06,1.7708333333333335e-05,a mː i n̪ d̪ i
అరుచు,అరిచాము,V;1;PL;PST,0.0,3.1666666666666666e-05,a ɾ i t͡ɕ aː m u
అరుచు,అరిచారు,V;3;MASC;PL;PST,2.333333333333333e-05,3.1666666666666666e-05,a ɾ i t͡ɕ aː ɾ u
అరుచు,అరిచాడు,V;3;MASC;SG;PST,0.0001333333333333,3.1666666666666666e-05,a ɾ i t͡ɕ aː ɖ u
అరుచు,అరిచావు,V;2;SG;PST,0.0,3.1666666666666666e-05,a ɾ i t͡ɕ aː ʋ u
అరుచు,అరిచారు,V;2;PL;PST,2.333333333333333e-05,3.1666666666666666e-05,a ɾ i t͡ɕ aː ɾ u
అరుచు,అరిచారు,V;3;FEM;PL;PST,2.333333333333333e-05,3.1666666666666666e-05,a ɾ i t͡ɕ aː ɾ u
అరుచు,అరిచింది,V;3;FEM;SG;PST,5e-05,3.1666666666666666e-05,a ɾ i t͡ɕ i n̪ d̪ i
అరుచు,అరిచాను,V;1;SG;PST,0.0,3.1666666666666666e-05,a ɾ i t͡ɕ aː n u
అర్పించు,అర్పించాము,V;1;PL;PST,0.0,2.4166666666666667e-05,a ɾ p i ɲ t͡ɕ aː m u
అర్పించు,అర్పించారు,V;3;MASC;PL;PST,5.666666666666666e-05,2.4166666666666667e-05,a ɾ p i ɲ t͡ɕ aː ɾ u
అర్పించు,అర్పించాడు,V;3;MASC;SG;PST,1.3333333333333332e-05,2.4166666666666667e-05,a ɾ p i ɲ t͡ɕ aː ɖ u
అర్పించు,అర్పించావు,V;2;SG;PST,0.0,2.4166666666666667e-05,a ɾ p i ɲ t͡ɕ aː ʋ u
అర్పించు,అర్పించారు,V;2;PL;PST,5.666666666666666e-05,2.4166666666666667e-05,a ɾ p i ɲ t͡ɕ aː ɾ u
అర్పించు,అర్పించారు,V;3;FEM;PL;PST,5.666666666666666e-05,2.4166666666666667e-05,a ɾ p i ɲ t͡ɕ aː ɾ u
అర్పించు,అర్పించింది,V;3;FEM;SG;PST,1e-05,2.4166666666666667e-05,a ɾ p i ɲ t͡ɕ i n̪ d̪ i
అర్పించు,అర్పించాను,V;1;SG;PST,0.0,2.4166666666666667e-05,a ɾ p i ɲ t͡ɕ aː n u
అలంకరించు,అలంకరించాము,V;1;PL;PST,0.0,2.0833333333333333e-05,a l a ŋ k a ɾ i ɲ t͡ɕ aː m u
అలంకరించు,అలంకరించారు,V;3;MASC;PL;PST,5e-05,2.0833333333333333e-05,a l a ŋ k a ɾ i ɲ t͡ɕ aː ɾ u
అలంకరించు,అలంకరించాడు,V;3;MASC;SG;PST,3.3333333333333333e-06,2.0833333333333333e-05,a l a ŋ k a ɾ i ɲ t͡ɕ aː ɖ u
అలంకరించు,అలంకరించావు,V;2;SG;PST,0.0,2.0833333333333333e-05,a l a ŋ k a ɾ i ɲ t͡ɕ aː ʋ u
అలంకరించు,అలంకరించారు,V;2;PL;PST,5e-05,2.0833333333333333e-05,a l a ŋ k a ɾ i ɲ t͡ɕ aː ɾ u
అలంకరించు,అలంకరించారు,V;3;FEM;PL;PST,5e-05,2.0833333333333333e-05,a l a ŋ k a ɾ i ɲ t͡ɕ aː ɾ u
అలంకరించు,అలంకరించింది,V;3;FEM;SG;PST,1.3333333333333332e-05,2.0833333333333333e-05,a l a ŋ k a ɾ i ɲ t͡ɕ i n̪ d̪ i
అలంకరించు,అలంకరించాను,V;1;SG;PST,0.0,2.0833333333333333e-05,a l a ŋ k a ɾ i ɲ t͡ɕ aː n u
ఆగు,ఆగారు,V;2;PL;PST,4e-05,3.708333333333333e-05,aː ɡ aː ɾ u
ఆగు,ఆగారు,V;3;FEM;PL;PST,4e-05,3.708333333333333e-05,aː ɡ aː ɾ u
ఆగు,ఆగావు,V;2;SG;PST,0.0,3.708333333333333e-05,aː ɡ aː ʋ u
ఆగు,ఆగాను,V;1;SG;PST,0.0,3.708333333333333e-05,aː ɡ aː n u
ఆగు,ఆగాము,V;1;PL;PST,0.0,3.708333333333333e-05,aː ɡ aː m u
ఆగు,ఆగింది,V;3;FEM;SG;PST,0.0001066666666666,3.708333333333333e-05,aː ɡ i n̪ d̪ i
ఆగు,ఆగారు,V;3;MASC;PL;PST,4e-05,3.708333333333333e-05,aː ɡ aː ɾ u
ఆగు,ఆగాడు,V;3;MASC;SG;PST,7e-05,3.708333333333333e-05,aː ɡ aː ɖ u
ఆడించు,ఆడించాము,V;1;PL;PST,0.0,7.499999999999999e-06,aː ɖ i ɲ t͡ɕ aː m u
ఆడించు,ఆడించారు,V;3;MASC;PL;PST,1e-05,7.499999999999999e-06,aː ɖ i ɲ t͡ɕ aː ɾ u
ఆడించు,ఆడించాడు,V;3;MASC;SG;PST,2.333333333333333e-05,7.499999999999999e-06,aː ɖ i ɲ t͡ɕ aː ɖ u
ఆడించు,ఆడించావు,V;2;SG;PST,0.0,7.499999999999999e-06,aː ɖ i ɲ t͡ɕ aː ʋ u
ఆడించు,ఆడించారు,V;2;PL;PST,1e-05,7.499999999999999e-06,aː ɖ i ɲ t͡ɕ aː ɾ u
ఆడించు,ఆడించారు,V;3;FEM;PL;PST,1e-05,7.499999999999999e-06,aː ɖ i ɲ t͡ɕ aː ɾ u
ఆడించు,ఆడించింది,V;3;FEM;SG;PST,3.3333333333333333e-06,7.499999999999999e-06,aː ɖ i ɲ t͡ɕ i n̪ d̪ i
ఆడించు,ఆడించాను,V;1;SG;PST,3.3333333333333333e-06,7.499999999999999e-06,aː ɖ i ɲ t͡ɕ aː n u
ఆడు,ఆడతావు,V;2;SG;FUT,0.0,1.9861111111111118e-05,aː ɖ a t̪ aː ʋ u
ఆడు,ఆడింది,V;3;FEM;SG;PST,8e-05,1.9861111111111118e-05,aː ɖ i n̪ d̪ i
ఆడు,ఆడతాము,V;1;PL;FUT,0.0,1.9861111111111118e-05,aː ɖ a t̪ aː m u
ఆడు,ఆడుతున్నావు,V;2;SG;PRS;DUR,0.0,1.9861111111111118e-05,aː ɖ u t̪ u nː aː ʋ u
ఆడు,ఆడాము,V;1;PL;PST,0.0,1.9861111111111118e-05,aː ɖ aː m u
ఆడు,ఆడారు,V;2;PL;PST,3.3333333333333335e-05,1.9861111111111118e-05,aː ɖ aː ɾ u
ఆడు,ఆడుతున్నాము,V;1;PL;PRS;DUR,0.0,1.9861111111111118e-05,aː ɖ u t̪ u nː aː m u
ఆడు,ఆడతారు,V;2;PL;FUT,2e-05,1.9861111111111118e-05,aː ɖ a t̪ aː ɾ u
ఆడు,ఆడాడు,V;3;MASC;SG;PST,0.0001,1.9861111111111118e-05,aː ɖ aː ɖ u
ఆడు,ఆడతాది,V;3;FEM;SG;FUT,0.0,1.9861111111111118e-05,aː ɖ a t̪ aː d̪ i
ఆడు,ఆడతాను,V;1;SG;FUT,6.666666666666667e-06,1.9861111111111118e-05,aː ɖ a t̪ aː n u
ఆడు,ఆడుతున్నారు,V;2;PL;PRS;DUR,3e-05,1.9861111111111118e-05,aː ɖ u t̪ u nː aː ɾ u
ఆడు,ఆడుతున్నది,V;3;FEM;SG;PRS;DUR,3.3333333333333333e-06,1.9861111111111118e-05,aː ɖ u t̪ u nː a d̪ i
ఆడు,ఆడుతున్నాను,V;1;SG;PRS;DUR,0.0,1.9861111111111118e-05,aː ɖ u t̪ u nː aː n u
ఆడు,ఆడుతున్నారు,V;3;MASC;PL;PRS;DUR,3e-05,1.9861111111111118e-05,aː ɖ u t̪ u nː aː ɾ u
ఆడు,ఆడతారు,V;3;MASC;PL;FUT,2e-05,1.9861111111111118e-05,aː ɖ a t̪ aː ɾ u
ఆడు,ఆడారు,V;3;MASC;PL;PST,3.3333333333333335e-05,1.9861111111111118e-05,aː ɖ aː ɾ u
ఆడు,ఆడావు,V;2;SG;PST,0.0,1.9861111111111118e-05,aː ɖ aː ʋ u
ఆడు,ఆడుతున్నారు,V;3;FEM;PL;PRS;DUR,3e-05,1.9861111111111118e-05,aː ɖ u t̪ u nː aː ɾ u
ఆడు,ఆడతారు,V;3;FEM;PL;FUT,2e-05,1.9861111111111118e-05,aː ɖ a t̪ aː ɾ u
ఆడు,ఆడతాడు,V;3;MASC;SG;FUT,6.666666666666667e-06,1.9861111111111118e-05,aː ɖ a t̪ aː ɖ u
ఆడు,ఆడారు,V;3;FEM;PL;PST,3.3333333333333335e-05,1.9861111111111118e-05,aː ɖ aː ɾ u
ఆడు,ఆడాను,V;1;SG;PST,6.666666666666667e-06,1.9861111111111118e-05,aː ɖ aː n u
ఆడు,ఆడుతున్నాడు,V;3;MASC;SG;PRS;DUR,2.333333333333333e-05,1.9861111111111118e-05,aː ɖ u t̪ u nː aː ɖ u
ఆడు,ఆడతావు,V;2;SG;FUT,0.0,1.9861111111111118e-05,aː ɖ a t̪ aː ʋ u
ఆడు,ఆడింది,V;3;FEM;SG;PST,8e-05,1.9861111111111118e-05,aː ɖ i n̪ d̪ i
ఆడు,ఆడతాము,V;1;PL;FUT,0.0,1.9861111111111118e-05,aː ɖ a t̪ aː m u
ఆడు,ఆడుతున్నావు,V;2;SG;PRS;DUR,0.0,1.9861111111111118e-05,aː ɖ u t̪ u nː aː ʋ u
ఆడు,ఆడాము,V;1;PL;PST,0.0,1.9861111111111118e-05,aː ɖ aː m u
ఆడు,ఆడారు,V;2;PL;PST,3.3333333333333335e-05,1.9861111111111118e-05,aː ɖ aː ɾ u
ఆడు,ఆడుతున్నాము,V;1;PL;PRS;DUR,0.0,1.9861111111111118e-05,aː ɖ u t̪ u nː aː m u
ఆడు,ఆడతారు,V;2;PL;FUT,2e-05,1.9861111111111118e-05,aː ɖ a t̪ aː ɾ u
ఆడు,ఆడాడు,V;3;MASC;SG;PST,0.0001,1.9861111111111118e-05,aː ɖ aː ɖ u
ఆడు,ఆడతాది,V;3;FEM;SG;FUT,0.0,1.9861111111111118e-05,aː ɖ a t̪ aː d̪ i
ఆడు,ఆడతాను,V;1;SG;FUT,6.666666666666667e-06,1.9861111111111118e-05,aː ɖ a t̪ aː n u
ఆడు,ఆడుతున్నారు,V;2;PL;PRS;DUR,3e-05,1.9861111111111118e-05,aː ɖ u t̪ u nː aː ɾ u
ఆడు,ఆడుతున్నది,V;3;FEM;SG;PRS;DUR,3.3333333333333333e-06,1.9861111111111118e-05,aː ɖ u t̪ u nː a d̪ i
ఆడు,ఆడుతున్నాను,V;1;SG;PRS;DUR,0.0,1.9861111111111118e-05,aː ɖ u t̪ u nː aː n u
ఆడు,ఆడుతున్నారు,V;3;MASC;PL;PRS;DUR,3e-05,1.9861111111111118e-05,aː ɖ u t̪ u nː aː ɾ u
ఆడు,ఆడతారు,V;3;MASC;PL;FUT,2e-05,1.9861111111111118e-05,aː ɖ a t̪ aː ɾ u
ఆడు,ఆడారు,V;3;MASC;PL;PST,3.3333333333333335e-05,1.9861111111111118e-05,aː ɖ aː ɾ u
ఆడు,ఆడావు,V;2;SG;PST,0.0,1.9861111111111118e-05,aː ɖ aː ʋ u
ఆడు,ఆడుతున్నారు,V;3;FEM;PL;PRS;DUR,3e-05,1.9861111111111118e-05,aː ɖ u t̪ u nː aː ɾ u
ఆడు,ఆడతారు,V;3;FEM;PL;FUT,2e-05,1.9861111111111118e-05,aː ɖ a t̪ aː ɾ u
ఆడు,ఆడతాడు,V;3;MASC;SG;FUT,6.666666666666667e-06,1.9861111111111118e-05,aː ɖ a t̪ aː ɖ u
ఆడు,ఆడారు,V;3;FEM;PL;PST,3.3333333333333335e-05,1.9861111111111118e-05,aː ɖ aː ɾ u
ఆడు,ఆడాను,V;1;SG;PST,6.666666666666667e-06,1.9861111111111118e-05,aː ɖ aː n u
ఆడు,ఆడుతున్నాడు,V;3;MASC;SG;PRS;DUR,2.333333333333333e-05,1.9861111111111118e-05,aː ɖ u t̪ u nː aː ɖ u
ఆపు,ఆపాము,V;1;PL;PST,0.0,9.583333333333335e-06,aː p aː m u
ఆపు,ఆపారు,V;3;MASC;PL;PST,1.3333333333333332e-05,9.583333333333335e-06,aː p aː ɾ u
ఆపు,ఆపాడు,V;3;MASC;SG;PST,1.6666666666666667e-05,9.583333333333335e-06,aː p aː ɖ u
ఆపు,ఆపావు,V;2;SG;PST,0.0,9.583333333333335e-06,aː p aː ʋ u
ఆపు,ఆపారు,V;2;PL;PST,1.3333333333333332e-05,9.583333333333335e-06,aː p aː ɾ u
ఆపు,ఆపారు,V;3;FEM;PL;PST,1.3333333333333332e-05,9.583333333333335e-06,aː p aː ɾ u
ఆపు,ఆపింది,V;3;FEM;SG;PST,1.6666666666666667e-05,9.583333333333335e-06,aː p i n̪ d̪ i
ఆపు,ఆపాను,V;1;SG;PST,3.3333333333333333e-06,9.583333333333335e-06,aː p aː n u
ఆపు,ఆపాము,V;1;PL;PST,0.0,9.583333333333335e-06,aː p aː m u
ఆపు,ఆపారు,V;3;MASC;PL;PST,1.3333333333333332e-05,9.583333333333335e-06,aː p aː ɾ u
ఆపు,ఆపాడు,V;3;MASC;SG;PST,1.6666666666666667e-05,9.583333333333335e-06,aː p aː ɖ u
ఆపు,ఆపావు,V;2;SG;PST,0.0,9.583333333333335e-06,aː p aː ʋ u
ఆపు,ఆపారు,V;2;PL;PST,1.3333333333333332e-05,9.583333333333335e-06,aː p aː ɾ u
ఆపు,ఆపారు,V;3;FEM;PL;PST,1.3333333333333332e-05,9.583333333333335e-06,aː p aː ɾ u
ఆపు,ఆపింది,V;3;FEM;SG;PST,1.6666666666666667e-05,9.583333333333335e-06,aː p i n̪ d̪ i
ఆపు,ఆపాను,V;1;SG;PST,3.3333333333333333e-06,9.583333333333335e-06,aː p aː n u
ఆలోచించు,ఆలోచించాము,V;1;PL;PST,0.0,3.0416666666666663e-05,aː l oː t͡ɕ i ɲ t͡ɕ aː m u
ఆలోచించు,ఆలోచించారు,V;3;MASC;PL;PST,5e-05,3.0416666666666663e-05,aː l oː t͡ɕ i ɲ t͡ɕ aː ɾ u
ఆలోచించు,ఆలోచించాడు,V;3;MASC;SG;PST,5.666666666666666e-05,3.0416666666666663e-05,aː l oː t͡ɕ i ɲ t͡ɕ aː ɖ u
ఆలోచించు,ఆలోచించావు,V;2;SG;PST,0.0,3.0416666666666663e-05,aː l oː t͡ɕ i ɲ t͡ɕ aː ʋ u
ఆలోచించు,ఆలోచించారు,V;2;PL;PST,5e-05,3.0416666666666663e-05,aː l oː t͡ɕ i ɲ t͡ɕ aː ɾ u
ఆలోచించు,ఆలోచించారు,V;3;FEM;PL;PST,5e-05,3.0416666666666663e-05,aː l oː t͡ɕ i ɲ t͡ɕ aː ɾ u
ఆలోచించు,ఆలోచించింది,V;3;FEM;SG;PST,3.3333333333333335e-05,3.0416666666666663e-05,aː l oː t͡ɕ i ɲ t͡ɕ i n̪ d̪ i
ఆలోచించు,ఆలోచించాను,V;1;SG;PST,3.3333333333333333e-06,3.0416666666666663e-05,aː l oː t͡ɕ i ɲ t͡ɕ aː n u
ఉండు,ఉన్నాము,V;1;PL;PST,5e-05,0.0016804166666666,u nː aː m u
ఉండు,ఉన్నారు,V;3;MASC;PL;PST,0.0037633333333333,0.0016804166666666,u nː aː ɾ u
ఉండు,ఉన్నాడు,V;3;MASC;SG;PST,0.0008533333333333,0.0016804166666666,u nː aː ɖ u
ఉండు,ఉన్నావు,V;2;SG;PST,4.333333333333333e-05,0.0016804166666666,u nː aː ʋ u
ఉండు,ఉన్నారు,V;2;PL;PST,0.0037633333333333,0.0016804166666666,u nː aː ɾ u
ఉండు,ఉన్నారు,V;3;FEM;PL;PST,0.0037633333333333,0.0016804166666666,u nː aː ɾ u
ఉండు,ఉన్నది,V;3;FEM;SG;PST,0.00104,0.0016804166666666,u nː a d̪ i
ఉండు,ఉన్నాను,V;1;SG;PST,0.0001666666666666,0.0016804166666666,u nː aː n u
ఎక్కు,ఎక్కాము,V;1;PL;PST,3.3333333333333333e-06,2.25e-05,e kː aː m u
ఎక్కు,ఎక్కారు,V;3;MASC;PL;PST,2e-05,2.25e-05,e kː aː ɾ u
ఎక్కు,ఎక్కాడు,V;3;MASC;SG;PST,5.666666666666666e-05,2.25e-05,e kː aː ɖ u
ఎక్కు,ఎక్కావు,V;2;SG;PST,0.0,2.25e-05,e kː aː ʋ u
ఎక్కు,ఎక్కారు,V;2;PL;PST,2e-05,2.25e-05,e kː aː ɾ u
ఎక్కు,ఎక్కారు,V;3;FEM;PL;PST,2e-05,2.25e-05,e kː aː ɾ u
ఎక్కు,ఎక్కింది,V;3;FEM;SG;PST,6e-05,2.25e-05,e kː i n̪ d̪ i
ఎక్కు,ఎక్కాను,V;1;SG;PST,0.0,2.25e-05,e kː aː n u
ఓడు,ఓడాము,V;1;PL;PST,0.0,5e-06,oː ɖ aː m u
ఓడు,ఓడారు,V;3;MASC;PL;PST,0.0,5e-06,oː ɖ aː ɾ u
ఓడు,ఓడాడు,V;3;MASC;SG;PST,1.3333333333333332e-05,5e-06,oː ɖ aː ɖ u
ఓడు,ఓడావు,V;2;SG;PST,0.0,5e-06,oː ɖ aː ʋ u
ఓడు,ఓడారు,V;2;PL;PST,0.0,5e-06,oː ɖ aː ɾ u
ఓడు,ఓడారు,V;3;FEM;PL;PST,0.0,5e-06,oː ɖ aː ɾ u
ఓడు,ఓడింది,V;3;FEM;SG;PST,2.333333333333333e-05,5e-06,oː ɖ i n̪ d̪ i
ఓడు,ఓడాను,V;1;SG;PST,3.3333333333333333e-06,5e-06,oː ɖ aː n u
ఓడు,ఓడాము,V;1;PL;PST,0.0,5e-06,oː ɖ aː m u
ఓడు,ఓడారు,V;3;MASC;PL;PST,0.0,5e-06,oː ɖ aː ɾ u
ఓడు,ఓడాడు,V;3;MASC;SG;PST,1.3333333333333332e-05,5e-06,oː ɖ aː ɖ u
ఓడు,ఓడావు,V;2;SG;PST,0.0,5e-06,oː ɖ aː ʋ u
ఓడు,ఓడారు,V;2;PL;PST,0.0,5e-06,oː ɖ aː ɾ u
ఓడు,ఓడారు,V;3;FEM;PL;PST,0.0,5e-06,oː ɖ aː ɾ u
ఓడు,ఓడింది,V;3;FEM;SG;PST,2.333333333333333e-05,5e-06,oː ɖ i n̪ d̪ i
ఓడు,ఓడాను,V;1;SG;PST,3.3333333333333333e-06,5e-06,oː ɖ aː n u
కట్టు,కట్టారు,V;2;PL;PST,0.0001166666666666,4.333333333333333e-05,k a ʈː aː ɾ u
కట్టు,బల్లకట్టు,V;3;FEM;PL;PST,0.0,4.333333333333333e-05,b a lː a k a ʈː u
కట్టు,మడికట్టు,V;3;FEM;PL;PST,0.0,4.333333333333333e-05,m a ɖ i k a ʈː u
కట్టు,మణికట్టు,V;3;FEM;PL;PST,4e-05,4.333333333333333e-05,m a ɳ i k a ʈː u
కట్టు,మీసకట్టు,V;3;FEM;PL;PST,3.3333333333333333e-06,4.333333333333333e-05,m iː s a k a ʈː u
కట్టు,మంత్రకట్టు,V;3;FEM;PL;PST,0.0,4.333333333333333e-05,m a n̪ t̪ ɾ a k a ʈː u
కట్టు,కట్టాడు,V;2;SG;PST,4e-05,4.333333333333333e-05,k a ʈː aː ɖ u
కట్టు,కట్టావు,V;1;SG;PST,0.0,4.333333333333333e-05,k a ʈː aː ʋ u
కట్టు,కట్టారు,V;1;PL;PST,0.0001166666666666,4.333333333333333e-05,k a ʈː aː ɾ u
కట్టు,కట్టారు,V;3;MASC;PL;PST,0.0001166666666666,4.333333333333333e-05,k a ʈː aː ɾ u
కట్టు,కట్టింది,V;3;MASC;SG;PST,4.333333333333333e-05,4.333333333333333e-05,k a ʈː i n̪ d̪ i
కట్టు,కట్టారు,V;2;PL;PST,0.0001166666666666,4.333333333333333e-05,k a ʈː aː ɾ u
కట్టు,బల్లకట్టు,V;3;FEM;PL;PST,0.0,4.333333333333333e-05,b a lː a k a ʈː u
కట్టు,మడికట్టు,V;3;FEM;PL;PST,0.0,4.333333333333333e-05,m a ɖ i k a ʈː u
కట్టు,మణికట్టు,V;3;FEM;PL;PST,4e-05,4.333333333333333e-05,m a ɳ i k a ʈː u
కట్టు,మీసకట్టు,V;3;FEM;PL;PST,3.3333333333333333e-06,4.333333333333333e-05,m iː s a k a ʈː u
కట్టు,మంత్రకట్టు,V;3;FEM;PL;PST,0.0,4.333333333333333e-05,m a n̪ t̪ ɾ a k a ʈː u
కట్టు,కట్టాడు,V;2;SG;PST,4e-05,4.333333333333333e-05,k a ʈː aː ɖ u
కట్టు,కట్టావు,V;1;SG;PST,0.0,4.333333333333333e-05,k a ʈː aː ʋ u
కట్టు,కట్టారు,V;1;PL;PST,0.0001166666666666,4.333333333333333e-05,k a ʈː aː ɾ u
కట్టు,కట్టారు,V;3;MASC;PL;PST,0.0001166666666666,4.333333333333333e-05,k a ʈː aː ɾ u
కట్టు,కట్టింది,V;3;MASC;SG;PST,4.333333333333333e-05,4.333333333333333e-05,k a ʈː i n̪ d̪ i
కనిపించు,కనిపించాము,V;1;PL;PST,0.0,0.0001608333333333,k a n i p i ɲ t͡ɕ aː m u
కనిపించు,కనిపించారు,V;3;MASC;PL;PST,7e-05,0.0001608333333333,k a n i p i ɲ t͡ɕ aː ɾ u
కనిపించు,కనిపించాడు,V;3;MASC;SG;PST,9.666666666666668e-05,0.0001608333333333,k a n i p i ɲ t͡ɕ aː ɖ u
కనిపించు,కనిపించావు,V;2;SG;PST,3.3333333333333333e-06,0.0001608333333333,k a n i p i ɲ t͡ɕ aː ʋ u
కనిపించు,కనిపించారు,V;2;PL;PST,7e-05,0.0001608333333333,k a n i p i ɲ t͡ɕ aː ɾ u
కనిపించు,కనిపించారు,V;3;FEM;PL;PST,7e-05,0.0001608333333333,k a n i p i ɲ t͡ɕ aː ɾ u
కనిపించు,కనిపించింది,V;3;FEM;SG;PST,0.0009733333333333,0.0001608333333333,k a n i p i ɲ t͡ɕ i n̪ d̪ i
కనిపించు,కనిపించాను,V;1;SG;PST,3.3333333333333333e-06,0.0001608333333333,k a n i p i ɲ t͡ɕ aː n u
కనిపెట్టు,కనిపెట్టాము,V;1;PL;PST,0.0,2.708333333333333e-05,k a n i p e ʈː aː m u
కనిపెట్టు,కనిపెట్టారు,V;3;MASC;PL;PST,4.6666666666666665e-05,2.708333333333333e-05,k a n i p e ʈː aː ɾ u
కనిపెట్టు,కనిపెట్టాడు,V;3;MASC;SG;PST,5.333333333333333e-05,2.708333333333333e-05,k a n i p e ʈː aː ɖ u
కనిపెట్టు,కనిపెట్టావు,V;2;SG;PST,0.0,2.708333333333333e-05,k a n i p e ʈː aː ʋ u
కనిపెట్టు,కనిపెట్టారు,V;2;PL;PST,4.6666666666666665e-05,2.708333333333333e-05,k a n i p e ʈː aː ɾ u
కనిపెట్టు,కనిపెట్టారు,V;3;FEM;PL;PST,4.6666666666666665e-05,2.708333333333333e-05,k a n i p e ʈː aː ɾ u
కనిపెట్టు,కనిపెట్టింది,V;3;FEM;SG;PST,2e-05,2.708333333333333e-05,k a n i p e ʈː i n̪ d̪ i
కనిపెట్టు,కనిపెట్టాను,V;1;SG;PST,3.3333333333333333e-06,2.708333333333333e-05,k a n i p e ʈː aː n u
కను,కన్నారు,V;2;PL;PST,1.3333333333333332e-05,7.916666666666667e-06,k a nː aː ɾ u
కను,కన్నారు,V;3;FEM;PL;PST,1.3333333333333332e-05,7.916666666666667e-06,k a nː aː ɾ u
కను,కన్నావు,V;2;SG;PST,0.0,7.916666666666667e-06,k a nː aː ʋ u
కను,కన్నాను,V;1;SG;PST,0.0,7.916666666666667e-06,k a nː aː n u
కను,కన్నాము,V;1;PL;PST,0.0,7.916666666666667e-06,k a nː aː m u
కను,కన్నది,V;3;FEM;SG;PST,1.6666666666666667e-05,7.916666666666667e-06,k a nː a d̪ i
కను,కన్నారు,V;3;MASC;PL;PST,1.3333333333333332e-05,7.916666666666667e-06,k a nː aː ɾ u
కను,కన్నాడు,V;3;MASC;SG;PST,6.666666666666667e-06,7.916666666666667e-06,k a nː aː ɖ u
కను,కన్నారు,V;2;PL;PST,1.3333333333333332e-05,7.916666666666667e-06,k a nː aː ɾ u
కను,కన్నారు,V;3;FEM;PL;PST,1.3333333333333332e-05,7.916666666666667e-06,k a nː aː ɾ u
కను,కన్నావు,V;2;SG;PST,0.0,7.916666666666667e-06,k a nː aː ʋ u
కను,కన్నాను,V;1;SG;PST,0.0,7.916666666666667e-06,k a nː aː n u
కను,కన్నాము,V;1;PL;PST,0.0,7.916666666666667e-06,k a nː aː m u
కను,కన్నది,V;3;FEM;SG;PST,1.6666666666666667e-05,7.916666666666667e-06,k a nː a d̪ i
కను,కన్నారు,V;3;MASC;PL;PST,1.3333333333333332e-05,7.916666666666667e-06,k a nː aː ɾ u
కను,కన్నాడు,V;3;MASC;SG;PST,6.666666666666667e-06,7.916666666666667e-06,k a nː aː ɖ u
కీర్తించు,కీర్తిస్తావు,V;2;SG;FUT,0.0,6.388888888888889e-06,k iː ɾ t̪ i s t̪ aː ʋ u
కీర్తించు,కీర్తించింది,V;3;FEM;SG;PST,1e-05,6.388888888888889e-06,k iː ɾ t̪ i ɲ t͡ɕ i n̪ d̪ i
కీర్తించు,కీర్తిస్తాము,V;1;PL;FUT,0.0,6.388888888888889e-06,k iː ɾ t̪ i s t̪ aː m u
కీర్తించు,కీర్తిస్తున్నావు,V;2;SG;PRS;DUR,0.0,6.388888888888889e-06,k iː ɾ t̪ i s t̪ u nː aː ʋ u
కీర్తించు,కీర్తించాము,V;1;PL;PST,0.0,6.388888888888889e-06,k iː ɾ t̪ i ɲ t͡ɕ aː m u
కీర్తించు,కీర్తించారు,V;2;PL;PST,2e-05,6.388888888888889e-06,k iː ɾ t̪ i ɲ t͡ɕ aː ɾ u
కీర్తించు,కీర్తిస్తున్నాము,V;1;PL;PRS;DUR,0.0,6.388888888888889e-06,k iː ɾ t̪ i s t̪ u nː aː m u
కీర్తించు,కీర్తిస్తారు,V;2;PL;FUT,6.666666666666667e-06,6.388888888888889e-06,k iː ɾ t̪ i s t̪ aː ɾ u
కీర్తించు,కీర్తించాడు,V;3;MASC;SG;PST,1.3333333333333332e-05,6.388888888888889e-06,k iː ɾ t̪ i ɲ t͡ɕ aː ɖ u
కీర్తించు,కీర్తిస్తుంది,V;3;FEM;SG;FUT,3.3333333333333333e-06,6.388888888888889e-06,k iː ɾ t̪ i s t̪ u n̪ d̪ i
కీర్తించు,కీర్తిస్తాను,V;1;SG;FUT,0.0,6.388888888888889e-06,k iː ɾ t̪ i s t̪ aː n u
కీర్తించు,కీర్తిస్తున్నారు,V;2;PL;PRS;DUR,1e-05,6.388888888888889e-06,k iː ɾ t̪ i s t̪ u nː aː ɾ u
కీర్తించు,కీర్తిస్తున్నది,V;3;FEM;SG;PRS;DUR,1e-05,6.388888888888889e-06,k iː ɾ t̪ i s t̪ u nː a d̪ i
కీర్తించు,కీర్తిస్తున్నాను,V;1;SG;PRS;DUR,0.0,6.388888888888889e-06,k iː ɾ t̪ i s t̪ u nː aː n u
కీర్తించు,కీర్తిస్తున్నారు,V;3;MASC;PL;PRS;DUR,1e-05,6.388888888888889e-06,k iː ɾ t̪ i s t̪ u nː aː ɾ u
కీర్తించు,కీర్తిస్తారు,V;3;MASC;PL;FUT,6.666666666666667e-06,6.388888888888889e-06,k iː ɾ t̪ i s t̪ aː ɾ u
కీర్తించు,కీర్తించారు,V;3;MASC;PL;PST,2e-05,6.388888888888889e-06,k iː ɾ t̪ i ɲ t͡ɕ aː ɾ u
కీర్తించు,కీర్తించావు,V;2;SG;PST,0.0,6.388888888888889e-06,k iː ɾ t̪ i ɲ t͡ɕ aː ʋ u
కీర్తించు,కీర్తిస్తున్నారు,V;3;FEM;PL;PRS;DUR,1e-05,6.388888888888889e-06,k iː ɾ t̪ i s t̪ u nː aː ɾ u
కీర్తించు,కీర్తిస్తారు,V;3;FEM;PL;FUT,6.666666666666667e-06,6.388888888888889e-06,k iː ɾ t̪ i s t̪ aː ɾ u
కీర్తించు,కీర్తిస్తాడు,V;3;MASC;SG;FUT,6.666666666666667e-06,6.388888888888889e-06,k iː ɾ t̪ i s t̪ aː ɖ u
కీర్తించు,కీర్తించారు,V;3;FEM;PL;PST,2e-05,6.388888888888889e-06,k iː ɾ t̪ i ɲ t͡ɕ aː ɾ u
కీర్తించు,కీర్తించాను,V;1;SG;PST,0.0,6.388888888888889e-06,k iː ɾ t̪ i ɲ t͡ɕ aː n u
కీర్తించు,కీర్తిస్తున్నాడు,V;3;MASC;SG;PRS;DUR,0.0,6.388888888888889e-06,k iː ɾ t̪ i s t̪ u nː aː ɖ u
కొను,కొన్నాము,V;1;PL;PST,0.0,1.9166666666666667e-05,k o nː aː m u
కొను,కొన్నారు,V;3;MASC;PL;PST,2.333333333333333e-05,1.9166666666666667e-05,k o nː aː ɾ u
కొను,కొన్నాడు,V;3;MASC;SG;PST,5e-05,1.9166666666666667e-05,k o nː aː ɖ u
కొను,కొన్నావు,V;2;SG;PST,3.3333333333333333e-06,1.9166666666666667e-05,k o nː aː ʋ u
కొను,కొన్నారు,V;2;PL;PST,2.333333333333333e-05,1.9166666666666667e-05,k o nː aː ɾ u
కొను,కొన్నారు,V;3;FEM;PL;PST,2.333333333333333e-05,1.9166666666666667e-05,k o nː aː ɾ u
కొను,కొన్నది,V;3;FEM;SG;PST,1.6666666666666667e-05,1.9166666666666667e-05,k o nː a d̪ i
కొను,కొన్నాను,V;1;SG;PST,1.3333333333333332e-05,1.9166666666666667e-05,k o nː aː n u
కోరు,కోరాము,V;1;PL;PST,3.3333333333333333e-06,0.000565,k oː ɾ aː m u
కోరు,కోరారు,V;3;MASC;PL;PST,0.0012533333333333,0.000565,k oː ɾ aː ɾ u
కోరు,కోరాడు,V;3;MASC;SG;PST,0.0002833333333333,0.000565,k oː ɾ aː ɖ u
కోరు,కోరావు,V;2;SG;PST,0.0,0.000565,k oː ɾ aː ʋ u
కోరు,కోరారు,V;2;PL;PST,0.0012533333333333,0.000565,k oː ɾ aː ɾ u
కోరు,కోరారు,V;3;FEM;PL;PST,0.0012533333333333,0.000565,k oː ɾ aː ɾ u
కోరు,కోరింది,V;3;FEM;SG;PST,0.0004566666666666,0.000565,k oː ɾ i n̪ d̪ i
కోరు,కోరాను,V;1;SG;PST,1.6666666666666667e-05,0.000565,k oː ɾ aː n u
గెలుచు,గెలిచాము,V;1;PL;PST,3.3333333333333333e-06,3.5833333333333335e-05,ɡ e l i t͡ɕ aː m u
గెలుచు,గెలిచారు,V;3;MASC;PL;PST,5e-05,3.5833333333333335e-05,ɡ e l i t͡ɕ aː ɾ u
గెలుచు,గెలిచాడు,V;3;MASC;SG;PST,2.6666666666666667e-05,3.5833333333333335e-05,ɡ e l i t͡ɕ aː ɖ u
గెలుచు,గెలిచావు,V;2;SG;PST,1.3333333333333332e-05,3.5833333333333335e-05,ɡ e l i t͡ɕ aː ʋ u
గెలుచు,గెలిచారు,V;2;PL;PST,5e-05,3.5833333333333335e-05,ɡ e l i t͡ɕ aː ɾ u
గెలుచు,గెలిచారు,V;3;FEM;PL;PST,5e-05,3.5833333333333335e-05,ɡ e l i t͡ɕ aː ɾ u
గెలుచు,గెలిచింది,V;3;FEM;SG;PST,9.333333333333332e-05,3.5833333333333335e-05,ɡ e l i t͡ɕ i n̪ d̪ i
గెలుచు,గెలిచాను,V;1;SG;PST,0.0,3.5833333333333335e-05,ɡ e l i t͡ɕ aː n u
చంపు,చంపాము,V;1;PL;PRS;DUR,0.0,1.2916666666666666e-05,t͡ɕ a m p aː m u
చంపు,చంపారు,V;3;MASC;PL;PRS;DUR,4.333333333333333e-05,1.2916666666666666e-05,t͡ɕ a m p aː ɾ u
చంపు,చంపుతారు,V;3;MASC;PL;PST,3.3333333333333333e-06,1.2916666666666666e-05,t͡ɕ a m p u t̪ aː ɾ u
చంపు,చంపుతావు,V;2;SG;PST,0.0,1.2916666666666666e-05,t͡ɕ a m p u t̪ aː ʋ u
చంపు,చంపుతాడు,V;3;MASC;SG;PST,6.666666666666667e-06,1.2916666666666666e-05,t͡ɕ a m p u t̪ aː ɖ u
చంపు,చంపుతాను,V;1;SG;PST,0.0,1.2916666666666666e-05,t͡ɕ a m p u t̪ aː n u
చంపు,చంపాడు,V;3;MASC;SG;PRS;DUR,3.3333333333333335e-05,1.2916666666666666e-05,t͡ɕ a m p aː ɖ u
చంపు,చంపావు,V;2;SG;PRS;DUR,0.0,1.2916666666666666e-05,t͡ɕ a m p aː ʋ u
చంపు,చంపుతారు,V;3;FEM;PL;PST,3.3333333333333333e-06,1.2916666666666666e-05,t͡ɕ a m p u t̪ aː ɾ u
చంపు,చంపుతాము,V;1;PL;PST,0.0,1.2916666666666666e-05,t͡ɕ a m p u t̪ aː m u
చంపు,చంపారు,V;2;PL;PRS;DUR,4.333333333333333e-05,1.2916666666666666e-05,t͡ɕ a m p aː ɾ u
చంపు,చంపారు,V;3;FEM;PL;PRS;DUR,4.333333333333333e-05,1.2916666666666666e-05,t͡ɕ a m p aː ɾ u
చంపు,చంపింది,V;3;FEM;SG;PRS;DUR,2.6666666666666667e-05,1.2916666666666666e-05,t͡ɕ a m p i n̪ d̪ i
చంపు,చంపాను,V;1;SG;PRS;DUR,0.0,1.2916666666666666e-05,t͡ɕ a m p aː n u
చంపు,చంపుతారు,V;2;PL;PST,3.3333333333333333e-06,1.2916666666666666e-05,t͡ɕ a m p u t̪ aː ɾ u
చంపు,చంపుతుంది,V;3;FEM;SG;PST,0.0,1.2916666666666666e-05,t͡ɕ a m p u t̪ u n̪ d̪ i
చదువు,చదివాము,V;1;PL;PST,2.333333333333333e-05,4.874999999999999e-05,t͡ɕ a d̪ i ʋ aː m u
చదువు,చదివారు,V;3;MASC;PL;PST,4e-05,4.874999999999999e-05,t͡ɕ a d̪ i ʋ aː ɾ u
చదువు,చదివాడు,V;3;MASC;SG;PST,6.666666666666667e-05,4.874999999999999e-05,t͡ɕ a d̪ i ʋ aː ɖ u
చదువు,చదివావు,V;2;SG;PST,0.0,4.874999999999999e-05,t͡ɕ a d̪ i ʋ aː ʋ u
చదువు,చదివారు,V;2;PL;PST,4e-05,4.874999999999999e-05,t͡ɕ a d̪ i ʋ aː ɾ u
చదువు,చదివారు,V;3;FEM;PL;PST,4e-05,4.874999999999999e-05,t͡ɕ a d̪ i ʋ aː ɾ u
చదువు,చదివింది,V;3;FEM;SG;PST,7.666666666666667e-05,4.874999999999999e-05,t͡ɕ a d̪ i ʋ i n̪ d̪ i
చదువు,చదివాను,V;1;SG;PST,0.0001033333333333,4.874999999999999e-05,t͡ɕ a d̪ i ʋ aː n u
చదువు,చదివాము,V;1;PL;PST,2.333333333333333e-05,4.874999999999999e-05,t͡ɕ a d̪ i ʋ aː m u
చదువు,చదివారు,V;3;MASC;PL;PST,4e-05,4.874999999999999e-05,t͡ɕ a d̪ i ʋ aː ɾ u
చదువు,చదివాడు,V;3;MASC;SG;PST,6.666666666666667e-05,4.874999999999999e-05,t͡ɕ a d̪ i ʋ aː ɖ u
చదువు,చదివావు,V;2;SG;PST,0.0,4.874999999999999e-05,t͡ɕ a d̪ i ʋ aː ʋ u
చదువు,చదివారు,V;2;PL;PST,4e-05,4.874999999999999e-05,t͡ɕ a d̪ i ʋ aː ɾ u
చదువు,చదివారు,V;3;FEM;PL;PST,4e-05,4.874999999999999e-05,t͡ɕ a d̪ i ʋ aː ɾ u
చదువు,చదివింది,V;3;FEM;SG;PST,7.666666666666667e-05,4.874999999999999e-05,t͡ɕ a d̪ i ʋ i n̪ d̪ i
చదువు,చదివాను,V;1;SG;PST,0.0001033333333333,4.874999999999999e-05,t͡ɕ a d̪ i ʋ aː n u
చర్చించు,చర్చించాము,V;1;PL;PST,6.666666666666667e-06,8.625000000000001e-05,t͡ɕ a ɾ t͡ɕ i ɲ t͡ɕ aː m u
చర్చించు,చర్చించారు,V;3;MASC;PL;PST,0.00021,8.625000000000001e-05,t͡ɕ a ɾ t͡ɕ i ɲ t͡ɕ aː ɾ u
చర్చించు,చర్చించాడు,V;3;MASC;SG;PST,2e-05,8.625000000000001e-05,t͡ɕ a ɾ t͡ɕ i ɲ t͡ɕ aː ɖ u
చర్చించు,చర్చించావు,V;2;SG;PST,0.0,8.625000000000001e-05,t͡ɕ a ɾ t͡ɕ i ɲ t͡ɕ aː ʋ u
చర్చించు,చర్చించారు,V;2;PL;PST,0.00021,8.625000000000001e-05,t͡ɕ a ɾ t͡ɕ i ɲ t͡ɕ aː ɾ u
చర్చించు,చర్చించారు,V;3;FEM;PL;PST,0.00021,8.625000000000001e-05,t͡ɕ a ɾ t͡ɕ i ɲ t͡ɕ aː ɾ u
చర్చించు,చర్చించింది,V;3;FEM;SG;PST,2.6666666666666667e-05,8.625000000000001e-05,t͡ɕ a ɾ t͡ɕ i ɲ t͡ɕ i n̪ d̪ i
చర్చించు,చర్చించాను,V;1;SG;PST,6.666666666666667e-06,8.625000000000001e-05,t͡ɕ a ɾ t͡ɕ i ɲ t͡ɕ aː n u
చూపించు,చూపించాము,V;1;PL;PST,0.0,0.0001679166666666,t͡ɕ uː p i ɲ t͡ɕ aː m u
చూపించు,చూపించారు,V;3;MASC;PL;PST,0.0003366666666666,0.0001679166666666,t͡ɕ uː p i ɲ t͡ɕ aː ɾ u
చూపించు,చూపించాడు,V;3;MASC;SG;PST,0.00016,0.0001679166666666,t͡ɕ uː p i ɲ t͡ɕ aː ɖ u
చూపించు,చూపించావు,V;2;SG;PST,6.666666666666667e-06,0.0001679166666666,t͡ɕ uː p i ɲ t͡ɕ aː ʋ u
చూపించు,చూపించారు,V;2;PL;PST,0.0003366666666666,0.0001679166666666,t͡ɕ uː p i ɲ t͡ɕ aː ɾ u
చూపించు,చూపించారు,V;3;FEM;PL;PST,0.0003366666666666,0.0001679166666666,t͡ɕ uː p i ɲ t͡ɕ aː ɾ u
చూపించు,చూపించింది,V;3;FEM;SG;PST,0.0001466666666666,0.0001679166666666,t͡ɕ uː p i ɲ t͡ɕ i n̪ d̪ i
చూపించు,చూపించాను,V;1;SG;PST,2e-05,0.0001679166666666,t͡ɕ uː p i ɲ t͡ɕ aː n u
చెప్పు,చెప్పాము,V;1;PL;PST,1e-05,0.0034270833333333,t͡ɕ e pː aː m u
చెప్పు,చెప్పారు,V;3;MASC;PL;PST,0.00722,0.0034270833333333,t͡ɕ e pː aː ɾ u
చెప్పు,చెప్పాడు,V;3;MASC;SG;PST,0.0033066666666666,0.0034270833333333,t͡ɕ e pː aː ɖ u
చెప్పు,చెప్పావు,V;2;SG;PST,3e-05,0.0034270833333333,t͡ɕ e pː aː ʋ u
చెప్పు,చెప్పారు,V;2;PL;PST,0.00722,0.0034270833333333,t͡ɕ e pː aː ɾ u
చెప్పు,చెప్పారు,V;3;FEM;PL;PST,0.00722,0.0034270833333333,t͡ɕ e pː aː ɾ u
చెప్పు,చెప్పింది,V;3;FEM;SG;PST,0.00216,0.0034270833333333,t͡ɕ e pː i n̪ d̪ i
చెప్పు,చెప్పాను,V;1;SG;PST,0.00025,0.0034270833333333,t͡ɕ e pː aː n u
చెప్పు,చెప్పాము,V;1;PL;PST,1e-05,0.0034270833333333,t͡ɕ e pː aː m u
చెప్పు,చెప్పారు,V;3;MASC;PL;PST,0.00722,0.0034270833333333,t͡ɕ e pː aː ɾ u
చెప్పు,చెప్పాడు,V;3;MASC;SG;PST,0.0033066666666666,0.0034270833333333,t͡ɕ e pː aː ɖ u
చెప్పు,చెప్పావు,V;2;SG;PST,3e-05,0.0034270833333333,t͡ɕ e pː aː ʋ u
చెప్పు,చెప్పారు,V;2;PL;PST,0.00722,0.0034270833333333,t͡ɕ e pː aː ɾ u
చెప్పు,చెప్పారు,V;3;FEM;PL;PST,0.00722,0.0034270833333333,t͡ɕ e pː aː ɾ u
చెప్పు,చెప్పింది,V;3;FEM;SG;PST,0.00216,0.0034270833333333,t͡ɕ e pː i n̪ d̪ i
చెప్పు,చెప్పాను,V;1;SG;PST,0.00025,0.0034270833333333,t͡ɕ e pː aː n u
చెల్లించు,చెల్లించాము,V;1;PL;PST,0.0,1.2083333333333337e-05,t͡ɕ e lː i ɲ t͡ɕ aː m u
చెల్లించు,చెల్లించారు,V;3;MASC;PL;PST,6.666666666666667e-06,1.2083333333333337e-05,t͡ɕ e lː i ɲ t͡ɕ aː ɾ u
చెల్లించు,చెల్లించాడు,V;3;MASC;SG;PST,1.3333333333333332e-05,1.2083333333333337e-05,t͡ɕ e lː i ɲ t͡ɕ aː ɖ u
చెల్లించు,చెల్లించావు,V;2;SG;PST,0.0,1.2083333333333337e-05,t͡ɕ e lː i ɲ t͡ɕ aː ʋ u
చెల్లించు,చెల్లించారు,V;2;PL;PST,6.666666666666667e-06,1.2083333333333337e-05,t͡ɕ e lː i ɲ t͡ɕ aː ɾ u
చెల్లించు,చెల్లించారు,V;3;FEM;PL;PST,6.666666666666667e-06,1.2083333333333337e-05,t͡ɕ e lː i ɲ t͡ɕ aː ɾ u
చెల్లించు,చెల్లించింది,V;3;FEM;SG;PST,6e-05,1.2083333333333337e-05,t͡ɕ e lː i ɲ t͡ɕ i n̪ d̪ i
చెల్లించు,చెల్లించాను,V;1;SG;PST,3.3333333333333333e-06,1.2083333333333337e-05,t͡ɕ e lː i ɲ t͡ɕ aː n u
చేయించు,చేయించాము,V;1;PL;PST,0.0,8.75e-05,t͡ɕ eː j i ɲ t͡ɕ aː m u
చేయించు,చేయించారు,V;3;MASC;PL;PST,0.00018,8.75e-05,t͡ɕ eː j i ɲ t͡ɕ aː ɾ u
చేయించు,చేయించాడు,V;3;MASC;SG;PST,6e-05,8.75e-05,t͡ɕ eː j i ɲ t͡ɕ aː ɖ u
చేయించు,చేయించావు,V;2;SG;PST,0.0,8.75e-05,t͡ɕ eː j i ɲ t͡ɕ aː ʋ u
చేయించు,చేయించారు,V;2;PL;PST,0.00018,8.75e-05,t͡ɕ eː j i ɲ t͡ɕ aː ɾ u
చేయించు,చేయించారు,V;3;FEM;PL;PST,0.00018,8.75e-05,t͡ɕ eː j i ɲ t͡ɕ aː ɾ u
చేయించు,చేయించింది,V;3;FEM;SG;PST,6.333333333333333e-05,8.75e-05,t͡ɕ eː j i ɲ t͡ɕ i n̪ d̪ i
చేయించు,చేయించాను,V;1;SG;PST,3.6666666666666666e-05,8.75e-05,t͡ɕ eː j i ɲ t͡ɕ aː n u
చేయు,చేస్తావు,V;2;SG;FUT,1e-05,0.0023583333333333,t͡ɕ eː s t̪ aː ʋ u
చేయు,చేసింది,V;3;FEM;SG;PST,0.0072133333333333,0.0023583333333333,t͡ɕ eː s i n̪ d̪ i
చేయు,చేస్తాము,V;1;PL;FUT,7.333333333333333e-05,0.0023583333333333,t͡ɕ eː s t̪ aː m u
చేయు,చేస్తున్నావు,V;2;SG;PRS;DUR,2.6666666666666667e-05,0.0023583333333333,t͡ɕ eː s t̪ u nː aː ʋ u
చేయు,చేశాము,V;1;PL;PST,2.333333333333333e-05,0.0023583333333333,t͡ɕ eː ɕ aː m u
చేయు,చేశారు,V;2;PL;PST,0.00855,0.0023583333333333,t͡ɕ eː ɕ aː ɾ u
చేయు,చేస్తున్నాము,V;1;PL;PRS;DUR,2.6666666666666667e-05,0.0023583333333333,t͡ɕ eː s t̪ u nː aː m u
చేయు,చేస్తారు,V;2;PL;FUT,0.00224,0.0023583333333333,t͡ɕ eː s t̪ aː ɾ u
చేయు,చేశాడు,V;3;MASC;SG;PST,0.0019133333333333,0.0023583333333333,t͡ɕ eː ɕ aː ɖ u
చేయు,చేస్తుంది,V;3;FEM;SG;FUT,0.0018666666666666,0.0023583333333333,t͡ɕ eː s t̪ u n̪ d̪ i
చేయు,చేస్తాను,V;1;SG;FUT,0.0002733333333333,0.0023583333333333,t͡ɕ eː s t̪ aː n u
చేయు,చేస్తున్నారు,V;2;PL;PRS;DUR,0.0036433333333333,0.0023583333333333,t͡ɕ eː s t̪ u nː aː ɾ u
చేయు,చేస్తున్నది,V;3;FEM;SG;PRS;DUR,0.00039,0.0023583333333333,t͡ɕ eː s t̪ u nː a d̪ i
చేయు,చేస్తున్నాను,V;1;SG;PRS;DUR,0.0002033333333333,0.0023583333333333,t͡ɕ eː s t̪ u nː aː n u
చేయు,చేస్తున్నారు,V;3;MASC;PL;PRS;DUR,0.0036433333333333,0.0023583333333333,t͡ɕ eː s t̪ u nː aː ɾ u
చేయు,చేస్తారు,V;3;MASC;PL;FUT,0.00224,0.0023583333333333,t͡ɕ eː s t̪ aː ɾ u
చేయు,చేశారు,V;3;MASC;PL;PST,0.00855,0.0023583333333333,t͡ɕ eː ɕ aː ɾ u
చేయు,చేశావు,V;2;SG;PST,3.6666666666666666e-05,0.0023583333333333,t͡ɕ eː ɕ aː ʋ u
చేయు,చేస్తున్నారు,V;3;FEM;PL;PRS;DUR,0.0036433333333333,0.0023583333333333,t͡ɕ eː s t̪ u nː aː ɾ u
చేయు,చేస్తారు,V;3;FEM;PL;FUT,0.00224,0.0023583333333333,t͡ɕ eː s t̪ aː ɾ u
చేయు,చేస్తాడు,V;3;MASC;SG;FUT,0.00048,0.0023583333333333,t͡ɕ eː s t̪ aː ɖ u
చేయు,చేశారు,V;3;FEM;PL;PST,0.00855,0.0023583333333333,t͡ɕ eː ɕ aː ɾ u
చేయు,చేశాను,V;1;SG;PST,0.0002833333333333,0.0023583333333333,t͡ɕ eː ɕ aː n u
చేయు,చేస్తున్నాడు,V;3;MASC;SG;PRS;DUR,0.00048,0.0023583333333333,t͡ɕ eː s t̪ u nː aː ɖ u
జన్మించు,జన్మించాము,V;1;PL;PST,0.0,0.0001470833333333,d͡ʑ a n m i ɲ t͡ɕ aː m u
జన్మించు,జన్మించారు,V;3;MASC;PL;PST,0.0003466666666666,0.0001470833333333,d͡ʑ a n m i ɲ t͡ɕ aː ɾ u
జన్మించు,జన్మించాడు,V;3;MASC;SG;PST,7.333333333333333e-05,0.0001470833333333,d͡ʑ a n m i ɲ t͡ɕ aː ɖ u
జన్మించు,జన్మించావు,V;2;SG;PST,3.3333333333333333e-06,0.0001470833333333,d͡ʑ a n m i ɲ t͡ɕ aː ʋ u
జన్మించు,జన్మించారు,V;2;PL;PST,0.0003466666666666,0.0001470833333333,d͡ʑ a n m i ɲ t͡ɕ aː ɾ u
జన్మించు,జన్మించారు,V;3;FEM;PL;PST,0.0003466666666666,0.0001470833333333,d͡ʑ a n m i ɲ t͡ɕ aː ɾ u
జన్మించు,జన్మించింది,V;3;FEM;SG;PST,6e-05,0.0001470833333333,d͡ʑ a n m i ɲ t͡ɕ i n̪ d̪ i
జన్మించు,జన్మించాను,V;1;SG;PST,0.0,0.0001470833333333,d͡ʑ a nː i ɲ t͡ɕ aː n u
జరుగు,జరిగాము,V;1;PL;PST,0.0,0.0005583333333333,d͡ʑ a ɾ i ɡ aː m u
జరుగు,జరిగారు,V;3;MASC;PL;PST,0.0,0.0005583333333333,d͡ʑ a ɾ i ɡ aː ɾ u
జరుగు,జరిగాడు,V;3;MASC;SG;PST,1.6666666666666667e-05,0.0005583333333333,d͡ʑ a ɾ i ɡ aː ɖ u
జరుగు,జరిగావు,V;2;SG;PST,0.0,0.0005583333333333,d͡ʑ a ɾ i ɡ aː ʋ u
జరుగు,జరిగారు,V;2;PL;PST,0.0,0.0005583333333333,d͡ʑ a ɾ i ɡ aː ɾ u
జరుగు,జరిగారు,V;3;FEM;PL;PST,0.0,0.0005583333333333,d͡ʑ a ɾ i ɡ aː ɾ u
జరుగు,జరిగింది,V;3;FEM;SG;PST,0.00445,0.0005583333333333,d͡ʑ a ɾ i ɡ i n̪ d̪ i
జరుగు,జరిగాను,V;1;SG;PST,0.0,0.0005583333333333,d͡ʑ a ɾ i ɡ aː n u
జారు,జారాము,V;1;PL;PST,0.0,4.166666666666667e-06,d͡ʑ aː ɾ aː m u
జారు,జారారు,V;3;MASC;PL;PST,0.0,4.166666666666667e-06,d͡ʑ aː ɾ aː ɾ u
జారు,జారాడు,V;3;MASC;SG;PST,3.3333333333333333e-06,4.166666666666667e-06,d͡ʑ aː ɾ aː ɖ u
జారు,జారావు,V;2;SG;PST,0.0,4.166666666666667e-06,d͡ʑ aː ɾ aː ʋ u
జారు,జారారు,V;2;PL;PST,0.0,4.166666666666667e-06,d͡ʑ aː ɾ aː ɾ u
జారు,జారారు,V;3;FEM;PL;PST,0.0,4.166666666666667e-06,d͡ʑ aː ɾ aː ɾ u
జారు,జారింది,V;3;FEM;SG;PST,3e-05,4.166666666666667e-06,d͡ʑ aː ɾ i n̪ d̪ i
జారు,జారాను,V;1;SG;PST,0.0,4.166666666666667e-06,d͡ʑ aː ɾ aː n u
తిను,తిన్నది,V;3;FEM;SG;PST,3e-05,2.055555555555556e-05,t̪ i nː a d̪ i
తిను,తిన్నాను,V;1;SG;PST,1e-05,2.055555555555556e-05,t̪ i nː aː n u
తిను,తిన్నారు,V;3;MASC;PL;PST,2e-05,2.055555555555556e-05,t̪ i nː aː ɾ u
తిను,తింటారు,V;3;MASC;PL;FUT,8e-05,2.055555555555556e-05,t̪ i ɳ ʈ aː ɾ u
తిను,తింటావు,V;2;SG;FUT,0.0,2.055555555555556e-05,t̪ i ɳ ʈ aː ʋ u
తిను,తింటున్నారు,V;3;MASC;PL;PRS;DUR,2e-05,2.055555555555556e-05,t̪ i ɳ ʈ u nː aː ɾ u
తిను,తింటున్నావు,V;2;SG;PRS;DUR,3.3333333333333333e-06,2.055555555555556e-05,t̪ i ɳ ʈ u nː aː ʋ u
తిను,తింటున్నారు,V;3;FEM;PL;PRS;DUR,2e-05,2.055555555555556e-05,t̪ i ɳ ʈ u nː aː ɾ u
తిను,తిన్నారు,V;3;FEM;PL;PST,2e-05,2.055555555555556e-05,t̪ i nː aː ɾ u
తిను,తింటారు,V;3;FEM;PL;FUT,8e-05,2.055555555555556e-05,t̪ i ɳ ʈ aː ɾ u
తిను,తింటాను,V;1;SG;FUT,3.3333333333333333e-06,2.055555555555556e-05,t̪ i ɳ ʈ aː n u
తిను,తిన్నాడు,V;3;MASC;SG;PST,2e-05,2.055555555555556e-05,t̪ i nː aː ɖ u
తిను,తింటున్నాను,V;1;SG;PRS;DUR,3.3333333333333333e-06,2.055555555555556e-05,t̪ i ɳ ʈ u nː aː n u
తిను,తింటున్నది,V;3;FEM;SG;PRS;DUR,0.0,2.055555555555556e-05,t̪ i ɳ ʈ u nː a d̪ i
తిను,తింటుంది,V;3;FEM;SG;FUT,3.3333333333333335e-05,2.055555555555556e-05,t̪ i ɳ ʈ u n̪ d̪ i
తిను,తిన్నావు,V;2;SG;PST,0.0,2.055555555555556e-05,t̪ i nː aː ʋ u
తిను,తింటున్నాము,V;1;PL;PRS;DUR,6.666666666666667e-06,2.055555555555556e-05,t̪ i ɳ ʈ u nː aː m u
తిను,తింటాము,V;1;PL;FUT,3.3333333333333333e-06,2.055555555555556e-05,t̪ i ɳ ʈ aː m u
తిను,తింటారు,V;2;PL;FUT,8e-05,2.055555555555556e-05,t̪ i ɳ ʈ aː ɾ u
తిను,తిన్నాము,V;1;PL;PST,3.3333333333333333e-06,2.055555555555556e-05,t̪ i nː aː m u
తిను,తింటున్నాడు,V;3;MASC;SG;PRS;DUR,1.3333333333333332e-05,2.055555555555556e-05,t̪ i ɳ ʈ u nː aː ɖ u
తిను,తింటాడు,V;3;MASC;SG;FUT,3.3333333333333333e-06,2.055555555555556e-05,t̪ i ɳ ʈ aː ɖ u
తిను,తింటున్నారు,V;2;PL;PRS;DUR,2e-05,2.055555555555556e-05,t̪ i ɳ ʈ u nː aː ɾ u
తిను,తిన్నారు,V;2;PL;PST,2e-05,2.055555555555556e-05,t̪ i nː aː ɾ u
తీయు,తీస్తావు,V;2;SG;FUT,0.0,6.541666666666667e-05,t̪ iː s t̪ aː ʋ u
తీయు,తీసింది,V;3;FEM;SG;PST,0.0002533333333333,6.541666666666667e-05,t̪ iː s i n̪ d̪ i
తీయు,తీస్తాము,V;1;PL;FUT,0.0,6.541666666666667e-05,t̪ iː s t̪ aː m u
తీయు,తీస్తున్నావు,V;2;SG;PRS;DUR,0.0,6.541666666666667e-05,t̪ iː s t̪ u nː aː ʋ u
తీయు,తీశాము,V;1;PL;PST,3.3333333333333333e-06,6.541666666666667e-05,t̪ iː ɕ aː m u
తీయు,తీశారు,V;2;PL;PST,0.0001633333333333,6.541666666666667e-05,t̪ iː ɕ aː ɾ u
తీయు,తీస్తున్నాము,V;1;PL;PRS;DUR,0.0,6.541666666666667e-05,t̪ iː s t̪ u nː aː m u
తీయు,తీస్తారు,V;2;PL;FUT,6.333333333333333e-05,6.541666666666667e-05,t̪ iː s t̪ aː ɾ u
తీయు,తీశాడు,V;3;MASC;SG;PST,0.0001466666666666,6.541666666666667e-05,t̪ iː ɕ aː ɖ u
తీయు,తీస్తుంది,V;3;FEM;SG;FUT,8.666666666666667e-05,6.541666666666667e-05,t̪ iː s t̪ u n̪ d̪ i
తీయు,తీస్తాను,V;1;SG;FUT,1e-05,6.541666666666667e-05,t̪ iː s t̪ aː n u
తీయు,తీస్తున్నారు,V;2;PL;PRS;DUR,0.0001133333333333,6.541666666666667e-05,t̪ iː s t̪ u nː aː ɾ u
తీయు,తీస్తున్నది,V;3;FEM;SG;PRS;DUR,2.333333333333333e-05,6.541666666666667e-05,t̪ iː s t̪ u nː a d̪ i
తీయు,తీస్తున్నాను,V;1;SG;PRS;DUR,0.0,6.541666666666667e-05,t̪ iː s t̪ u nː aː n u
తీయు,తీస్తున్నారు,V;3;MASC;PL;PRS;DUR,0.0001133333333333,6.541666666666667e-05,t̪ iː s t̪ u nː aː ɾ u
తీయు,తీస్తారు,V;3;MASC;PL;FUT,6.333333333333333e-05,6.541666666666667e-05,t̪ iː s t̪ aː ɾ u
తీయు,తీశారు,V;3;MASC;PL;PST,0.0001633333333333,6.541666666666667e-05,t̪ iː ɕ aː ɾ u
తీయు,తీశావు,V;2;SG;PST,0.0,6.541666666666667e-05,t̪ iː ɕ aː ʋ u
తీయు,తీస్తున్నారు,V;3;FEM;PL;PRS;DUR,0.0001133333333333,6.541666666666667e-05,t̪ iː s t̪ u nː aː ɾ u
తీయు,తీస్తారు,V;3;FEM;PL;FUT,6.333333333333333e-05,6.541666666666667e-05,t̪ iː s t̪ aː ɾ u
తీయు,తీస్తాడు,V;3;MASC;SG;FUT,1e-05,6.541666666666667e-05,t̪ iː s t̪ aː ɖ u
తీయు,తీశారు,V;3;FEM;PL;PST,0.0001633333333333,6.541666666666667e-05,t̪ iː ɕ aː ɾ u
తీయు,తీశాను,V;1;SG;PST,3.3333333333333333e-06,6.541666666666667e-05,t̪ iː ɕ aː n u
తీయు,తీస్తున్నాడు,V;3;MASC;SG;PRS;DUR,1.3333333333333332e-05,6.541666666666667e-05,t̪ iː s t̪ u nː aː ɖ u
తేలు,తేలుతున్నాము,V;1;PL;PST,0.0,5e-06,t̪ eː l u t̪ u nː aː m u
తేలు,తేలుతున్నారు,V;3;MASC;PL;PST,1.3333333333333332e-05,5e-06,t̪ eː l u t̪ u nː aː ɾ u
తేలు,తేలుతున్నాడు,V;3;MASC;SG;PST,0.0,5e-06,t̪ eː l u t̪ u nː aː ɖ u
తేలు,తేలుతున్నావు,V;2;SG;PST,0.0,5e-06,t̪ eː l u t̪ u nː aː ʋ u
తేలు,తేలుతున్నారు,V;2;PL;PST,1.3333333333333332e-05,5e-06,t̪ eː l u t̪ u nː aː ɾ u
తేలు,తేలుతున్నారు,V;3;FEM;PL;PST,1.3333333333333332e-05,5e-06,t̪ eː l u t̪ u nː aː ɾ u
తేలు,తేలుతున్నది,V;3;FEM;SG;PST,0.0,5e-06,t̪ eː l u t̪ u nː a d̪ i
తేలు,తేలుతున్నాను,V;1;SG;PST,0.0,5e-06,t̪ eː l u t̪ u nː aː n u
తేలు,తేలుతున్నాము,V;1;PL;PST,0.0,5e-06,t̪ eː l u t̪ u nː aː m u
తేలు,తేలుతున్నారు,V;3;MASC;PL;PST,1.3333333333333332e-05,5e-06,t̪ eː l u t̪ u nː aː ɾ u
తేలు,తేలుతున్నాడు,V;3;MASC;SG;PST,0.0,5e-06,t̪ eː l u t̪ u nː aː ɖ u
తేలు,తేలుతున్నావు,V;2;SG;PST,0.0,5e-06,t̪ eː l u t̪ u nː aː ʋ u
తేలు,తేలుతున్నారు,V;2;PL;PST,1.3333333333333332e-05,5e-06,t̪ eː l u t̪ u nː aː ɾ u
తేలు,తేలుతున్నారు,V;3;FEM;PL;PST,1.3333333333333332e-05,5e-06,t̪ eː l u t̪ u nː aː ɾ u
తేలు,తేలుతున్నది,V;3;FEM;SG;PST,0.0,5e-06,t̪ eː l u t̪ u nː a d̪ i
తేలు,తేలుతున్నాను,V;1;SG;PST,0.0,5e-06,t̪ eː l u t̪ u nː aː n u
దాచు,దాచాము,V;1;PL;PST,0.0,7.083333333333334e-06,d̪ aː t͡ɕ aː m u
దాచు,దాచారు,V;3;MASC;PL;PST,1e-05,7.083333333333334e-06,d̪ aː t͡ɕ aː ɾ u
దాచు,దాచాడు,V;3;MASC;SG;PST,1.3333333333333332e-05,7.083333333333334e-06,d̪ aː t͡ɕ aː ɖ u
దాచు,దాచావు,V;2;SG;PST,3.3333333333333333e-06,7.083333333333334e-06,d̪ aː t͡ɕ aː ʋ u
దాచు,దాచారు,V;2;PL;PST,1e-05,7.083333333333334e-06,d̪ aː t͡ɕ aː ɾ u
దాచు,దాచారు,V;3;FEM;PL;PST,1e-05,7.083333333333334e-06,d̪ aː t͡ɕ aː ɾ u
దాచు,దాచింది,V;3;FEM;SG;PST,6.666666666666667e-06,7.083333333333334e-06,d̪ aː t͡ɕ i n̪ d̪ i
దాచు,దాచాను,V;1;SG;PST,3.3333333333333333e-06,7.083333333333334e-06,d̪ aː t͡ɕ aː n u
దాటు,దాటాము,V;1;PL;PST,0.0,1.4583333333333331e-05,d̪ aː ʈ aː m u
దాటు,దాటారు,V;3;MASC;PL;PST,3.3333333333333333e-06,1.4583333333333331e-05,d̪ aː ʈ aː ɾ u
దాటు,దాటాడు,V;3;MASC;SG;PST,1e-05,1.4583333333333331e-05,d̪ aː ʈ aː ɖ u
దాటు,దాటావు,V;2;SG;PST,0.0,1.4583333333333331e-05,d̪ aː ʈ aː ʋ u
దాటు,దాటారు,V;2;PL;PST,3.3333333333333333e-06,1.4583333333333331e-05,d̪ aː ʈ aː ɾ u
దాటు,దాటారు,V;3;FEM;PL;PST,3.3333333333333333e-06,1.4583333333333331e-05,d̪ aː ʈ aː ɾ u
దాటు,దాటింది,V;3;FEM;SG;PST,9.666666666666668e-05,1.4583333333333331e-05,d̪ aː ʈ i n̪ d̪ i
దాటు,దాటాను,V;1;SG;PST,0.0,1.4583333333333331e-05,d̪ aː ʈ aː n u
దాటు,దాటాము,V;1;PL;PST,0.0,1.4583333333333331e-05,d̪ aː ʈ aː m u
దాటు,దాటారు,V;3;MASC;PL;PST,3.3333333333333333e-06,1.4583333333333331e-05,d̪ aː ʈ aː ɾ u
దాటు,దాటాడు,V;3;MASC;SG;PST,1e-05,1.4583333333333331e-05,d̪ aː ʈ aː ɖ u
దాటు,దాటావు,V;2;SG;PST,0.0,1.4583333333333331e-05,d̪ aː ʈ aː ʋ u
దాటు,దాటారు,V;2;PL;PST,3.3333333333333333e-06,1.4583333333333331e-05,d̪ aː ʈ aː ɾ u
దాటు,దాటారు,V;3;FEM;PL;PST,3.3333333333333333e-06,1.4583333333333331e-05,d̪ aː ʈ aː ɾ u
దాటు,దాటింది,V;3;FEM;SG;PST,9.666666666666668e-05,1.4583333333333331e-05,d̪ aː ʈ i n̪ d̪ i
దాటు,దాటాను,V;1;SG;PST,0.0,1.4583333333333331e-05,d̪ aː ʈ aː n u
దిగు,దిగాము,V;1;PL;PST,0.0,0.00011125,d̪ i ɡ aː m u
దిగు,దిగారు,V;3;MASC;PL;PST,0.0002366666666666,0.00011125,d̪ i ɡ aː ɾ u
దిగు,దిగాడు,V;3;MASC;SG;PST,6.333333333333333e-05,0.00011125,d̪ i ɡ aː ɖ u
దిగు,దిగావు,V;2;SG;PST,3.3333333333333333e-06,0.00011125,d̪ i ɡ aː ʋ u
దిగు,దిగారు,V;2;PL;PST,0.0002366666666666,0.00011125,d̪ i ɡ aː ɾ u
దిగు,దిగారు,V;3;FEM;PL;PST,0.0002366666666666,0.00011125,d̪ i ɡ aː ɾ u
దిగు,దిగింది,V;3;FEM;SG;PST,0.0001066666666666,0.00011125,d̪ i ɡ i n̪ d̪ i
దిగు,దిగాను,V;1;SG;PST,6.666666666666667e-06,0.00011125,d̪ i ɡ aː n u
దూరు,దూరాము,V;1;PL;PST,0.0,3.75e-06,d̪ uː ɾ aː m u
దూరు,దూరారు,V;3;MASC;PL;PST,0.0,3.75e-06,d̪ uː ɾ aː ɾ u
దూరు,దూరాడు,V;3;MASC;SG;PST,6.666666666666667e-06,3.75e-06,d̪ uː ɾ aː ɖ u
దూరు,దూరావు,V;2;SG;PST,0.0,3.75e-06,d̪ uː ɾ aː ʋ u
దూరు,దూరారు,V;2;PL;PST,0.0,3.75e-06,d̪ uː ɾ aː ɾ u
దూరు,దూరారు,V;3;FEM;PL;PST,0.0,3.75e-06,d̪ uː ɾ aː ɾ u
దూరు,దూరింది,V;3;FEM;SG;PST,2.333333333333333e-05,3.75e-06,d̪ uː ɾ i n̪ d̪ i
దూరు,దూరాను,V;1;SG;PST,0.0,3.75e-06,d̪ uː ɾ aː n u
ధరించు,ధరించాము,V;1;PL;PST,0.0,2.6666666666666667e-05,d̪ʱ a ɾ i ɲ t͡ɕ aː m u
ధరించు,ధరించారు,V;3;MASC;PL;PST,4.6666666666666665e-05,2.6666666666666667e-05,d̪ʱ a ɾ i ɲ t͡ɕ aː ɾ u
ధరించు,ధరించాడు,V;3;MASC;SG;PST,3e-05,2.6666666666666667e-05,d̪ʱ a ɾ i ɲ t͡ɕ aː ɖ u
ధరించు,ధరించావు,V;2;SG;PST,3.3333333333333333e-06,2.6666666666666667e-05,d̪ʱ a ɾ i ɲ t͡ɕ aː ʋ u
ధరించు,ధరించారు,V;2;PL;PST,4.6666666666666665e-05,2.6666666666666667e-05,d̪ʱ a ɾ i ɲ t͡ɕ aː ɾ u
ధరించు,ధరించారు,V;3;FEM;PL;PST,4.6666666666666665e-05,2.6666666666666667e-05,d̪ʱ a ɾ i ɲ t͡ɕ aː ɾ u
ధరించు,ధరించింది,V;3;FEM;SG;PST,2.6666666666666667e-05,2.6666666666666667e-05,d̪ʱ a ɾ i ɲ t͡ɕ i n̪ d̪ i
ధరించు,ధరించాను,V;1;SG;PST,1.3333333333333332e-05,2.6666666666666667e-05,d̪ʱ a ɾ i ɲ t͡ɕ aː n u
నటించు,నటిస్తావు,V;2;SG;FUT,0.0,7.513888888888887e-05,n a ʈ i s t̪ aː ʋ u
నటించు,నటించింది,V;3;FEM;SG;PST,0.0001066666666666,7.513888888888887e-05,n a ʈ i ɲ t͡ɕ i n̪ d̪ i
నటించు,నటిస్తాము,V;1;PL;FUT,0.0,7.513888888888887e-05,n a ʈ i s t̪ aː m u
నటించు,నటిస్తున్నావు,V;2;SG;PRS;DUR,3.3333333333333333e-06,7.513888888888887e-05,n a ʈ i s t̪ u nː aː ʋ u
నటించు,నటించాము,V;1;PL;PST,0.0,7.513888888888887e-05,n a ʈ i ɲ t͡ɕ aː m u
నటించు,నటించారు,V;2;PL;PST,0.0003666666666666,7.513888888888887e-05,n a ʈ i ɲ t͡ɕ aː ɾ u
నటించు,నటిస్తున్నాము,V;1;PL;PRS;DUR,0.0,7.513888888888887e-05,n a ʈ i s t̪ u nː aː m u
నటించు,నటిస్తారు,V;2;PL;FUT,2.6666666666666667e-05,7.513888888888887e-05,n a ʈ i s t̪ aː ɾ u
నటించు,నటించాడు,V;3;MASC;SG;PST,0.0001366666666666,7.513888888888887e-05,n a ʈ i ɲ t͡ɕ aː ɖ u
నటించు,నటిస్తుంది,V;3;FEM;SG;FUT,6.666666666666667e-06,7.513888888888887e-05,n a ʈ i s t̪ u n̪ d̪ i
నటించు,నటిస్తాను,V;1;SG;FUT,1e-05,7.513888888888887e-05,n a ʈ i s t̪ aː n u
నటించు,నటిస్తున్నారు,V;2;PL;PRS;DUR,7e-05,7.513888888888887e-05,n a ʈ i s t̪ u nː aː ɾ u
నటించు,నటిస్తున్నది,V;3;FEM;SG;PRS;DUR,3.3333333333333333e-06,7.513888888888887e-05,n a ʈ i s t̪ u nː a d̪ i
నటించు,నటిస్తున్నాను,V;1;SG;PRS;DUR,1.3333333333333332e-05,7.513888888888887e-05,n a ʈ i s t̪ u nː aː n u
నటించు,నటిస్తున్నారు,V;3;MASC;PL;PRS;DUR,7e-05,7.513888888888887e-05,n a ʈ i s t̪ u nː aː ɾ u
నటించు,నటిస్తారు,V;3;MASC;PL;FUT,2.6666666666666667e-05,7.513888888888887e-05,n a ʈ i s t̪ aː ɾ u
నటించు,నటించారు,V;3;MASC;PL;PST,0.0003666666666666,7.513888888888887e-05,n a ʈ i ɲ t͡ɕ aː ɾ u
నటించు,నటించావు,V;2;SG;PST,0.0,7.513888888888887e-05,n a ʈ i ɲ t͡ɕ aː ʋ u
నటించు,నటిస్తున్నారు,V;3;FEM;PL;PRS;DUR,7e-05,7.513888888888887e-05,n a ʈ i s t̪ u nː aː ɾ u
నటించు,నటిస్తారు,V;3;FEM;PL;FUT,2.6666666666666667e-05,7.513888888888887e-05,n a ʈ i s t̪ aː ɾ u
నటించు,నటిస్తాడు,V;3;MASC;SG;FUT,1e-05,7.513888888888887e-05,n a ʈ i s t̪ aː ɖ u
నటించు,నటించారు,V;3;FEM;PL;PST,0.0003666666666666,7.513888888888887e-05,n a ʈ i ɲ t͡ɕ aː ɾ u
నటించు,నటించాను,V;1;SG;PST,5e-05,7.513888888888887e-05,n a ʈ i ɲ t͡ɕ aː n u
నటించు,నటిస్తున్నాడు,V;3;MASC;SG;PRS;DUR,7.333333333333333e-05,7.513888888888887e-05,n a ʈ i s t̪ u nː aː ɖ u
నమ్ము,నమ్మాము,V;1;PL;PST,3.3333333333333333e-06,1.8333333333333333e-05,n a mː aː m u
నమ్ము,నమ్మారు,V;3;MASC;PL;PST,3.6666666666666666e-05,1.8333333333333333e-05,n a mː aː ɾ u
నమ్ము,నమ్మాడు,V;3;MASC;SG;PST,1e-05,1.8333333333333333e-05,n a mː aː ɖ u
నమ్ము,నమ్మావు,V;2;SG;PST,0.0,1.8333333333333333e-05,n a mː aː ʋ u
నమ్ము,నమ్మారు,V;2;PL;PST,3.6666666666666666e-05,1.8333333333333333e-05,n a mː aː ɾ u
నమ్ము,నమ్మారు,V;3;FEM;PL;PST,3.6666666666666666e-05,1.8333333333333333e-05,n a mː aː ɾ u
నమ్ము,నమ్మింది,V;3;FEM;SG;PST,2.333333333333333e-05,1.8333333333333333e-05,n a mː i n̪ d̪ i
నమ్ము,నమ్మాను,V;1;SG;PST,0.0,1.8333333333333333e-05,n a mː aː n u
నవ్వించు,నవ్వించాము,V;1;PL;PST,0.0,6.666666666666667e-06,n a ʋː i ɲ t͡ɕ aː m u
నవ్వించు,నవ్వించారు,V;3;MASC;PL;PST,6.666666666666667e-06,6.666666666666667e-06,n a ʋː i ɲ t͡ɕ aː ɾ u
నవ్వించు,నవ్వించాడు,V;3;MASC;SG;PST,1.3333333333333332e-05,6.666666666666667e-06,n a ʋː i ɲ t͡ɕ aː ɖ u
నవ్వించు,నవ్వించావు,V;2;SG;PST,0.0,6.666666666666667e-06,n a ʋː i ɲ t͡ɕ aː ʋ u
నవ్వించు,నవ్వించారు,V;2;PL;PST,6.666666666666667e-06,6.666666666666667e-06,n a ʋː i ɲ t͡ɕ aː ɾ u
నవ్వించు,నవ్వించారు,V;3;FEM;PL;PST,6.666666666666667e-06,6.666666666666667e-06,n a ʋː i ɲ t͡ɕ aː ɾ u
నవ్వించు,నవ్వించింది,V;3;FEM;SG;PST,2e-05,6.666666666666667e-06,n a ʋː i ɲ t͡ɕ i n̪ d̪ i
నవ్వించు,నవ్వించాను,V;1;SG;PST,0.0,6.666666666666667e-06,n a ʋː i ɲ t͡ɕ aː n u
నవ్వు,నవ్వారు,V;2;PL;PST,8e-05,6.625e-05,n a ʋː aː ɾ u
నవ్వు,నవ్వారు,V;3;FEM;PL;PST,8e-05,6.625e-05,n a ʋː aː ɾ u
నవ్వు,నవ్వావు,V;2;SG;PST,0.0,6.625e-05,n a ʋː aː ʋ u
నవ్వు,నవ్వాను,V;1;SG;PST,3.3333333333333333e-06,6.625e-05,n a ʋː aː n u
నవ్వు,నవ్వాము,V;1;PL;PST,0.0,6.625e-05,n a ʋː aː m u
నవ్వు,నవ్వింది,V;3;FEM;SG;PST,0.0001266666666666,6.625e-05,n a ʋː i n̪ d̪ i
నవ్వు,నవ్వారు,V;3;MASC;PL;PST,8e-05,6.625e-05,n a ʋː aː ɾ u
నవ్వు,నవ్వాడు,V;3;MASC;SG;PST,0.00016,6.625e-05,n a ʋː aː ɖ u
నవ్వు,నవ్వారు,V;2;PL;PST,8e-05,6.625e-05,n a ʋː aː ɾ u
నవ్వు,నవ్వారు,V;3;FEM;PL;PST,8e-05,6.625e-05,n a ʋː aː ɾ u
నవ్వు,నవ్వావు,V;2;SG;PST,0.0,6.625e-05,n a ʋː aː ʋ u
నవ్వు,నవ్వాను,V;1;SG;PST,3.3333333333333333e-06,6.625e-05,n a ʋː aː n u
నవ్వు,నవ్వాము,V;1;PL;PST,0.0,6.625e-05,n a ʋː aː m u
నవ్వు,నవ్వింది,V;3;FEM;SG;PST,0.0001266666666666,6.625e-05,n a ʋː i n̪ d̪ i
నవ్వు,నవ్వారు,V;3;MASC;PL;PST,8e-05,6.625e-05,n a ʋː aː ɾ u
నవ్వు,నవ్వాడు,V;3;MASC;SG;PST,0.00016,6.625e-05,n a ʋː aː ɖ u
నాటు,నాటాము,V;1;PL;PRS;DUR,0.0,4.166666666666667e-06,n aː ʈ aː m u
నాటు,నాటారు,V;3;MASC;PL;PRS;DUR,1e-05,4.166666666666667e-06,n aː ʈ aː ɾ u
నాటు,నాటాడు,V;3;MASC;SG;PRS;DUR,3.3333333333333333e-06,4.166666666666667e-06,n aː ʈ aː ɖ u
నాటు,నాటావు,V;2;SG;PRS;DUR,0.0,4.166666666666667e-06,n aː ʈ aː ʋ u
నాటు,నాటారు,V;2;PL;PRS;DUR,1e-05,4.166666666666667e-06,n aː ʈ aː ɾ u
నాటు,నాటారు,V;3;FEM;PL;PRS;DUR,1e-05,4.166666666666667e-06,n aː ʈ aː ɾ u
నాటు,నాటింది,V;3;FEM;SG;PRS;DUR,0.0,4.166666666666667e-06,n aː ʈ i n̪ d̪ i
నాటు,నాటాను,V;1;SG;PRS;DUR,0.0,4.166666666666667e-06,n aː ʈ aː n u
నాటు,నాటాము,V;1;PL;PST,0.0,4.166666666666667e-06,n aː ʈ aː m u
నాటు,నాటారు,V;3;MASC;PL;PST,1e-05,4.166666666666667e-06,n aː ʈ aː ɾ u
నాటు,నాటాడు,V;3;MASC;SG;PST,3.3333333333333333e-06,4.166666666666667e-06,n aː ʈ aː ɖ u
నాటు,నాటావు,V;2;SG;PST,0.0,4.166666666666667e-06,n aː ʈ aː ʋ u
నాటు,నాటారు,V;2;PL;PST,1e-05,4.166666666666667e-06,n aː ʈ aː ɾ u
నాటు,నాటారు,V;3;FEM;PL;PST,1e-05,4.166666666666667e-06,n aː ʈ aː ɾ u
నాటు,నాటింది,V;3;FEM;SG;PST,0.0,4.166666666666667e-06,n aː ʈ i n̪ d̪ i
నాటు,నాటాను,V;1;SG;PST,0.0,4.166666666666667e-06,n aː ʈ aː n u
నింపు,నింపాము,V;1;PL;PST,0.0,1.6250000000000002e-05,n i m p aː m u
నింపు,నింపారు,V;3;MASC;PL;PST,1.6666666666666667e-05,1.6250000000000002e-05,n i m p aː ɾ u
నింపు,నింపాడు,V;3;MASC;SG;PST,1.3333333333333332e-05,1.6250000000000002e-05,n i m p aː ɖ u
నింపు,నింపావు,V;2;SG;PST,3.3333333333333333e-06,1.6250000000000002e-05,n i m p aː ʋ u
నింపు,నింపారు,V;2;PL;PST,1.6666666666666667e-05,1.6250000000000002e-05,n i m p aː ɾ u
నింపు,నింపారు,V;3;FEM;PL;PST,1.6666666666666667e-05,1.6250000000000002e-05,n i m p aː ɾ u
నింపు,నింపింది,V;3;FEM;SG;PST,6.333333333333333e-05,1.6250000000000002e-05,n i m p i n̪ d̪ i
నింపు,నింపాను,V;1;SG;PST,0.0,1.6250000000000002e-05,n i m p aː n u
నిర్మించు,నిర్మించాము,V;1;PL;PST,0.0,0.0002170833333333,n i ɾ m i ɲ t͡ɕ aː m u
నిర్మించు,నిర్మించారు,V;3;MASC;PL;PST,0.00053,0.0002170833333333,n i ɾ m i ɲ t͡ɕ aː ɾ u
నిర్మించు,నిర్మించాడు,V;3;MASC;SG;PST,6.666666666666667e-05,0.0002170833333333,n i ɾ m i ɲ t͡ɕ aː ɖ u
నిర్మించు,నిర్మించావు,V;2;SG;PST,0.0,0.0002170833333333,n i ɾ m i ɲ t͡ɕ aː ʋ u
నిర్మించు,నిర్మించారు,V;2;PL;PST,0.00053,0.0002170833333333,n i ɾ m i ɲ t͡ɕ aː ɾ u
నిర్మించు,నిర్మించారు,V;3;FEM;PL;PST,0.00053,0.0002170833333333,n i ɾ m i ɲ t͡ɕ aː ɾ u
నిర్మించు,నిర్మించింది,V;3;FEM;SG;PST,7e-05,0.0002170833333333,n i ɾ m i ɲ t͡ɕ i n̪ d̪ i
నిర్మించు,నిర్మించాను,V;1;SG;PST,1e-05,0.0002170833333333,n i ɾ m i ɲ t͡ɕ aː n u
నూరు,నూరుతున్నాము,V;1;PL;PST,0.0,3.75e-06,n uː ɾ u t̪ u nː aː m u
నూరు,నూరుతున్నారు,V;3;MASC;PL;PST,6.666666666666667e-06,3.75e-06,n uː ɾ u t̪ u nː aː ɾ u
నూరు,నూరుతున్నాడు,V;3;MASC;SG;PST,6.666666666666667e-06,3.75e-06,n uː ɾ u t̪ u nː aː ɖ u
నూరు,నూరుతున్నావు,V;2;SG;PST,0.0,3.75e-06,n uː ɾ u t̪ u nː aː ʋ u
నూరు,నూరుతున్నారు,V;2;PL;PST,6.666666666666667e-06,3.75e-06,n uː ɾ u t̪ u nː aː ɾ u
నూరు,నూరుతున్నారు,V;3;FEM;PL;PST,6.666666666666667e-06,3.75e-06,n uː ɾ u t̪ u nː aː ɾ u
నూరు,నూరుతున్నది,V;3;FEM;SG;PST,3.3333333333333333e-06,3.75e-06,n uː ɾ u t̪ u nː a d̪ i
నూరు,నూరుతున్నాను,V;1;SG;PST,0.0,3.75e-06,n uː ɾ u t̪ u nː aː n u
నూరు,నూరుతున్నాము,V;1;PL;PST,0.0,3.75e-06,n uː ɾ u t̪ u nː aː m u
నూరు,నూరుతున్నారు,V;3;MASC;PL;PST,6.666666666666667e-06,3.75e-06,n uː ɾ u t̪ u nː aː ɾ u
నూరు,నూరుతున్నాడు,V;3;MASC;SG;PST,6.666666666666667e-06,3.75e-06,n uː ɾ u t̪ u nː aː ɖ u
నూరు,నూరుతున్నావు,V;2;SG;PST,0.0,3.75e-06,n uː ɾ u t̪ u nː aː ʋ u
నూరు,నూరుతున్నారు,V;2;PL;PST,6.666666666666667e-06,3.75e-06,n uː ɾ u t̪ u nː aː ɾ u
నూరు,నూరుతున్నారు,V;3;FEM;PL;PST,6.666666666666667e-06,3.75e-06,n uː ɾ u t̪ u nː aː ɾ u
నూరు,నూరుతున్నది,V;3;FEM;SG;PST,3.3333333333333333e-06,3.75e-06,n uː ɾ u t̪ u nː a d̪ i
నూరు,నూరుతున్నాను,V;1;SG;PST,0.0,3.75e-06,n uː ɾ u t̪ u nː aː n u
పంచు,పంచుతావు,V;2;SG;FUT,0.0,7.499999999999999e-06,p a ɲ t͡ɕ u t̪ aː ʋ u
పంచు,పంచింది,V;3;FEM;SG;PST,2.333333333333333e-05,7.499999999999999e-06,p a ɲ t͡ɕ i n̪ d̪ i
పంచు,పంచుతాము,V;1;PL;FUT,0.0,7.499999999999999e-06,p a ɲ t͡ɕ u t̪ aː m u
పంచు,పంచుతున్నావు,V;2;SG;PRS;DUR,0.0,7.499999999999999e-06,p a ɲ t͡ɕ u t̪ u nː aː ʋ u
పంచు,పంచాము,V;1;PL;PST,0.0,7.499999999999999e-06,p a ɲ t͡ɕ aː m u
పంచు,పంచారు,V;2;PL;PST,3.3333333333333335e-05,7.499999999999999e-06,p a ɲ t͡ɕ aː ɾ u
పంచు,పంచుతున్నాము,V;1;PL;PRS;DUR,0.0,7.499999999999999e-06,p a ɲ t͡ɕ u t̪ u nː aː m u
పంచు,పంచుతారు,V;2;PL;FUT,6.666666666666667e-06,7.499999999999999e-06,p a ɲ t͡ɕ u t̪ aː ɾ u
పంచు,పంచాడు,V;3;MASC;SG;PST,1.6666666666666667e-05,7.499999999999999e-06,p a ɲ t͡ɕ aː ɖ u
పంచు,పంచుతుంది,V;3;FEM;SG;FUT,1e-05,7.499999999999999e-06,p a ɲ t͡ɕ u t̪ u n̪ d̪ i
పంచు,పంచుతాను,V;1;SG;FUT,0.0,7.499999999999999e-06,p a ɲ t͡ɕ u t̪ aː n u
పంచు,పంచుతున్నారు,V;2;PL;PRS;DUR,0.0,7.499999999999999e-06,p a ɲ t͡ɕ u t̪ u nː aː ɾ u
పంచు,పంచుతున్నది,V;3;FEM;SG;PRS;DUR,3.3333333333333333e-06,7.499999999999999e-06,p a ɲ t͡ɕ u t̪ u nː a d̪ i
పంచు,పంచుతున్నాను,V;1;SG;PRS;DUR,3.3333333333333333e-06,7.499999999999999e-06,p a ɲ t͡ɕ u t̪ u nː aː n u
పంచు,పంచుతున్నారు,V;3;MASC;PL;PRS;DUR,0.0,7.499999999999999e-06,p a ɲ t͡ɕ u t̪ u nː aː ɾ u
పంచు,పంచుతారు,V;3;MASC;PL;FUT,6.666666666666667e-06,7.499999999999999e-06,p a ɲ t͡ɕ u t̪ aː ɾ u
పంచు,పంచారు,V;3;MASC;PL;PST,3.3333333333333335e-05,7.499999999999999e-06,p a ɲ t͡ɕ aː ɾ u
పంచు,పంచావు,V;2;SG;PST,0.0,7.499999999999999e-06,p a ɲ t͡ɕ aː ʋ u
పంచు,పంచుతున్నారు,V;3;FEM;PL;PRS;DUR,0.0,7.499999999999999e-06,p a ɲ t͡ɕ u t̪ u nː aː ɾ u
పంచు,పంచుతారు,V;3;FEM;PL;FUT,6.666666666666667e-06,7.499999999999999e-06,p a ɲ t͡ɕ u t̪ aː ɾ u
పంచు,పంచుతాడు,V;3;MASC;SG;FUT,3.3333333333333333e-06,7.499999999999999e-06,p a ɲ t͡ɕ u t̪ aː ɖ u
పంచు,పంచారు,V;3;FEM;PL;PST,3.3333333333333335e-05,7.499999999999999e-06,p a ɲ t͡ɕ aː ɾ u
పంచు,పంచాను,V;1;SG;PST,0.0,7.499999999999999e-06,p a ɲ t͡ɕ aː n u
పంచు,పంచుతున్నాడు,V;3;MASC;SG;PRS;DUR,0.0,7.499999999999999e-06,p a ɲ t͡ɕ u t̪ u nː aː ɖ u
పట్టు,పట్టారు,V;2;PL;PRS;DUR,0.00014,0.0001170833333333,p a ʈː aː ɾ u
పట్టు,పట్టారు,V;3;FEM;PL;PRS;DUR,0.00014,0.0001170833333333,p a ʈː aː ɾ u
పట్టు,పట్టావు,V;2;SG;PRS;DUR,0.0,0.0001170833333333,p a ʈː aː ʋ u
పట్టు,పట్టాను,V;1;SG;PRS;DUR,6.666666666666667e-06,0.0001170833333333,p a ʈː aː n u
పట్టు,పట్టాము,V;1;PL;PRS;DUR,0.0,0.0001170833333333,p a ʈː aː m u
పట్టు,పట్టింది,V;3;FEM;SG;PRS;DUR,0.0004733333333333,0.0001170833333333,p a ʈː i n̪ d̪ i
పట్టు,పట్టారు,V;3;MASC;PL;PRS;DUR,0.00014,0.0001170833333333,p a ʈː aː ɾ u
పట్టు,పట్టాడు,V;3;MASC;SG;PRS;DUR,3.6666666666666666e-05,0.0001170833333333,p a ʈː aː ɖ u
పట్టు,పట్టారు,V;2;PL;PRS;DUR,0.00014,0.0001170833333333,p a ʈː aː ɾ u
పట్టు,పట్టారు,V;3;FEM;PL;PRS;DUR,0.00014,0.0001170833333333,p a ʈː aː ɾ u
పట్టు,పట్టావు,V;2;SG;PRS;DUR,0.0,0.0001170833333333,p a ʈː aː ʋ u
పట్టు,పట్టాను,V;1;SG;PRS;DUR,6.666666666666667e-06,0.0001170833333333,p a ʈː aː n u
పట్టు,పట్టాము,V;1;PL;PRS;DUR,0.0,0.0001170833333333,p a ʈː aː m u
పట్టు,పట్టింది,V;3;FEM;SG;PRS;DUR,0.0004733333333333,0.0001170833333333,p a ʈː i n̪ d̪ i
పట్టు,పట్టారు,V;3;MASC;PL;PRS;DUR,0.00014,0.0001170833333333,p a ʈː aː ɾ u
పట్టు,పట్టాడు,V;3;MASC;SG;PRS;DUR,3.6666666666666666e-05,0.0001170833333333,p a ʈː aː ɖ u
పాడించు,పాడించాము,V;1;PL;PST,0.0,6.25e-06,p aː ɖ i ɲ t͡ɕ aː m u
పాడించు,పాడించారు,V;3;MASC;PL;PST,1.6666666666666667e-05,6.25e-06,p aː ɖ i ɲ t͡ɕ aː ɾ u
పాడించు,పాడించాడు,V;3;MASC;SG;PST,0.0,6.25e-06,p aː ɖ i ɲ t͡ɕ aː ɖ u
పాడించు,పాడించావు,V;2;SG;PST,0.0,6.25e-06,p aː ɖ i ɲ t͡ɕ aː ʋ u
పాడించు,పాడించారు,V;2;PL;PST,1.6666666666666667e-05,6.25e-06,p aː ɖ i ɲ t͡ɕ aː ɾ u
పాడించు,పాడించారు,V;3;FEM;PL;PST,1.6666666666666667e-05,6.25e-06,p aː ɖ i ɲ t͡ɕ aː ɾ u
పాడించు,పాడించింది,V;3;FEM;SG;PST,0.0,6.25e-06,p aː ɖ i ɲ t͡ɕ i n̪ d̪ i
పాడించు,పాడించాను,V;1;SG;PST,0.0,6.25e-06,p aː ɖ i ɲ t͡ɕ aː n u
పాడు,పాడాము,V;1;PL;PST,3.3333333333333333e-06,6.041666666666667e-05,p aː ɖ aː m u
పాడు,పాడారు,V;3;MASC;PL;PST,0.0001266666666666,6.041666666666667e-05,p aː ɖ aː ɾ u
పాడు,పాడాడు,V;3;MASC;SG;PST,2.6666666666666667e-05,6.041666666666667e-05,p aː ɖ aː ɖ u
పాడు,పాడావు,V;2;SG;PST,0.0,6.041666666666667e-05,p aː ɖ aː ʋ u
పాడు,పాడారు,V;2;PL;PST,0.0001266666666666,6.041666666666667e-05,p aː ɖ aː ɾ u
పాడు,పాడారు,V;3;FEM;PL;PST,0.0001266666666666,6.041666666666667e-05,p aː ɖ aː ɾ u
పాడు,పాడింది,V;3;FEM;SG;PST,5e-05,6.041666666666667e-05,p aː ɖ i n̪ d̪ i
పాడు,పాడాను,V;1;SG;PST,2.333333333333333e-05,6.041666666666667e-05,p aː ɖ aː n u
పాడు,పాడాము,V;1;PL;PST,3.3333333333333333e-06,6.041666666666667e-05,p aː ɖ aː m u
పాడు,పాడారు,V;3;MASC;PL;PST,0.0001266666666666,6.041666666666667e-05,p aː ɖ aː ɾ u
పాడు,పాడాడు,V;3;MASC;SG;PST,2.6666666666666667e-05,6.041666666666667e-05,p aː ɖ aː ɖ u
పాడు,పాడావు,V;2;SG;PST,0.0,6.041666666666667e-05,p aː ɖ aː ʋ u
పాడు,పాడారు,V;2;PL;PST,0.0001266666666666,6.041666666666667e-05,p aː ɖ aː ɾ u
పాడు,పాడారు,V;3;FEM;PL;PST,0.0001266666666666,6.041666666666667e-05,p aː ɖ aː ɾ u
పాడు,పాడింది,V;3;FEM;SG;PST,5e-05,6.041666666666667e-05,p aː ɖ i n̪ d̪ i
పాడు,పాడాను,V;1;SG;PST,2.333333333333333e-05,6.041666666666667e-05,p aː ɖ aː n u
పాలించు,పాలించాము,V;1;PL;PST,0.0,2.1666666666666664e-05,p aː l i ɲ t͡ɕ aː m u
పాలించు,పాలించారు,V;3;MASC;PL;PST,4.6666666666666665e-05,2.1666666666666664e-05,p aː l i ɲ t͡ɕ aː ɾ u
పాలించు,పాలించాడు,V;3;MASC;SG;PST,1e-05,2.1666666666666664e-05,p aː l i ɲ t͡ɕ aː ɖ u
పాలించు,పాలించావు,V;2;SG;PST,0.0,2.1666666666666664e-05,p aː l i ɲ t͡ɕ aː ʋ u
పాలించు,పాలించారు,V;2;PL;PST,4.6666666666666665e-05,2.1666666666666664e-05,p aː l i ɲ t͡ɕ aː ɾ u
పాలించు,పాలించారు,V;3;FEM;PL;PST,4.6666666666666665e-05,2.1666666666666664e-05,p aː l i ɲ t͡ɕ aː ɾ u
పాలించు,పాలించింది,V;3;FEM;SG;PST,2.333333333333333e-05,2.1666666666666664e-05,p aː l i ɲ t͡ɕ i n̪ d̪ i
పాలించు,పాలించాను,V;1;SG;PST,0.0,2.1666666666666664e-05,p aː l i ɲ t͡ɕ aː n u
పుట్టు,పుట్టాము,V;1;PL;PRS;DUR,0.0,2e-05,p u ʈː aː m u
పుట్టు,పుట్టారు,V;3;MASC;PL;PRS;DUR,2e-05,2e-05,p u ʈː aː ɾ u
పుట్టు,పుట్టాడు,V;3;MASC;SG;PRS;DUR,6e-05,2e-05,p u ʈː aː ɖ u
పుట్టు,పుట్టావు,V;2;SG;PRS;DUR,3.3333333333333333e-06,2e-05,p u ʈː aː ʋ u
పుట్టు,పుట్టారు,V;2;PL;PRS;DUR,2e-05,2e-05,p u ʈː aː ɾ u
పుట్టు,పుట్టారు,V;3;FEM;PL;PRS;DUR,2e-05,2e-05,p u ʈː aː ɾ u
పుట్టు,పుట్టినది,V;3;FEM;SG;PRS;DUR,6.666666666666667e-06,2e-05,p u ʈː i n a d̪ i
పుట్టు,పుట్టాను,V;1;SG;PRS;DUR,3e-05,2e-05,p u ʈː aː n u
పుట్టు,పుట్టాము,V;1;PL;PST,0.0,2e-05,p u ʈː aː m u
పుట్టు,పుట్టారు,V;3;MASC;PL;PST,2e-05,2e-05,p u ʈː aː ɾ u
పుట్టు,పుట్టాడు,V;3;MASC;SG;PST,6e-05,2e-05,p u ʈː aː ɖ u
పుట్టు,పుట్టావు,V;2;SG;PST,3.3333333333333333e-06,2e-05,p u ʈː aː ʋ u
పుట్టు,పుట్టారు,V;2;PL;PST,2e-05,2e-05,p u ʈː aː ɾ u
పుట్టు,పుట్టారు,V;3;FEM;PL;PST,2e-05,2e-05,p u ʈː aː ɾ u
పుట్టు,పుట్టినది,V;3;FEM;SG;PST,6.666666666666667e-06,2e-05,p u ʈː i n a d̪ i
పుట్టు,పుట్టాను,V;1;SG;PST,3e-05,2e-05,p u ʈː aː n u
పుట్టు,పుట్టాము,V;1;PL;PST,0.0,2e-05,p u ʈː aː m u
పుట్టు,పుట్టారు,V;3;MASC;PL;PST,2e-05,2e-05,p u ʈː aː ɾ u
పుట్టు,పుట్టాడు,V;3;MASC;SG;PST,6e-05,2e-05,p u ʈː aː ɖ u
పుట్టు,పుట్టావు,V;2;SG;PST,3.3333333333333333e-06,2e-05,p u ʈː aː ʋ u
పుట్టు,పుట్టారు,V;2;PL;PST,2e-05,2e-05,p u ʈː aː ɾ u
పుట్టు,పుట్టారు,V;3;FEM;PL;PST,2e-05,2e-05,p u ʈː aː ɾ u
పుట్టు,పుట్టినది,V;3;FEM;SG;PST,6.666666666666667e-06,2e-05,p u ʈː i n a d̪ i
పుట్టు,పుట్టాను,V;1;SG;PST,3e-05,2e-05,p u ʈː aː n u
పెంచు,పెంచుతున్నాము,V;1;PL;PRS;DUR,0.0,6.354166666666666e-05,p e ɲ t͡ɕ u t̪ u nː aː m u
పెంచు,పెంచుతున్నారు,V;3;MASC;PL;PRS;DUR,5.666666666666666e-05,6.354166666666666e-05,p e ɲ t͡ɕ u t̪ u nː aː ɾ u
పెంచు,పెంచారు,V;3;MASC;PL;PST,0.0001833333333333,6.354166666666666e-05,p e ɲ t͡ɕ aː ɾ u
పెంచు,పెంచావు,V;2;SG;PST,3.3333333333333333e-06,6.354166666666666e-05,p e ɲ t͡ɕ aː ʋ u
పెంచు,పెంచాడు,V;3;MASC;SG;PST,4e-05,6.354166666666666e-05,p e ɲ t͡ɕ aː ɖ u
పెంచు,పెంచాను,V;1;SG;PST,3.3333333333333333e-06,6.354166666666666e-05,p e ɲ t͡ɕ aː n u
పెంచు,పెంచుతున్నాడు,V;3;MASC;SG;PRS;DUR,3.3333333333333333e-06,6.354166666666666e-05,p e ɲ t͡ɕ u t̪ u nː aː ɖ u
పెంచు,పెంచుతున్నావు,V;2;SG;PRS;DUR,0.0,6.354166666666666e-05,p e ɲ t͡ɕ u t̪ u nː aː ʋ u
పెంచు,పెంచారు,V;3;FEM;PL;PST,0.0001833333333333,6.354166666666666e-05,p e ɲ t͡ɕ aː ɾ u
పెంచు,పెంచాము,V;1;PL;PST,3.3333333333333333e-06,6.354166666666666e-05,p e ɲ t͡ɕ aː m u
పెంచు,పెంచుతున్నారు,V;2;PL;PRS;DUR,5.666666666666666e-05,6.354166666666666e-05,p e ɲ t͡ɕ u t̪ u nː aː ɾ u
పెంచు,పెంచుతున్నారు,V;3;FEM;PL;PRS;DUR,5.666666666666666e-05,6.354166666666666e-05,p e ɲ t͡ɕ u t̪ u nː aː ɾ u
పెంచు,పెంచుతున్నది,V;3;FEM;SG;PRS;DUR,1e-05,6.354166666666666e-05,p e ɲ t͡ɕ u t̪ u nː a d̪ i
పెంచు,పెంచుతున్నాను,V;1;SG;PRS;DUR,0.0,6.354166666666666e-05,p e ɲ t͡ɕ u t̪ u nː aː n u
పెంచు,పెంచారు,V;2;PL;PST,0.0001833333333333,6.354166666666666e-05,p e ɲ t͡ɕ aː ɾ u
పెంచు,పెంచింది,V;3;FEM;SG;PST,0.0002333333333333,6.354166666666666e-05,p e ɲ t͡ɕ i n̪ d̪ i
పెట్టు,పెట్టాము,V;1;PL;PST,6.666666666666667e-06,0.0004504166666666,p e ʈː aː m u
పెట్టు,పెట్టారు,V;3;MASC;PL;PST,0.00083,0.0004504166666666,p e ʈː aː ɾ u
పెట్టు,పెట్టాడు,V;3;MASC;SG;PST,0.0004266666666666,0.0004504166666666,p e ʈː aː ɖ u
పెట్టు,పెట్టావు,V;2;SG;PST,1.3333333333333332e-05,0.0004504166666666,p e ʈː aː ʋ u
పెట్టు,పెట్టారు,V;2;PL;PST,0.00083,0.0004504166666666,p e ʈː aː ɾ u
పెట్టు,పెట్టారు,V;3;FEM;PL;PST,0.00083,0.0004504166666666,p e ʈː aː ɾ u
పెట్టు,పెట్టింది,V;3;FEM;SG;PST,0.0006333333333333,0.0004504166666666,p e ʈː i n̪ d̪ i
పెట్టు,పెట్టాను,V;1;SG;PST,3.3333333333333335e-05,0.0004504166666666,p e ʈː aː n u
పెరుగు,పెరిగాము,V;1;PL;PST,0.0,0.0001783333333333,p e ɾ i ɡ aː m u
పెరుగు,పెరిగారు,V;3;MASC;PL;PST,2.6666666666666667e-05,0.0001783333333333,p e ɾ i ɡ aː ɾ u
పెరుగు,పెరిగాడు,V;3;MASC;SG;PST,1e-05,0.0001783333333333,p e ɾ i ɡ aː ɖ u
పెరుగు,పెరిగావు,V;2;SG;PST,0.0,0.0001783333333333,p e ɾ i ɡ aː ʋ u
పెరుగు,పెరిగారు,V;2;PL;PST,2.6666666666666667e-05,0.0001783333333333,p e ɾ i ɡ aː ɾ u
పెరుగు,పెరిగారు,V;3;FEM;PL;PST,2.6666666666666667e-05,0.0001783333333333,p e ɾ i ɡ aː ɾ u
పెరుగు,పెరిగింది,V;3;FEM;SG;PST,0.0013333333333333,0.0001783333333333,p e ɾ i ɡ i n̪ d̪ i
పెరుగు,పెరిగాను,V;1;SG;PST,3.3333333333333333e-06,0.0001783333333333,p e ɾ i ɡ aː n u
పెరుగు,పెరిగాము,V;1;PL;PST,0.0,0.0001783333333333,p e ɾ i ɡ aː m u
పెరుగు,పెరిగారు,V;3;MASC;PL;PST,2.6666666666666667e-05,0.0001783333333333,p e ɾ i ɡ aː ɾ u
పెరుగు,పెరిగాడు,V;3;MASC;SG;PST,1e-05,0.0001783333333333,p e ɾ i ɡ aː ɖ u
పెరుగు,పెరిగావు,V;2;SG;PST,0.0,0.0001783333333333,p e ɾ i ɡ aː ʋ u
పెరుగు,పెరిగారు,V;2;PL;PST,2.6666666666666667e-05,0.0001783333333333,p e ɾ i ɡ aː ɾ u
పెరుగు,పెరిగారు,V;3;FEM;PL;PST,2.6666666666666667e-05,0.0001783333333333,p e ɾ i ɡ aː ɾ u
పెరుగు,పెరిగింది,V;3;FEM;SG;PST,0.0013333333333333,0.0001783333333333,p e ɾ i ɡ i n̪ d̪ i
పెరుగు,పెరిగాను,V;1;SG;PST,3.3333333333333333e-06,0.0001783333333333,p e ɾ i ɡ aː n u
ప్రయత్నించు,ప్రయత్నించాము,V;1;PL;PST,0.0,0.0001179166666666,p ɾ a j a t̪ː i ɲ t͡ɕ aː m u
ప్రయత్నించు,ప్రయత్నించారు,V;3;MASC;PL;PST,0.0002433333333333,0.0001179166666666,p ɾ a j a t̪ː i ɲ t͡ɕ aː ɾ u
ప్రయత్నించు,ప్రయత్నించాడు,V;3;MASC;SG;PST,0.0001033333333333,0.0001179166666666,p ɾ a j a t̪ː i ɲ t͡ɕ aː ɖ u
ప్రయత్నించు,ప్రయత్నించావు,V;2;SG;PST,0.0,0.0001179166666666,p ɾ a j a t̪ː i ɲ t͡ɕ aː ʋ u
ప్రయత్నించు,ప్రయత్నించారు,V;2;PL;PST,0.0002433333333333,0.0001179166666666,p ɾ a j a t̪ː i ɲ t͡ɕ aː ɾ u
ప్రయత్నించు,ప్రయత్నించారు,V;3;FEM;PL;PST,0.0002433333333333,0.0001179166666666,p ɾ a j a t̪ː i ɲ t͡ɕ aː ɾ u
ప్రయత్నించు,ప్రయత్నించింది,V;3;FEM;SG;PST,9.666666666666668e-05,0.0001179166666666,p ɾ a j a t̪ː i ɲ t͡ɕ i n̪ d̪ i
ప్రయత్నించు,ప్రయత్నించాను,V;1;SG;PST,1.3333333333333332e-05,0.0001179166666666,p ɾ a j a t̪ː i ɲ t͡ɕ aː n u
ప్రశ్నించు,ప్రశ్నించాము,V;1;PL;PST,0.0,0.0002020833333333,p ɾ a ɕ n i ɲ t͡ɕ aː m u
ప్రశ్నించు,ప్రశ్నించారు,V;3;MASC;PL;PST,0.00044,0.0002020833333333,p ɾ a ɕ n i ɲ t͡ɕ aː ɾ u
ప్రశ్నించు,ప్రశ్నించాడు,V;3;MASC;SG;PST,0.0001533333333333,0.0002020833333333,p ɾ a ɕ n i ɲ t͡ɕ aː ɖ u
ప్రశ్నించు,ప్రశ్నించావు,V;2;SG;PST,0.0,0.0002020833333333,p ɾ a ɕ n i ɲ t͡ɕ aː ʋ u
ప్రశ్నించు,ప్రశ్నించారు,V;2;PL;PST,0.00044,0.0002020833333333,p ɾ a ɕ n i ɲ t͡ɕ aː ɾ u
ప్రశ్నించు,ప్రశ్నించారు,V;3;FEM;PL;PST,0.00044,0.0002020833333333,p ɾ a ɕ n i ɲ t͡ɕ aː ɾ u
ప్రశ్నించు,ప్రశ్నించింది,V;3;FEM;SG;PST,0.00012,0.0002020833333333,p ɾ a ɕ n i ɲ t͡ɕ i n̪ d̪ i
ప్రశ్నించు,ప్రశ్నించాను,V;1;SG;PST,2.333333333333333e-05,0.0002020833333333,p ɾ a ɕ n i ɲ t͡ɕ aː n u
ప్రారంభించు,ప్రారంభించాము,V;1;PL;PST,0.0,0.00048875,p ɾ aː ɾ a m bʱ i ɲ t͡ɕ aː m u
ప్రారంభించు,ప్రారంభించారు,V;3;MASC;PL;PST,0.0010233333333333,0.00048875,p ɾ aː ɾ a m bʱ i ɲ t͡ɕ aː ɾ u
ప్రారంభించు,ప్రారంభించాడు,V;3;MASC;SG;PST,0.0002533333333333,0.00048875,p ɾ aː ɾ a m bʱ i ɲ t͡ɕ aː ɖ u
ప్రారంభించు,ప్రారంభించావు,V;2;SG;PST,3.3333333333333333e-06,0.00048875,p ɾ aː ɾ a m bʱ i ɲ t͡ɕ aː ʋ u
ప్రారంభించు,ప్రారంభించారు,V;2;PL;PST,0.0010233333333333,0.00048875,p ɾ aː ɾ a m bʱ i ɲ t͡ɕ aː ɾ u
ప్రారంభించు,ప్రారంభించారు,V;3;FEM;PL;PST,0.0010233333333333,0.00048875,p ɾ aː ɾ a m bʱ i ɲ t͡ɕ aː ɾ u
ప్రారంభించు,ప్రారంభించింది,V;3;FEM;SG;PST,0.0005466666666666,0.00048875,p ɾ aː ɾ a m bʱ i ɲ t͡ɕ i n̪ d̪ i
ప్రారంభించు,ప్రారంభించాను,V;1;SG;PST,3.6666666666666666e-05,0.00048875,p ɾ aː ɾ a m bʱ i ɲ t͡ɕ aː n u
ప్రేమించు,ప్రేమిస్తావు,V;2;SG;FUT,3.3333333333333333e-06,6.25e-06,p ɾ eː m i s t̪ aː ʋ u
ప్రేమించు,ప్రేమించింది,V;3;FEM;SG;PST,3.3333333333333333e-06,6.25e-06,p ɾ eː m i ɲ t͡ɕ i n̪ d̪ i
ప్రేమించు,ప్రేమిస్తాము,V;1;PL;FUT,6.666666666666667e-06,6.25e-06,p ɾ eː m i s t̪ aː m u
ప్రేమించు,ప్రేమిస్తున్నావు,V;2;SG;PRS;DUR,0.0,6.25e-06,p ɾ eː m i s t̪ u nː aː ʋ u
ప్రేమించు,ప్రేమించాము,V;1;PL;PST,0.0,6.25e-06,p ɾ eː m i ɲ t͡ɕ aː m u
ప్రేమించు,ప్రేమించారు,V;2;PL;PST,0.0,6.25e-06,p ɾ eː m i ɲ t͡ɕ aː ɾ u
ప్రేమించు,ప్రేమిస్తున్నాము,V;1;PL;PRS;DUR,0.0,6.25e-06,p ɾ eː m i s t̪ u nː aː m u
ప్రేమించు,ప్రేమిస్తారు,V;2;PL;FUT,6.666666666666667e-06,6.25e-06,p ɾ eː m i s t̪ aː ɾ u
ప్రేమించు,ప్రేమించాడు,V;3;MASC;SG;PST,6.666666666666667e-06,6.25e-06,p ɾ eː m i ɲ t͡ɕ aː ɖ u
ప్రేమించు,ప్రేమిస్తుంది,V;3;FEM;SG;FUT,2.333333333333333e-05,6.25e-06,p ɾ eː m i s t̪ u n̪ d̪ i
ప్రేమించు,ప్రేమిస్తాను,V;1;SG;FUT,6.666666666666667e-06,6.25e-06,p ɾ eː m i s t̪ aː n u
ప్రేమించు,ప్రేమిస్తున్నారు,V;2;PL;PRS;DUR,0.0,6.25e-06,p ɾ eː m i s t̪ u nː aː ɾ u
ప్రేమించు,ప్రేమిస్తున్నది,V;3;FEM;SG;PRS;DUR,0.0,6.25e-06,p ɾ eː m i s t̪ u nː a d̪ i
ప్రేమించు,ప్రేమిస్తున్నాను,V;1;SG;PRS;DUR,4.333333333333333e-05,6.25e-06,p ɾ eː m i s t̪ u nː aː n u
ప్రేమించు,ప్రేమిస్తున్నారు,V;3;MASC;PL;PRS;DUR,0.0,6.25e-06,p ɾ eː m i s t̪ u nː aː ɾ u
ప్రేమించు,ప్రేమిస్తారు,V;3;MASC;PL;FUT,6.666666666666667e-06,6.25e-06,p ɾ eː m i s t̪ aː ɾ u
ప్రేమించు,ప్రేమించారు,V;3;MASC;PL;PST,0.0,6.25e-06,p ɾ eː m i ɲ t͡ɕ aː ɾ u
ప్రేమించు,ప్రేమించావు,V;2;SG;PST,0.0,6.25e-06,p ɾ eː m i ɲ t͡ɕ aː ʋ u
ప్రేమించు,ప్రేమిస్తున్నారు,V;3;FEM;PL;PRS;DUR,0.0,6.25e-06,p ɾ eː m i s t̪ u nː aː ɾ u
ప్రేమించు,ప్రేమిస్తారు,V;3;FEM;PL;FUT,6.666666666666667e-06,6.25e-06,p ɾ eː m i s t̪ aː ɾ u
ప్రేమించు,ప్రేమిస్తాడు,V;3;MASC;SG;FUT,2.6666666666666667e-05,6.25e-06,p ɾ eː m i s t̪ aː ɖ u
ప్రేమించు,ప్రేమించారు,V;3;FEM;PL;PST,0.0,6.25e-06,p ɾ eː m i ɲ t͡ɕ aː ɾ u
ప్రేమించు,ప్రేమించాను,V;1;SG;PST,6.666666666666667e-06,6.25e-06,p ɾ eː m i ɲ t͡ɕ aː n u
ప్రేమించు,ప్రేమిస్తున్నాడు,V;3;MASC;SG;PRS;DUR,3.3333333333333333e-06,6.25e-06,p ɾ eː m i s t̪ u nː aː ɖ u
బంధించు,బంధించాము,V;1;PL;PST,0.0,9.583333333333334e-06,b a n̪ d̪ʱ i ɲ t͡ɕ aː m u
బంధించు,బంధించారు,V;3;MASC;PL;PST,1e-05,9.583333333333334e-06,b a n̪ d̪ʱ i ɲ t͡ɕ aː ɾ u
బంధించు,బంధించాడు,V;3;MASC;SG;PST,3e-05,9.583333333333334e-06,b a n̪ d̪ʱ i ɲ t͡ɕ aː ɖ u
బంధించు,బంధించావు,V;2;SG;PST,0.0,9.583333333333334e-06,b a n̪ d̪ʱ i ɲ t͡ɕ aː ʋ u
బంధించు,బంధించారు,V;2;PL;PST,1e-05,9.583333333333334e-06,b a n̪ d̪ʱ i ɲ t͡ɕ aː ɾ u
బంధించు,బంధించారు,V;3;FEM;PL;PST,1e-05,9.583333333333334e-06,b a n̪ d̪ʱ i ɲ t͡ɕ aː ɾ u
బంధించు,బంధించింది,V;3;FEM;SG;PST,1.6666666666666667e-05,9.583333333333334e-06,b a n̪ d̪ʱ i ɲ t͡ɕ i n̪ d̪ i
బంధించు,బంధించాను,V;1;SG;PST,0.0,9.583333333333334e-06,b a n̪ d̪ʱ i ɲ t͡ɕ aː n u
రచించు,రచించాము,V;1;PL;PST,0.0,0.0001291666666666,ɾ a t͡ɕ i ɲ t͡ɕ aː m u
రచించు,రచించారు,V;3;MASC;PL;PST,0.00031,0.0001291666666666,ɾ a t͡ɕ i ɲ t͡ɕ aː ɾ u
రచించు,రచించాడు,V;3;MASC;SG;PST,7.666666666666667e-05,0.0001291666666666,ɾ a t͡ɕ i ɲ t͡ɕ aː ɖ u
రచించు,రచించావు,V;2;SG;PST,0.0,0.0001291666666666,ɾ a t͡ɕ i ɲ t͡ɕ aː ʋ u
రచించు,రచించారు,V;2;PL;PST,0.00031,0.0001291666666666,ɾ a t͡ɕ i ɲ t͡ɕ aː ɾ u
రచించు,రచించారు,V;3;FEM;PL;PST,0.00031,0.0001291666666666,ɾ a t͡ɕ i ɲ t͡ɕ aː ɾ u
రచించు,రచించింది,V;3;FEM;SG;PST,2.333333333333333e-05,0.0001291666666666,ɾ a t͡ɕ i ɲ t͡ɕ i n̪ d̪ i
రచించు,రచించాను,V;1;SG;PST,3.3333333333333333e-06,0.0001291666666666,ɾ a t͡ɕ i ɲ t͡ɕ aː n u
వచ్చు,వచ్చాము,V;1;PL;PST,2.6666666666666667e-05,0.0015754166666666,ʋ a t͡ɕː aː m u
వచ్చు,వచ్చారు,V;3;MASC;PL;PST,0.00175,0.0015754166666666,ʋ a t͡ɕː aː ɾ u
వచ్చు,వచ్చాడు,V;3;MASC;SG;PST,0.0009466666666666,0.0015754166666666,ʋ a t͡ɕː aː ɖ u
వచ్చు,వచ్చావు,V;2;SG;PST,2.6666666666666667e-05,0.0015754166666666,ʋ a t͡ɕː aː ʋ u
వచ్చు,వచ్చారు,V;2;PL;PST,0.00175,0.0015754166666666,ʋ a t͡ɕː aː ɾ u
వచ్చు,వచ్చారు,V;3;FEM;PL;PST,0.00175,0.0015754166666666,ʋ a t͡ɕː aː ɾ u
వచ్చు,వచ్చింది,V;3;FEM;SG;PST,0.0060566666666666,0.0015754166666666,ʋ a t͡ɕː i n̪ d̪ i
వచ్చు,వచ్చాను,V;1;SG;PST,0.0002966666666666,0.0015754166666666,ʋ a t͡ɕː aː n u
వినిపించు,వినిపించాము,V;1;PL;PST,0.0,7.083333333333332e-05,ʋ i n i p i ɲ t͡ɕ aː m u
వినిపించు,వినిపించారు,V;3;MASC;PL;PST,0.0001033333333333,7.083333333333332e-05,ʋ i n i p i ɲ t͡ɕ aː ɾ u
వినిపించు,వినిపించాడు,V;3;MASC;SG;PST,5.666666666666666e-05,7.083333333333332e-05,ʋ i n i p i ɲ t͡ɕ aː ɖ u
వినిపించు,వినిపించావు,V;2;SG;PST,3.3333333333333333e-06,7.083333333333332e-05,ʋ i n i p i ɲ t͡ɕ aː ʋ u
వినిపించు,వినిపించారు,V;2;PL;PST,0.0001033333333333,7.083333333333332e-05,ʋ i n i p i ɲ t͡ɕ aː ɾ u
వినిపించు,వినిపించారు,V;3;FEM;PL;PST,0.0001033333333333,7.083333333333332e-05,ʋ i n i p i ɲ t͡ɕ aː ɾ u
వినిపించు,వినిపించింది,V;3;FEM;SG;PST,0.0001866666666666,7.083333333333332e-05,ʋ i n i p i ɲ t͡ɕ i n̪ d̪ i
వినిపించు,వినిపించాను,V;1;SG;PST,1e-05,7.083333333333332e-05,ʋ i n i p i ɲ t͡ɕ aː n u
విను,విన్నాము,V;1;PL;PST,2.333333333333333e-05,5.833333333333334e-05,ʋ i nː aː m u
విను,విన్నారు,V;3;MASC;PL;PST,5.666666666666666e-05,5.833333333333334e-05,ʋ i nː aː ɾ u
విను,విన్నాడు,V;3;MASC;SG;PST,5.666666666666666e-05,5.833333333333334e-05,ʋ i nː aː ɖ u
విను,విన్నావు,V;2;SG;PST,1e-05,5.833333333333334e-05,ʋ i nː aː ʋ u
విను,విన్నారు,V;2;PL;PST,5.666666666666666e-05,5.833333333333334e-05,ʋ i nː aː ɾ u
విను,విన్నారు,V;3;FEM;PL;PST,5.666666666666666e-05,5.833333333333334e-05,ʋ i nː aː ɾ u
విను,విన్నది,V;3;FEM;SG;PST,6e-05,5.833333333333334e-05,ʋ i nː a d̪ i
విను,విన్నాను,V;1;SG;PST,0.0001466666666666,5.833333333333334e-05,ʋ i nː aː n u
విను,విన్నాము,V;1;PL;PST,2.333333333333333e-05,5.833333333333334e-05,ʋ i nː aː m u
విను,విన్నారు,V;3;MASC;PL;PST,5.666666666666666e-05,5.833333333333334e-05,ʋ i nː aː ɾ u
విను,విన్నాడు,V;3;MASC;SG;PST,5.666666666666666e-05,5.833333333333334e-05,ʋ i nː aː ɖ u
విను,విన్నావు,V;2;SG;PST,1e-05,5.833333333333334e-05,ʋ i nː aː ʋ u
విను,విన్నారు,V;2;PL;PST,5.666666666666666e-05,5.833333333333334e-05,ʋ i nː aː ɾ u
విను,విన్నారు,V;3;FEM;PL;PST,5.666666666666666e-05,5.833333333333334e-05,ʋ i nː aː ɾ u
విను,విన్నది,V;3;FEM;SG;PST,6e-05,5.833333333333334e-05,ʋ i nː a d̪ i
విను,విన్నాను,V;1;SG;PST,0.0001466666666666,5.833333333333334e-05,ʋ i nː aː n u
విప్పు,విప్పాము,V;1;PL;PST,0.0,1.4583333333333331e-05,ʋ i pː aː m u
విప్పు,విప్పారు,V;3;MASC;PL;PST,2.333333333333333e-05,1.4583333333333331e-05,ʋ i pː aː ɾ u
విప్పు,విప్పాడు,V;3;MASC;SG;PST,1.6666666666666667e-05,1.4583333333333331e-05,ʋ i pː aː ɖ u
విప్పు,విప్పావు,V;2;SG;PST,0.0,1.4583333333333331e-05,ʋ i pː aː ʋ u
విప్పు,విప్పారు,V;2;PL;PST,2.333333333333333e-05,1.4583333333333331e-05,ʋ i pː aː ɾ u
విప్పు,విప్పారు,V;3;FEM;PL;PST,2.333333333333333e-05,1.4583333333333331e-05,ʋ i pː aː ɾ u
విప్పు,విప్పింది,V;3;FEM;SG;PST,3e-05,1.4583333333333331e-05,ʋ i pː i n̪ d̪ i
విప్పు,విప్పాను,V;1;SG;PST,0.0,1.4583333333333331e-05,ʋ i pː aː n u
విస్తరించు,విస్తరించాము,V;1;PL;PST,0.0,2.7500000000000004e-05,ʋ i s t̪ a ɾ i ɲ t͡ɕ aː m u
విస్తరించు,విస్తరించారు,V;3;MASC;PL;PST,2e-05,2.7500000000000004e-05,ʋ i s t̪ a ɾ i ɲ t͡ɕ aː ɾ u
విస్తరించు,విస్తరించాడు,V;3;MASC;SG;PST,0.0,2.7500000000000004e-05,ʋ i s t̪ a ɾ i ɲ t͡ɕ aː ɖ u
విస్తరించు,విస్తరించావు,V;2;SG;PST,0.0,2.7500000000000004e-05,ʋ i s t̪ a ɾ i ɲ t͡ɕ aː ʋ u
విస్తరించు,విస్తరించారు,V;2;PL;PST,2e-05,2.7500000000000004e-05,ʋ i s t̪ a ɾ i ɲ t͡ɕ aː ɾ u
విస్తరించు,విస్తరించారు,V;3;FEM;PL;PST,2e-05,2.7500000000000004e-05,ʋ i s t̪ a ɾ i ɲ t͡ɕ aː ɾ u
విస్తరించు,విస్తరించింది,V;3;FEM;SG;PST,0.00016,2.7500000000000004e-05,ʋ i s t̪ a ɾ i ɲ t͡ɕ i n̪ d̪ i
విస్తరించు,విస్తరించాను,V;1;SG;PST,0.0,2.7500000000000004e-05,ʋ i s t̪ a ɾ i ɲ t͡ɕ aː n u
వెళ్లు,వెళుతున్నాము,V;1;PL;PRS;DUR,3.3333333333333333e-06,0.000163125,ʋ e ɭ u t̪ u nː aː m u
వెళ్లు,వెళుతున్నారు,V;3;MASC;PL;PRS;DUR,8.666666666666667e-05,0.000163125,ʋ e ɭ u t̪ u nː aː ɾ u
వెళ్లు,వెళ్లారు,V;3;MASC;PL;PST,0.00049,0.000163125,ʋ e ɭː aː ɾ u
వెళ్లు,వెళ్లావు,V;2;SG;PST,6.666666666666667e-06,0.000163125,ʋ e ɭː aː ʋ u
వెళ్లు,వెళ్లాడు,V;3;MASC;SG;PST,0.0003766666666666,0.000163125,ʋ e ɭː aː ɖ u
వెళ్లు,వెళ్లాను,V;1;SG;PST,0.0001233333333333,0.000163125,ʋ e ɭː aː n u
వెళ్లు,వెళుతున్నాడు,V;3;MASC;SG;PRS;DUR,2e-05,0.000163125,ʋ e ɭ u t̪ u nː aː ɖ u
వెళ్లు,వెళుతున్నావు,V;2;SG;PRS;DUR,3.3333333333333333e-06,0.000163125,ʋ e ɭ u t̪ u nː aː ʋ u
వెళ్లు,వెళ్లారు,V;3;FEM;PL;PST,0.00049,0.000163125,ʋ e ɭː aː ɾ u
వెళ్లు,వెళ్లాము,V;1;PL;PST,3.3333333333333333e-06,0.000163125,ʋ e ɭː aː m u
వెళ్లు,వెళుతున్నారు,V;2;PL;PRS;DUR,8.666666666666667e-05,0.000163125,ʋ e ɭ u t̪ u nː aː ɾ u
వెళ్లు,వెళుతున్నారు,V;3;FEM;PL;PRS;DUR,8.666666666666667e-05,0.000163125,ʋ e ɭ u t̪ u nː aː ɾ u
వెళ్లు,వెళుతున్నది,V;3;FEM;SG;PRS;DUR,1.3333333333333332e-05,0.000163125,ʋ e ɭ u t̪ u nː a d̪ i
వెళ్లు,వెళుతున్నాను,V;1;SG;PRS;DUR,1.6666666666666667e-05,0.000163125,ʋ e ɭ u t̪ u nː aː n u
వెళ్లు,వెళ్లారు,V;2;PL;PST,0.00049,0.000163125,ʋ e ɭː aː ɾ u
వెళ్లు,వెళ్లింది,V;3;FEM;SG;PST,0.0003133333333333,0.000163125,ʋ e ɭː i n̪ d̪ i
వ్రాయు,వ్రాస్తావు,V;2;SG;FUT,6.666666666666667e-06,2.555555555555556e-05,ʋ ɾ aː s t̪ aː ʋ u
వ్రాయు,వ్రాసింది,V;3;FEM;SG;PST,1e-05,2.555555555555556e-05,ʋ ɾ aː s i n̪ d̪ i
వ్రాయు,వ్రాస్తాము,V;1;PL;FUT,0.0,2.555555555555556e-05,ʋ ɾ aː s t̪ aː m u
వ్రాయు,వ్రాస్తున్నావు,V;2;SG;PRS;DUR,0.0,2.555555555555556e-05,ʋ ɾ aː s t̪ u nː aː ʋ u
వ్రాయు,వ్రాశాము,V;1;PL;PST,3.3333333333333333e-06,2.555555555555556e-05,ʋ ɾ aː ɕ aː m u
వ్రాయు,వ్రాశారు,V;2;PL;PST,0.0001633333333333,2.555555555555556e-05,ʋ ɾ aː ɕ aː ɾ u
వ్రాయు,వ్రాస్తున్నాము,V;1;PL;PRS;DUR,0.0,2.555555555555556e-05,ʋ ɾ aː s t̪ u nː aː m u
వ్రాయు,వ్రాస్తారు,V;2;PL;FUT,0.0,2.555555555555556e-05,ʋ ɾ aː s t̪ aː ɾ u
వ్రాయు,వ్రాశాడు,V;3;MASC;SG;PST,3e-05,2.555555555555556e-05,ʋ ɾ aː ɕ aː ɖ u
వ్రాయు,వ్రాస్తుంది,V;3;FEM;SG;FUT,6.666666666666667e-06,2.555555555555556e-05,ʋ ɾ aː s t̪ u n̪ d̪ i
వ్రాయు,వ్రాస్తాను,V;1;SG;FUT,3.3333333333333333e-06,2.555555555555556e-05,ʋ ɾ aː s t̪ aː n u
వ్రాయు,వ్రాస్తున్నారు,V;2;PL;PRS;DUR,1.3333333333333332e-05,2.555555555555556e-05,ʋ ɾ aː s t̪ u nː aː ɾ u
వ్రాయు,వ్రాస్తున్నది,V;3;FEM;SG;PRS;DUR,0.0,2.555555555555556e-05,ʋ ɾ aː s t̪ u nː a d̪ i
వ్రాయు,వ్రాస్తున్నాను,V;1;SG;PRS;DUR,2e-05,2.555555555555556e-05,ʋ ɾ aː s t̪ u nː aː n u
వ్రాయు,వ్రాస్తున్నారు,V;3;MASC;PL;PRS;DUR,1.3333333333333332e-05,2.555555555555556e-05,ʋ ɾ aː s t̪ u nː aː ɾ u
వ్రాయు,వ్రాస్తారు,V;3;MASC;PL;FUT,0.0,2.555555555555556e-05,ʋ ɾ aː s t̪ aː ɾ u
వ్రాయు,వ్రాశారు,V;3;MASC;PL;PST,0.0001633333333333,2.555555555555556e-05,ʋ ɾ aː ɕ aː ɾ u
వ్రాయు,వ్రాశావు,V;2;SG;PST,0.0,2.555555555555556e-05,ʋ ɾ aː ɕ aː ʋ u
వ్రాయు,వ్రాస్తున్నారు,V;3;FEM;PL;PRS;DUR,1.3333333333333332e-05,2.555555555555556e-05,ʋ ɾ aː s t̪ u nː aː ɾ u
వ్రాయు,వ్రాస్తారు,V;3;FEM;PL;FUT,0.0,2.555555555555556e-05,ʋ ɾ aː s t̪ aː ɾ u
వ్రాయు,వ్రాస్తాడు,V;3;MASC;SG;FUT,0.0,2.555555555555556e-05,ʋ ɾ aː s t̪ aː ɖ u
వ్రాయు,వ్రాశారు,V;3;FEM;PL;PST,0.0001633333333333,2.555555555555556e-05,ʋ ɾ aː ɕ aː ɾ u
వ్రాయు,వ్రాశాను,V;1;SG;PST,3.3333333333333333e-06,2.555555555555556e-05,ʋ ɾ aː ɕ aː n u
వ్రాయు,వ్రాస్తున్నాడు,V;3;MASC;SG;PRS;DUR,0.0,2.555555555555556e-05,ʋ ɾ aː s t̪ u nː aː ɖ u
సమర్పించు,సమర్పించాము,V;1;PL;PST,0.0,6.416666666666668e-05,s a m a ɾ p i ɲ t͡ɕ aː m u
సమర్పించు,సమర్పించారు,V;3;MASC;PL;PST,0.0001233333333333,6.416666666666668e-05,s a m a ɾ p i ɲ t͡ɕ aː ɾ u
సమర్పించు,సమర్పించాడు,V;3;MASC;SG;PST,4.333333333333333e-05,6.416666666666668e-05,s a m a ɾ p i ɲ t͡ɕ aː ɖ u
సమర్పించు,సమర్పించావు,V;2;SG;PST,0.0,6.416666666666668e-05,s a m a ɾ p i ɲ t͡ɕ aː ʋ u
సమర్పించు,సమర్పించారు,V;2;PL;PST,0.0001233333333333,6.416666666666668e-05,s a m a ɾ p i ɲ t͡ɕ aː ɾ u
సమర్పించు,సమర్పించారు,V;3;FEM;PL;PST,0.0001233333333333,6.416666666666668e-05,s a m a ɾ p i ɲ t͡ɕ aː ɾ u
సమర్పించు,సమర్పించింది,V;3;FEM;SG;PST,9.666666666666668e-05,6.416666666666668e-05,s a m a ɾ p i ɲ t͡ɕ i n̪ d̪ i
సమర్పించు,సమర్పించాను,V;1;SG;PST,3.3333333333333333e-06,6.416666666666668e-05,s a m a ɾ p i ɲ t͡ɕ aː n u
సాధించు,సాధించాము,V;1;PL;PST,1e-05,0.0003025,s aː d̪ʱ i ɲ t͡ɕ aː m u
సాధించు,సాధించారు,V;3;MASC;PL;PST,0.0003966666666666,0.0003025,s aː d̪ʱ i ɲ t͡ɕ aː ɾ u
సాధించు,సాధించాడు,V;3;MASC;SG;PST,0.00031,0.0003025,s aː d̪ʱ i ɲ t͡ɕ aː ɖ u
సాధించు,సాధించావు,V;2;SG;PST,3.3333333333333333e-06,0.0003025,s aː d̪ʱ i ɲ t͡ɕ aː ʋ u
సాధించు,సాధించారు,V;2;PL;PST,0.0003966666666666,0.0003025,s aː d̪ʱ i ɲ t͡ɕ aː ɾ u
సాధించు,సాధించారు,V;3;FEM;PL;PST,0.0003966666666666,0.0003025,s aː d̪ʱ i ɲ t͡ɕ aː ɾ u
సాధించు,సాధించింది,V;3;FEM;SG;PST,0.0008966666666666,0.0003025,s aː d̪ʱ i ɲ t͡ɕ i n̪ d̪ i
సాధించు,సాధించాను,V;1;SG;PST,1e-05,0.0003025,s aː d̪ʱ i ɲ t͡ɕ aː n u
సూచించు,సూచించాము,V;1;PL;PST,0.0,0.0003358333333333,s uː t͡ɕ i ɲ t͡ɕ aː m u
సూచించు,సూచించారు,V;3;MASC;PL;PST,0.00075,0.0003358333333333,s uː t͡ɕ i ɲ t͡ɕ aː ɾ u
సూచించు,సూచించాడు,V;3;MASC;SG;PST,9.333333333333332e-05,0.0003358333333333,s uː t͡ɕ i ɲ t͡ɕ aː ɖ u
సూచించు,సూచించావు,V;2;SG;PST,0.0,0.0003358333333333,s uː t͡ɕ i ɲ t͡ɕ aː ʋ u
సూచించు,సూచించారు,V;2;PL;PST,0.00075,0.0003358333333333,s uː t͡ɕ i ɲ t͡ɕ aː ɾ u
సూచించు,సూచించారు,V;3;FEM;PL;PST,0.00075,0.0003358333333333,s uː t͡ɕ i ɲ t͡ɕ aː ɾ u
సూచించు,సూచించింది,V;3;FEM;SG;PST,0.00034,0.0003358333333333,s uː t͡ɕ i ɲ t͡ɕ i n̪ d̪ i
సూచించు,సూచించాను,V;1;SG;PST,3.3333333333333333e-06,0.0003358333333333,s uː t͡ɕ i ɲ t͡ɕ aː n u
స్తుతించు,స్తుతించాము,V;1;PL;PST,0.0,5.833333333333333e-06,s t̪ u t̪ i ɲ t͡ɕ aː m u
స్తుతించు,స్తుతించారు,V;3;MASC;PL;PST,1.3333333333333332e-05,5.833333333333333e-06,s t̪ u t̪ i ɲ t͡ɕ aː ɾ u
స్తుతించు,స్తుతించాడు,V;3;MASC;SG;PST,3.3333333333333333e-06,5.833333333333333e-06,s t̪ u t̪ i ɲ t͡ɕ aː ɖ u
స్తుతించు,స్తుతించావు,V;2;SG;PST,0.0,5.833333333333333e-06,s t̪ u t̪ i ɲ t͡ɕ aː ʋ u
స్తుతించు,స్తుతించారు,V;2;PL;PST,1.3333333333333332e-05,5.833333333333333e-06,s t̪ u t̪ i ɲ t͡ɕ aː ɾ u
స్తుతించు,స్తుతించారు,V;3;FEM;PL;PST,1.3333333333333332e-05,5.833333333333333e-06,s t̪ u t̪ i ɲ t͡ɕ aː ɾ u
స్తుతించు,స్తుతించింది,V;3;FEM;SG;PST,0.0,5.833333333333333e-06,s t̪ u t̪ i ɲ t͡ɕ i n̪ d̪ i
స్తుతించు,స్తుతించాను,V;1;SG;PST,3.3333333333333333e-06,5.833333333333333e-06,s t̪ u t̪ i ɲ t͡ɕ aː n u
