lemma,form,paradigm_slot,form_freq,lemma_freq,phonemic_form
אַרבעטן,אַרבעטן,V;NFIN,0.0002666666666666,0.0004571428571428,a ʁ b ɛ t n̩
אַרבעטן,אַרבעט,V;FIN;IMP;2;SG,0.0006,0.0004571428571428,a ʁ b ə t
אַרבעטן,אַרבעטן,V;FIN;PRES;3;PL,0.0002666666666666,0.0004571428571428,a ʁ b ɛ t n̩
אַרבעטן,אַרבעט,V;FIN;IMP;2;PL,0.0006,0.0004571428571428,a ʁ b ə t
אַרבעטן,אַרבעט,V;FIN;PRES;2;PL,0.0006,0.0004571428571428,a ʁ b ə t
אַרבעטן,אַרבעט,V;FIN;PRES;1;SG,0.0006,0.0004571428571428,a ʁ b ə t
אַרבעטן,אַרבעטן,V;FIN;PRES;1;PL,0.0002666666666666,0.0004571428571428,a ʁ b ɛ t n̩
אַרבעטן,אַרבעטן,V;NFIN,0.0002666666666666,0.0004571428571428,a ʁ b ɛ t n̩
אַרבעטן,אַרבעט,V;FIN;IMP;2;SG,0.0006,0.0004571428571428,a ʁ b ə t
אַרבעטן,אַרבעטן,V;FIN;PRES;3;PL,0.0002666666666666,0.0004571428571428,a ʁ b ɛ t n̩
אַרבעטן,אַרבעט,V;FIN;IMP;2;PL,0.0006,0.0004571428571428,a ʁ b ə t
אַרבעטן,אַרבעט,V;FIN;PRES;2;PL,0.0006,0.0004571428571428,a ʁ b ə t
אַרבעטן,אַרבעט,V;FIN;PRES;1;SG,0.0006,0.0004571428571428,a ʁ b ə t
אַרבעטן,אַרבעטן,V;FIN;PRES;1;PL,0.0002666666666666,0.0004571428571428,a ʁ b ɛ t n̩
באַקומען,באַקומען,V;NFIN,0.0007333333333333,0.0003428571428571,b a k ʊ m ə n
באַקומען,באַקום,V;FIN;IMP;2;SG,0.0,0.0003428571428571,b a k ʊ m
באַקומען,באַקומען,V;FIN;PRES;3;PL,0.0007333333333333,0.0003428571428571,b a k ʊ m ə n
באַקומען,באַקומט,V;FIN;IMP;2;PL,0.0001,0.0003428571428571,b a k ʊ m t
באַקומען,באַקומט,V;FIN;PRES;2;PL,0.0001,0.0003428571428571,b a k ʊ m t
באַקומען,באַקום,V;FIN;PRES;1;SG,0.0,0.0003428571428571,b a k ʊ m
באַקומען,באַקומען,V;FIN;PRES;1;PL,0.0007333333333333,0.0003428571428571,b a k ʊ m ə n
בויען,בויען,V;NFIN,0.003,0.001447619047619,b ɔ ɪ̯ ə n
בויען,בוי,V;FIN;IMP;2;SG,6.666666666666667e-05,0.001447619047619,b ɔ ɪ̯
בויען,בויען,V;FIN;PRES;3;PL,0.003,0.001447619047619,b ɔ ɪ̯ ə n
בויען,בויט,V;FIN;IMP;2;PL,0.0005,0.001447619047619,b ɔ ɪ̯ t
בויען,בויט,V;FIN;PRES;2;PL,0.0005,0.001447619047619,b ɔ ɪ̯ t
בויען,בוי,V;FIN;PRES;1;SG,6.666666666666667e-05,0.001447619047619,b ɔ ɪ̯
בויען,בויען,V;FIN;PRES;1;PL,0.003,0.001447619047619,b ɔ ɪ̯ ə n
בייגן,בייגן,V;NFIN,0.0005,0.0002428571428571,b ɛ ɪ̯ ɡ n̩
בייגן,בייג,V;FIN;IMP;2;SG,0.0,0.0002428571428571,b ɛ ɪ̯ ɡ
בייגן,בייגן,V;FIN;PRES;3;PL,0.0005,0.0002428571428571,b ɛ ɪ̯ ɡ n̩
בייגן,בייגט,V;FIN;IMP;2;PL,0.0001,0.0002428571428571,b ɛ ɪ̯ ɡ t
בייגן,בייגט,V;FIN;PRES;2;PL,0.0001,0.0002428571428571,b ɛ ɪ̯ ɡ t
בייגן,בייג,V;FIN;PRES;1;SG,0.0,0.0002428571428571,b ɛ ɪ̯ ɡ
בייגן,בייגן,V;FIN;PRES;1;PL,0.0005,0.0002428571428571,b ɛ ɪ̯ ɡ n̩
בילן,בילן,V;NFIN,3.3333333333333335e-05,0.000195238095238,b ɪ ɫ n̩
בילן,ביל,V;FIN;IMP;2;SG,0.0006333333333333,0.000195238095238,b ɪ ɫ
בילן,בילן,V;FIN;PRES;3;PL,3.3333333333333335e-05,0.000195238095238,b ɪ ɫ n̩
בילן,בילט,V;FIN;IMP;2;PL,0.0,0.000195238095238,b ɪ ɫ t
בילן,בילט,V;FIN;PRES;2;PL,0.0,0.000195238095238,b ɪ ɫ t
בילן,ביל,V;FIN;PRES;1;SG,0.0006333333333333,0.000195238095238,b ɪ ɫ
בילן,בילן,V;FIN;PRES;1;PL,3.3333333333333335e-05,0.000195238095238,b ɪ ɫ n̩
בעטן,בעטן,V;NFIN,0.0009333333333333,0.0009142857142857,b ɛ t n̩
בעטן,בעט,V;FIN;IMP;2;SG,0.0009,0.0009142857142857,b ɛ t
בעטן,בעטן,V;FIN;PRES;3;PL,0.0009333333333333,0.0009142857142857,b ɛ t n̩
בעטן,בעט,V;FIN;IMP;2;PL,0.0009,0.0009142857142857,b ɛ t
בעטן,בעט,V;FIN;PRES;2;PL,0.0009,0.0009142857142857,b ɛ t
בעטן,בעט,V;FIN;PRES;1;SG,0.0009,0.0009142857142857,b ɛ t
בעטן,בעטן,V;FIN;PRES;1;PL,0.0009333333333333,0.0009142857142857,b ɛ t n̩
בעטן,בעטן,V;NFIN,0.0009333333333333,0.0009142857142857,b ɛ t n̩
בעטן,בעט,V;FIN;IMP;2;SG,0.0009,0.0009142857142857,b ɛ t
בעטן,בעטן,V;FIN;PRES;3;PL,0.0009333333333333,0.0009142857142857,b ɛ t n̩
בעטן,בעט,V;FIN;IMP;2;PL,0.0009,0.0009142857142857,b ɛ t
בעטן,בעט,V;FIN;PRES;2;PL,0.0009,0.0009142857142857,b ɛ t
בעטן,בעט,V;FIN;PRES;1;SG,0.0009,0.0009142857142857,b ɛ t
בעטן,בעטן,V;FIN;PRES;1;PL,0.0009333333333333,0.0009142857142857,b ɛ t n̩
בענקען,בענקען,V;NFIN,0.0,0.0005142857142857,b ɛ ŋ k ə n
בענקען,בענק,V;FIN;IMP;2;SG,0.0018,0.0005142857142857,b ɛ ŋ k
בענקען,בענקען,V;FIN;PRES;3;PL,0.0,0.0005142857142857,b ɛ ŋ k ə n
בענקען,בענקט,V;FIN;IMP;2;PL,0.0,0.0005142857142857,b ɛ ŋ k t
בענקען,בענקט,V;FIN;PRES;2;PL,0.0,0.0005142857142857,b ɛ ŋ k t
בענקען,בענק,V;FIN;PRES;1;SG,0.0018,0.0005142857142857,b ɛ ŋ k
בענקען,בענקען,V;FIN;PRES;1;PL,0.0,0.0005142857142857,b ɛ ŋ k ə n
ברעכן,ברעכן,V;NFIN,0.0005,0.0003,b ʁ ɛ χ n̩
ברעכן,ברעך,V;FIN;IMP;2;SG,0.0,0.0003,b ʁ ɛ χ
ברעכן,ברעכן,V;FIN;PRES;3;PL,0.0005,0.0003,b ʁ ɛ χ n̩
ברעכן,ברעכט,V;FIN;IMP;2;PL,0.0003,0.0003,b ʁ ɛ χ t
ברעכן,ברעכט,V;FIN;PRES;2;PL,0.0003,0.0003,b ʁ ɛ χ t
ברעכן,ברעך,V;FIN;PRES;1;SG,0.0,0.0003,b ʁ ɛ χ
ברעכן,ברעכן,V;FIN;PRES;1;PL,0.0005,0.0003,b ʁ ɛ χ n̩
ברענגען,ברענגען,V;NFIN,0.0019333333333333,0.0017428571428571,b ʁ ɛ ŋ ɡ ə n
ברענגען,ברענג,V;FIN;IMP;2;SG,3.3333333333333335e-05,0.0017428571428571,b ʁ ɛ ŋ ɡ
ברענגען,ברענגען,V;FIN;PRES;3;PL,0.0019333333333333,0.0017428571428571,b ʁ ɛ ŋ ɡ ə n
ברענגען,ברענגט,V;FIN;IMP;2;PL,0.0031666666666666,0.0017428571428571,b ʁ ɛ ŋ ɡ t
ברענגען,ברענגט,V;FIN;PRES;2;PL,0.0031666666666666,0.0017428571428571,b ʁ ɛ ŋ ɡ t
ברענגען,ברענג,V;FIN;PRES;1;SG,3.3333333333333335e-05,0.0017428571428571,b ʁ ɛ ŋ ɡ
ברענגען,ברענגען,V;FIN;PRES;1;PL,0.0019333333333333,0.0017428571428571,b ʁ ɛ ŋ ɡ ə n
ברענען,ברענען,V;NFIN,0.0002,0.0001809523809523,b ʁ ɛ n ə n
ברענען,ברען,V;FIN;IMP;2;SG,0.0001,0.0001809523809523,b ʁ ɛ n
ברענען,ברענען,V;FIN;PRES;3;PL,0.0002,0.0001809523809523,b ʁ ɛ n ə n
ברענען,ברענט,V;FIN;IMP;2;PL,0.0002333333333333,0.0001809523809523,b ʁ ɛ n t
ברענען,ברענט,V;FIN;PRES;2;PL,0.0002333333333333,0.0001809523809523,b ʁ ɛ n t
ברענען,ברען,V;FIN;PRES;1;SG,0.0001,0.0001809523809523,b ʁ ɛ n
ברענען,ברענען,V;FIN;PRES;1;PL,0.0002,0.0001809523809523,b ʁ ɛ n ə n
גיין,גיין,V;NFIN,0.0068666666666666,0.0051714285714285,ɡ ɛ ɪ̯ n
גיין,גיי,V;FIN;IMP;2;SG,0.0002333333333333,0.0051714285714285,ɡ ɛ ɪ̯
גיין,גייען,V;FIN;PRES;3;PL,0.0033333333333333,0.0051714285714285,ɡ ɛ ɪ̯ ə n
גיין,גייט,V;FIN;IMP;2;PL,0.0111,0.0051714285714285,ɡ ɛ ɪ̯ t
גיין,גייט,V;FIN;PRES;2;PL,0.0111,0.0051714285714285,ɡ ɛ ɪ̯ t
גיין,גיי,V;FIN;PRES;1;SG,0.0002333333333333,0.0051714285714285,ɡ ɛ ɪ̯
גיין,גייען,V;FIN;PRES;1;PL,0.0033333333333333,0.0051714285714285,ɡ ɛ ɪ̯ ə n
גיסן,גיסן,V;NFIN,0.0004333333333333,0.0002904761904761,ɡ ɪ s n̩
גיסן,גיס,V;FIN;IMP;2;SG,0.0,0.0002904761904761,ɡ ɪ s
גיסן,גיסן,V;FIN;PRES;3;PL,0.0004333333333333,0.0002904761904761,ɡ ɪ s n̩
גיסן,גיסט,V;FIN;IMP;2;PL,0.0003666666666666,0.0002904761904761,ɡ ɪ s t
גיסן,גיסט,V;FIN;PRES;2;PL,0.0003666666666666,0.0002904761904761,ɡ ɪ s t
גיסן,גיס,V;FIN;PRES;1;SG,0.0,0.0002904761904761,ɡ ɪ s
גיסן,גיסן,V;FIN;PRES;1;PL,0.0004333333333333,0.0002904761904761,ɡ ɪ s n̩
גלייבן,גלייבן,V;NFIN,0.0011666666666666,0.000595238095238,ɡ ʎ ɛ ɪ̯ b n̩
גלייבן,גלייב,V;FIN;IMP;2;SG,0.0,0.000595238095238,ɡ ʎ ɛ ɪ̯ b
גלייבן,גלייבן,V;FIN;PRES;3;PL,0.0011666666666666,0.000595238095238,ɡ ʎ ɛ ɪ̯ b n̩
גלייבן,גלייבט,V;FIN;IMP;2;PL,0.0003333333333333,0.000595238095238,ɡ ʎ ɛ ɪ̯ b t
גלייבן,גלייבט,V;FIN;PRES;2;PL,0.0003333333333333,0.000595238095238,ɡ ʎ ɛ ɪ̯ b t
גלייבן,גלייב,V;FIN;PRES;1;SG,0.0,0.000595238095238,ɡ ʎ ɛ ɪ̯ b
גלייבן,גלייבן,V;FIN;PRES;1;PL,0.0011666666666666,0.000595238095238,ɡ ʎ ɛ ɪ̯ b n̩
געבן,געבן,V;NFIN,0.0066666666666666,0.0024,ɡ ə b n̩
געבן,גיב,V;FIN;IMP;2;SG,3.3333333333333335e-05,0.0024,ɡ ɪ b
געבן,גיבן,V;FIN;PRES;3;PL,0.0013333333333333,0.0024,ɡ ɪ b n̩
געבן,גיט,V;FIN;IMP;2;PL,0.0037,0.0024,ɡ ɪ t
געבן,גיט,V;FIN;PRES;2;PL,0.0037,0.0024,ɡ ɪ t
געבן,גיב,V;FIN;PRES;1;SG,3.3333333333333335e-05,0.0024,ɡ ɪ b
געבן,גיבן,V;FIN;PRES;1;PL,0.0013333333333333,0.0024,ɡ ɪ b n̩
געדענקען,געדענקען,V;NFIN,0.0001666666666666,0.0002142857142857,ɡ ə d ɛ ŋ k ə n
געדענקען,געדענק,V;FIN;IMP;2;SG,6.666666666666667e-05,0.0002142857142857,ɡ ə d ɛ ŋ k
געדענקען,געדענקען,V;FIN;PRES;3;PL,0.0001666666666666,0.0002142857142857,ɡ ə d ɛ ŋ k ə n
געדענקען,געדענקט,V;FIN;IMP;2;PL,0.0004333333333333,0.0002142857142857,ɡ ə d ɛ ŋ k t
געדענקען,געדענקט,V;FIN;PRES;2;PL,0.0004333333333333,0.0002142857142857,ɡ ə d ɛ ŋ k t
געדענקען,געדענק,V;FIN;PRES;1;SG,6.666666666666667e-05,0.0002142857142857,ɡ ə d ɛ ŋ k
געדענקען,געדענקען,V;FIN;PRES;1;PL,0.0001666666666666,0.0002142857142857,ɡ ə d ɛ ŋ k ə n
געווינען,געווינען,V;NFIN,0.0028,0.0012666666666666,ɡ ə v ɪ n ə n
געווינען,געווין,V;FIN;IMP;2;SG,6.666666666666667e-05,0.0012666666666666,ɡ ə v ɪ n
געווינען,געווינען,V;FIN;PRES;3;PL,0.0028,0.0012666666666666,ɡ ə v ɪ n ə n
געווינען,געווינט,V;FIN;IMP;2;PL,0.0001666666666666,0.0012666666666666,ɡ ə v ɪ n t
געווינען,געווינט,V;FIN;PRES;2;PL,0.0001666666666666,0.0012666666666666,ɡ ə v ɪ n t
געווינען,געווין,V;FIN;PRES;1;SG,6.666666666666667e-05,0.0012666666666666,ɡ ə v ɪ n
געווינען,געווינען,V;FIN;PRES;1;PL,0.0028,0.0012666666666666,ɡ ə v ɪ n ə n
געניסן,געניסן,V;NFIN,0.0003333333333333,0.0001809523809523,ɡ ə n ɪ s n̩
געניסן,געניס,V;FIN;IMP;2;SG,0.0,0.0001809523809523,ɡ ə n ɪ s
געניסן,געניסן,V;FIN;PRES;3;PL,0.0003333333333333,0.0001809523809523,ɡ ə n ɪ s n̩
געניסן,געניסט,V;FIN;IMP;2;PL,0.0001333333333333,0.0001809523809523,ɡ ə n ɪ s t
געניסן,געניסט,V;FIN;PRES;2;PL,0.0001333333333333,0.0001809523809523,ɡ ə n ɪ s t
געניסן,געניס,V;FIN;PRES;1;SG,0.0,0.0001809523809523,ɡ ə n ɪ s
געניסן,געניסן,V;FIN;PRES;1;PL,0.0003333333333333,0.0001809523809523,ɡ ə n ɪ s n̩
געפֿינען,געפֿינען,V;NFIN,0.0003,0.0002142857142857,ɡ ə f ɪ n ə n
געפֿינען,געפֿין,V;FIN;IMP;2;SG,0.0,0.0002142857142857,ɡ ə f ɪ n
געפֿינען,געפֿינען,V;FIN;PRES;3;PL,0.0003,0.0002142857142857,ɡ ə f ɪ n ə n
געפֿינען,געפֿינט,V;FIN;IMP;2;PL,0.0003,0.0002142857142857,ɡ ə f ɪ n t
געפֿינען,געפֿינט,V;FIN;PRES;2;PL,0.0003,0.0002142857142857,ɡ ə f ɪ n t
געפֿינען,געפֿין,V;FIN;PRES;1;SG,0.0,0.0002142857142857,ɡ ə f ɪ n
געפֿינען,געפֿינען,V;FIN;PRES;1;PL,0.0003,0.0002142857142857,ɡ ə f ɪ n ə n
גרייכן,גרייכן,V;NFIN,0.0006666666666666,0.0005238095238095,ɡ ʁ ɛ ɪ̯ χ n̩
גרייכן,גרייך,V;FIN;IMP;2;SG,0.0,0.0005238095238095,ɡ ʁ ɛ ɪ̯ χ
גרייכן,גרייכן,V;FIN;PRES;3;PL,0.0006666666666666,0.0005238095238095,ɡ ʁ ɛ ɪ̯ χ n̩
גרייכן,גרייכט,V;FIN;IMP;2;PL,0.0008333333333333,0.0005238095238095,ɡ ʁ ɛ ɪ̯ χ t
גרייכן,גרייכט,V;FIN;PRES;2;PL,0.0008333333333333,0.0005238095238095,ɡ ʁ ɛ ɪ̯ χ t
גרייכן,גרייך,V;FIN;PRES;1;SG,0.0,0.0005238095238095,ɡ ʁ ɛ ɪ̯ χ
גרייכן,גרייכן,V;FIN;PRES;1;PL,0.0006666666666666,0.0005238095238095,ɡ ʁ ɛ ɪ̯ χ n̩
דינען,דינען,V;NFIN,0.0019333333333333,0.0017809523809523,d ɪ n ə n
דינען,דין,V;FIN;IMP;2;SG,0.0015333333333333,0.0017809523809523,d ɪ n
דינען,דינען,V;FIN;PRES;3;PL,0.0019333333333333,0.0017809523809523,d ɪ n ə n
דינען,דינט,V;FIN;IMP;2;PL,0.0018,0.0017809523809523,d ɪ n t
דינען,דינט,V;FIN;PRES;2;PL,0.0018,0.0017809523809523,d ɪ n t
דינען,דין,V;FIN;PRES;1;SG,0.0015333333333333,0.0017809523809523,d ɪ n
דינען,דינען,V;FIN;PRES;1;PL,0.0019333333333333,0.0017809523809523,d ɪ n ə n
דרוקן,דרוקן,V;NFIN,0.0014333333333333,0.0011761904761904,d ʁ ʊ k n̩
דרוקן,דרוק,V;FIN;IMP;2;SG,0.0017333333333333,0.0011761904761904,d ʁ ʊ k
דרוקן,דרוקן,V;FIN;PRES;3;PL,0.0014333333333333,0.0011761904761904,d ʁ ʊ k n̩
דרוקן,דרוקט,V;FIN;IMP;2;PL,0.0002333333333333,0.0011761904761904,d ʁ ʊ k t
דרוקן,דרוקט,V;FIN;PRES;2;PL,0.0002333333333333,0.0011761904761904,d ʁ ʊ k t
דרוקן,דרוק,V;FIN;PRES;1;SG,0.0017333333333333,0.0011761904761904,d ʁ ʊ k
דרוקן,דרוקן,V;FIN;PRES;1;PL,0.0014333333333333,0.0011761904761904,d ʁ ʊ k n̩
דרייען,דרייען,V;NFIN,0.0016333333333333,0.0043,d ʁ ɛ ɪ̯ ə n
דרייען,דריי,V;FIN;IMP;2;SG,0.0114,0.0043,d ʁ ɛ ɪ̯
דרייען,דרייען,V;FIN;PRES;3;PL,0.0016333333333333,0.0043,d ʁ ɛ ɪ̯ ə n
דרייען,דרייט,V;FIN;IMP;2;PL,0.0012,0.0043,d ʁ ɛ ɪ̯ t
דרייען,דרייט,V;FIN;PRES;2;PL,0.0012,0.0043,d ʁ ɛ ɪ̯ t
דרייען,דריי,V;FIN;PRES;1;SG,0.0114,0.0043,d ʁ ɛ ɪ̯
דרייען,דרייען,V;FIN;PRES;1;PL,0.0016333333333333,0.0043,d ʁ ɛ ɪ̯ ə n
האַלטן,האַלטן,V;NFIN,0.0004333333333333,0.0003,h a ɫ t n̩
האַלטן,האַלט,V;FIN;IMP;2;SG,0.0002,0.0003,h a ɫ t
האַלטן,האַלטן,V;FIN;PRES;3;PL,0.0004333333333333,0.0003,h a ɫ t n̩
האַלטן,האַלט,V;FIN;IMP;2;PL,0.0002,0.0003,h a ɫ t
האַלטן,האַלט,V;FIN;PRES;2;PL,0.0002,0.0003,h a ɫ t
האַלטן,האַלט,V;FIN;PRES;1;SG,0.0002,0.0003,h a ɫ t
האַלטן,האַלטן,V;FIN;PRES;1;PL,0.0004333333333333,0.0003,h a ɫ t n̩
האָבן,האָבן,V;NFIN,0.0061666666666666,0.0083190476190476,h ɔ b n̩
האָבן,האָב,V;FIN;IMP;2;SG,0.0001666666666666,0.0083190476190476,h ɔ b
האָבן,האָבן,V;FIN;PRES;3;PL,0.0061666666666666,0.0083190476190476,h ɔ b n̩
האָבן,האָט,V;FIN;IMP;2;PL,0.0197,0.0083190476190476,h ɔ t
האָבן,האָט,V;FIN;PRES;2;PL,0.0197,0.0083190476190476,h ɔ t
האָבן,האָב,V;FIN;PRES;1;SG,0.0001666666666666,0.0083190476190476,h ɔ b
האָבן,האָבן,V;FIN;PRES;1;PL,0.0061666666666666,0.0083190476190476,h ɔ b n̩
הייבן,הייבן,V;NFIN,0.0016666666666666,0.001895238095238,h ɛ ɪ̯ b n̩
הייבן,הייב,V;FIN;IMP;2;SG,0.0001,0.001895238095238,h ɛ ɪ̯ b
הייבן,הייבן,V;FIN;PRES;3;PL,0.0016666666666666,0.001895238095238,h ɛ ɪ̯ b n̩
הייבן,הייבט,V;FIN;IMP;2;PL,0.0040333333333333,0.001895238095238,h ɛ ɪ̯ b t
הייבן,הייבט,V;FIN;PRES;2;PL,0.0040333333333333,0.001895238095238,h ɛ ɪ̯ b t
הייבן,הייב,V;FIN;PRES;1;SG,0.0001,0.001895238095238,h ɛ ɪ̯ b
הייבן,הייבן,V;FIN;PRES;1;PL,0.0016666666666666,0.001895238095238,h ɛ ɪ̯ b n̩
היילן,היילן,V;NFIN,0.0005333333333333,0.0003809523809523,h ɛ ɪ̯ ɫ n̩
היילן,הייל,V;FIN;IMP;2;SG,0.0003666666666666,0.0003809523809523,h ɛ ɪ̯ ɫ
היילן,היילן,V;FIN;PRES;3;PL,0.0005333333333333,0.0003809523809523,h ɛ ɪ̯ ɫ n̩
היילן,היילט,V;FIN;IMP;2;PL,0.0001666666666666,0.0003809523809523,h ɛ ɪ̯ ɫ t
היילן,היילט,V;FIN;PRES;2;PL,0.0001666666666666,0.0003809523809523,h ɛ ɪ̯ ɫ t
היילן,הייל,V;FIN;PRES;1;SG,0.0003666666666666,0.0003809523809523,h ɛ ɪ̯ ɫ
היילן,היילן,V;FIN;PRES;1;PL,0.0005333333333333,0.0003809523809523,h ɛ ɪ̯ ɫ n̩
היילן,היילן,V;NFIN,0.0005333333333333,0.0003809523809523,h ɛ ɪ̯ ɫ n̩
היילן,הייל,V;FIN;IMP;2;SG,0.0003666666666666,0.0003809523809523,h ɛ ɪ̯ ɫ
היילן,היילן,V;FIN;PRES;3;PL,0.0005333333333333,0.0003809523809523,h ɛ ɪ̯ ɫ n̩
היילן,היילט,V;FIN;IMP;2;PL,0.0001666666666666,0.0003809523809523,h ɛ ɪ̯ ɫ t
היילן,היילט,V;FIN;PRES;2;PL,0.0001666666666666,0.0003809523809523,h ɛ ɪ̯ ɫ t
היילן,הייל,V;FIN;PRES;1;SG,0.0003666666666666,0.0003809523809523,h ɛ ɪ̯ ɫ
היילן,היילן,V;FIN;PRES;1;PL,0.0005333333333333,0.0003809523809523,h ɛ ɪ̯ ɫ n̩
הייסן,הייסן,V;NFIN,0.0006333333333333,0.0024809523809523,h ɛ ɪ̯ s n̩
הייסן,הייס,V;FIN;IMP;2;SG,0.0006,0.0024809523809523,h ɛ ɪ̯ s
הייסן,הייסן,V;FIN;PRES;3;PL,0.0006333333333333,0.0024809523809523,h ɛ ɪ̯ s n̩
הייסן,הייסט,V;FIN;IMP;2;PL,0.0071333333333333,0.0024809523809523,h ɛ ɪ̯ s t
הייסן,הייסט,V;FIN;PRES;2;PL,0.0071333333333333,0.0024809523809523,h ɛ ɪ̯ s t
הייסן,הייס,V;FIN;PRES;1;SG,0.0006,0.0024809523809523,h ɛ ɪ̯ s
הייסן,הייסן,V;FIN;PRES;1;PL,0.0006333333333333,0.0024809523809523,h ɛ ɪ̯ s n̩
הערן,הן,V;NFIN,0.0,0.0021619047619047,h ɔ n
הערן,ה,V;FIN;IMP;2;SG,0.0075666666666666,0.0021619047619047,ɛ
הערן,הן,V;FIN;PRES;3;PL,0.0,0.0021619047619047,h ɔ n
הערן,הט,V;FIN;IMP;2;PL,0.0,0.0021619047619047,h a t
הערן,הט,V;FIN;PRES;2;PL,0.0,0.0021619047619047,h a t
הערן,ה,V;FIN;PRES;1;SG,0.0075666666666666,0.0021619047619047,ɛ
הערן,הן,V;FIN;PRES;1;PL,0.0,0.0021619047619047,h ɔ n
וואוינען,וואוינען,V;NFIN,0.0046333333333333,0.0024047619047619,v ɔ ɪ̯ n ə n
וואוינען,וואוין,V;FIN;IMP;2;SG,0.0001333333333333,0.0024047619047619,v ɔ ɪ̯ n
וואוינען,וואוינען,V;FIN;PRES;3;PL,0.0046333333333333,0.0024047619047619,v ɔ ɪ̯ n ə n
וואוינען,וואוינט,V;FIN;IMP;2;PL,0.0013333333333333,0.0024047619047619,v ɔ ɪ̯ n t
וואוינען,וואוינט,V;FIN;PRES;2;PL,0.0013333333333333,0.0024047619047619,v ɔ ɪ̯ n t
וואוינען,וואוין,V;FIN;PRES;1;SG,0.0001333333333333,0.0024047619047619,v ɔ ɪ̯ n
וואוינען,וואוינען,V;FIN;PRES;1;PL,0.0046333333333333,0.0024047619047619,v ɔ ɪ̯ n ə n
וווינען,וווינען,V;NFIN,0.0003,0.0002333333333333,v ɪ n ə n
וווינען,וווין,V;FIN;IMP;2;SG,0.0,0.0002333333333333,v ɪ n
וווינען,וווינען,V;FIN;PRES;3;PL,0.0003,0.0002333333333333,v ɪ n ə n
וווינען,וווינט,V;FIN;IMP;2;PL,0.0003666666666666,0.0002333333333333,v ɪ n t
וווינען,וווינט,V;FIN;PRES;2;PL,0.0003666666666666,0.0002333333333333,v ɪ n t
וווינען,וווין,V;FIN;PRES;1;SG,0.0,0.0002333333333333,v ɪ n
וווינען,וווינען,V;FIN;PRES;1;PL,0.0003,0.0002333333333333,v ɪ n ə n
וויסן,וויסן,V;NFIN,0.0024666666666666,0.0019733333333333,v ɪ s n̩
וויסן,ווייסן,V;FIN;PRES;3;PL,0.0015666666666666,0.0019733333333333,v ɛ ɪ̯ s n̩
וויסן,ווייסט,V;FIN;PRES;2;PL,0.0028,0.0019733333333333,v ɛ ɪ̯ s t
וויסן,ווייס,V;FIN;PRES;1;SG,0.0014666666666666,0.0019733333333333,v ɛ ɪ̯ s
וויסן,ווייסן,V;FIN;PRES;1;PL,0.0015666666666666,0.0019733333333333,v ɛ ɪ̯ s n̩
וויסן,וויסן,V;NFIN,0.0024666666666666,0.0019733333333333,v ɪ s n̩
וויסן,ווייסן,V;FIN;PRES;3;PL,0.0015666666666666,0.0019733333333333,v ɛ ɪ̯ s n̩
וויסן,ווייסט,V;FIN;PRES;2;PL,0.0028,0.0019733333333333,v ɛ ɪ̯ s t
וויסן,ווייס,V;FIN;PRES;1;SG,0.0014666666666666,0.0019733333333333,v ɛ ɪ̯ s
וויסן,ווייסן,V;FIN;PRES;1;PL,0.0015666666666666,0.0019733333333333,v ɛ ɪ̯ s n̩
וועבן,וועבן,V;NFIN,6.666666666666667e-05,0.0001904761904761,v ɛ b n̩
וועבן,וועב,V;FIN;IMP;2;SG,0.0005666666666666,0.0001904761904761,v ɛ b
וועבן,וועבן,V;FIN;PRES;3;PL,6.666666666666667e-05,0.0001904761904761,v ɛ b n̩
וועבן,וועבט,V;FIN;IMP;2;PL,0.0,0.0001904761904761,v ɛ p t
וועבן,וועבט,V;FIN;PRES;2;PL,0.0,0.0001904761904761,v ɛ p t
וועבן,וועב,V;FIN;PRES;1;SG,0.0005666666666666,0.0001904761904761,v ɛ b
וועבן,וועבן,V;FIN;PRES;1;PL,6.666666666666667e-05,0.0001904761904761,v ɛ b n̩
וועל,וועלן,V;FIN;PRES;3;PL,0.0128333333333333,0.0160166666666666,v ɛ ɫ n̩
וועל,וועט,V;FIN;PRES;2;PL,0.0376333333333333,0.0160166666666666,v ɛ t
וועל,וועל,V;FIN;PRES;1;SG,0.0007666666666666,0.0160166666666666,v ɛ ɫ
וועל,וועלן,V;FIN;PRES;1;PL,0.0128333333333333,0.0160166666666666,v ɛ ɫ n̩
ווערן,וון,V;NFIN,0.0,0.0002857142857142,v n̩
ווערן,וו,V;FIN;IMP;2;SG,0.001,0.0002857142857142,v
ווערן,וון,V;FIN;PRES;3;PL,0.0,0.0002857142857142,v n̩
ווערן,ווט,V;FIN;IMP;2;PL,0.0,0.0002857142857142,v t
ווערן,ווט,V;FIN;PRES;2;PL,0.0,0.0002857142857142,v t
ווערן,וו,V;FIN;PRES;1;SG,0.001,0.0002857142857142,v
ווערן,וון,V;FIN;PRES;1;PL,0.0,0.0002857142857142,v n̩
זאָגן,זאָגן,V;NFIN,0.0004,0.000247619047619,z ɔ ɡ n̩
זאָגן,זאָג,V;FIN;IMP;2;SG,0.0,0.000247619047619,z ɔ ɡ
זאָגן,זאָגן,V;FIN;PRES;3;PL,0.0004,0.000247619047619,z ɔ ɡ n̩
זאָגן,זאָגט,V;FIN;IMP;2;PL,0.0002666666666666,0.000247619047619,z ɔ ɡ t
זאָגן,זאָגט,V;FIN;PRES;2;PL,0.0002666666666666,0.000247619047619,z ɔ ɡ t
זאָגן,זאָג,V;FIN;PRES;1;SG,0.0,0.000247619047619,z ɔ ɡ
זאָגן,זאָגן,V;FIN;PRES;1;PL,0.0004,0.000247619047619,z ɔ ɡ n̩
זאָלן,זאָלן,V;NFIN,0.0002,0.0002,z ɔ ɫ n̩
זאָלן,זאָלן,V;FIN;PRES;3;PL,0.0002,0.0002,z ɔ ɫ n̩
זאָלן,זאָלט,V;FIN;PRES;2;PL,0.0,0.0002,z ɔ ɫ t
זאָלן,זאָל,V;FIN;PRES;1;SG,0.0004,0.0002,z ɔ ɫ
זאָלן,זאָלן,V;FIN;PRES;1;PL,0.0002,0.0002,z ɔ ɫ n̩
זינגען,זינגען,V;NFIN,0.0010666666666666,0.000647619047619,z ɪ ŋ ɡ ə n
זינגען,זינג,V;FIN;IMP;2;SG,3.3333333333333335e-05,0.000647619047619,z ɪ ŋ ɡ
זינגען,זינגען,V;FIN;PRES;3;PL,0.0010666666666666,0.000647619047619,z ɪ ŋ ɡ ə n
זינגען,זינגט,V;FIN;IMP;2;PL,0.0006333333333333,0.000647619047619,z ɪ ŋ ɡ t
זינגען,זינגט,V;FIN;PRES;2;PL,0.0006333333333333,0.000647619047619,z ɪ ŋ ɡ t
זינגען,זינג,V;FIN;PRES;1;SG,3.3333333333333335e-05,0.000647619047619,z ɪ ŋ ɡ
זינגען,זינגען,V;FIN;PRES;1;PL,0.0010666666666666,0.000647619047619,z ɪ ŋ ɡ ə n
זיצן,זיצן,V;NFIN,0.0022333333333333,0.001395238095238,z ɪ t͡s n̩
זיצן,זיץ,V;FIN;IMP;2;SG,0.0007333333333333,0.001395238095238,z ɪ t͡s
זיצן,זיצן,V;FIN;PRES;3;PL,0.0022333333333333,0.001395238095238,z ɪ t͡s n̩
זיצן,זיצט,V;FIN;IMP;2;PL,0.0008,0.001395238095238,z ɪ t͡s t
זיצן,זיצט,V;FIN;PRES;2;PL,0.0008,0.001395238095238,z ɪ t͡s t
זיצן,זיץ,V;FIN;PRES;1;SG,0.0007333333333333,0.001395238095238,z ɪ t͡s
זיצן,זיצן,V;FIN;PRES;1;PL,0.0022333333333333,0.001395238095238,z ɪ t͡s n̩
זען,זען,V;NFIN,0.0040666666666666,0.0017142857142857,z ɛ n
זען,זע,V;FIN;IMP;2;SG,0.0001666666666666,0.0017142857142857,z ɛ
זען,זעען,V;FIN;PRES;3;PL,0.0005666666666666,0.0017142857142857,z ɛ ə n
זען,זעט,V;FIN;IMP;2;PL,0.0032333333333333,0.0017142857142857,z ɛ t
זען,זעט,V;FIN;PRES;2;PL,0.0032333333333333,0.0017142857142857,z ɛ t
זען,זע,V;FIN;PRES;1;SG,0.0001666666666666,0.0017142857142857,z ɛ
זען,זעען,V;FIN;PRES;1;PL,0.0005666666666666,0.0017142857142857,z ɛ ə n
זעצן,זעצן,V;NFIN,0.0002,0.0001904761904761,z ɛ t͡s n̩
זעצן,זעץ,V;FIN;IMP;2;SG,3.3333333333333335e-05,0.0001904761904761,z ɛ t͡s
זעצן,זעצן,V;FIN;PRES;3;PL,0.0002,0.0001904761904761,z ɛ t͡s n̩
זעצן,זעצט,V;FIN;IMP;2;PL,0.0003333333333333,0.0001904761904761,z ɛ t͡s t
זעצן,זעצט,V;FIN;PRES;2;PL,0.0003333333333333,0.0001904761904761,z ɛ t͡s t
זעצן,זעץ,V;FIN;PRES;1;SG,3.3333333333333335e-05,0.0001904761904761,z ɛ t͡s
זעצן,זעצן,V;FIN;PRES;1;PL,0.0002,0.0001904761904761,z ɛ t͡s n̩
חלומען,חלומען,V;NFIN,0.0,0.0002380952380952,χ ɔ ɫ ʊ m ə n
חלומען,חלום,V;FIN;IMP;2;SG,0.0008333333333333,0.0002380952380952,χ ɔ ɫ ə m
חלומען,חלומען,V;FIN;PRES;3;PL,0.0,0.0002380952380952,χ ɔ ɫ ʊ m ə n
חלומען,חלומט,V;FIN;IMP;2;PL,0.0,0.0002380952380952,χ ɔ ɫ ʊ m t
חלומען,חלומט,V;FIN;PRES;2;PL,0.0,0.0002380952380952,χ ɔ ɫ ʊ m t
חלומען,חלום,V;FIN;PRES;1;SG,0.0008333333333333,0.0002380952380952,χ ɔ ɫ ə m
חלומען,חלומען,V;FIN;PRES;1;PL,0.0,0.0002380952380952,χ ɔ ɫ ʊ m ə n
טאָן,טאָן,V;NFIN,0.0001666666666666,0.0025761904761904,t ɔ n
טאָן,טו,V;FIN;IMP;2;SG,0.0004666666666666,0.0025761904761904,t ʊ
טאָן,טוען,V;FIN;PRES;3;PL,0.0017,0.0025761904761904,t ʊ ə n
טאָן,טוט,V;FIN;IMP;2;PL,0.0067666666666666,0.0025761904761904,t ʊ t
טאָן,טוט,V;FIN;PRES;2;PL,0.0067666666666666,0.0025761904761904,t ʊ t
טאָן,טו,V;FIN;PRES;1;SG,0.0004666666666666,0.0025761904761904,t ʊ
טאָן,טוען,V;FIN;PRES;1;PL,0.0017,0.0025761904761904,t ʊ ə n
טון,טון,V;NFIN,0.0018333333333333,0.0028142857142857,t ʊ n
טון,טו,V;FIN;IMP;2;SG,0.0004666666666666,0.0028142857142857,t ʊ
טון,טוען,V;FIN;PRES;3;PL,0.0017,0.0028142857142857,t ʊ ə n
טון,טוט,V;FIN;IMP;2;PL,0.0067666666666666,0.0028142857142857,t ʊ t
טון,טוט,V;FIN;PRES;2;PL,0.0067666666666666,0.0028142857142857,t ʊ t
טון,טו,V;FIN;PRES;1;SG,0.0004666666666666,0.0028142857142857,t ʊ
טון,טוען,V;FIN;PRES;1;PL,0.0017,0.0028142857142857,t ʊ ə n
טיילן,טיילן,V;NFIN,0.0039333333333333,0.0085809523809523,t ɛ ɪ̯ ɫ n̩
טיילן,טייל,V;FIN;IMP;2;SG,0.0237,0.0085809523809523,t ɛ ɪ̯ ɫ
טיילן,טיילן,V;FIN;PRES;3;PL,0.0039333333333333,0.0085809523809523,t ɛ ɪ̯ ɫ n̩
טיילן,טיילט,V;FIN;IMP;2;PL,0.0004333333333333,0.0085809523809523,t ɛ ɪ̯ ɫ t
טיילן,טיילט,V;FIN;PRES;2;PL,0.0004333333333333,0.0085809523809523,t ɛ ɪ̯ ɫ t
טיילן,טייל,V;FIN;PRES;1;SG,0.0237,0.0085809523809523,t ɛ ɪ̯ ɫ
טיילן,טיילן,V;FIN;PRES;1;PL,0.0039333333333333,0.0085809523809523,t ɛ ɪ̯ ɫ n̩
טיילן,טיילן,V;NFIN,0.0039333333333333,0.0085809523809523,t ɛ ɪ̯ ɫ n̩
טיילן,טייל,V;FIN;IMP;2;SG,0.0237,0.0085809523809523,t ɛ ɪ̯ ɫ
טיילן,טיילן,V;FIN;PRES;3;PL,0.0039333333333333,0.0085809523809523,t ɛ ɪ̯ ɫ n̩
טיילן,טיילט,V;FIN;IMP;2;PL,0.0004333333333333,0.0085809523809523,t ɛ ɪ̯ ɫ t
טיילן,טיילט,V;FIN;PRES;2;PL,0.0004333333333333,0.0085809523809523,t ɛ ɪ̯ ɫ t
טיילן,טייל,V;FIN;PRES;1;SG,0.0237,0.0085809523809523,t ɛ ɪ̯ ɫ
טיילן,טיילן,V;FIN;PRES;1;PL,0.0039333333333333,0.0085809523809523,t ɛ ɪ̯ ɫ n̩
טראָגן,טראָגן,V;NFIN,0.0003333333333333,0.0001809523809523,t ʁ ɔ ɡ n̩
טראָגן,טראָג,V;FIN;IMP;2;SG,0.0,0.0001809523809523,t r ɔ ɡ
טראָגן,טראָגן,V;FIN;PRES;3;PL,0.0003333333333333,0.0001809523809523,t ʁ ɔ ɡ n̩
טראָגן,טראָגט,V;FIN;IMP;2;PL,0.0001333333333333,0.0001809523809523,t ʁ ɔ ɡ t
טראָגן,טראָגט,V;FIN;PRES;2;PL,0.0001333333333333,0.0001809523809523,t ʁ ɔ ɡ t
טראָגן,טראָג,V;FIN;PRES;1;SG,0.0,0.0001809523809523,t r ɔ ɡ
טראָגן,טראָגן,V;FIN;PRES;1;PL,0.0003333333333333,0.0001809523809523,t ʁ ɔ ɡ n̩
ייִדישן,ייִדישן,V;NFIN,0.0005666666666666,0.0006791666666666,j ɪ d ɪ ʃ n̩
ייִדישן,ייִדישט,V;FIN;PRES;3;SG,0.0,0.0006791666666666,j ɪ d ɪ ʃ t
ייִדישן,ייִדיש,V;FIN;IMP;2;SG,0.0018666666666666,0.0006791666666666,j ɪ d ɪ ʃ
ייִדישן,ייִדישן,V;FIN;PRES;3;PL,0.0005666666666666,0.0006791666666666,j ɪ d ɪ ʃ n̩
ייִדישן,ייִדישט,V;FIN;IMP;2;PL,0.0,0.0006791666666666,j ɪ d ɪ ʃ t
ייִדישן,ייִדישט,V;FIN;PRES;2;PL,0.0,0.0006791666666666,j ɪ d ɪ ʃ t
ייִדישן,ייִדישסט,V;FIN;PRES;2;SG,0.0,0.0006791666666666,j ɪ d ɪ ʃ s t
ייִדישן,ייִדיש,V;FIN;PRES;1;SG,0.0018666666666666,0.0006791666666666,j ɪ d ɪ ʃ
ייִדישן,ייִדישן,V;FIN;PRES;1;PL,0.0005666666666666,0.0006791666666666,j ɪ d ɪ ʃ n̩
ייִדישן,ייִדישן,V;NFIN,0.0005666666666666,0.0006791666666666,j ɪ d ɪ ʃ n̩
ייִדישן,ייִדיש,V;FIN;IMP;2;SG,0.0018666666666666,0.0006791666666666,j ɪ d ɪ ʃ
ייִדישן,ייִדישן,V;FIN;PRES;3;PL,0.0005666666666666,0.0006791666666666,j ɪ d ɪ ʃ n̩
ייִדישן,ייִדישט,V;FIN;IMP;2;PL,0.0,0.0006791666666666,j ɪ d ɪ ʃ t
ייִדישן,ייִדישט,V;FIN;PRES;2;PL,0.0,0.0006791666666666,j ɪ d ɪ ʃ t
ייִדישן,ייִדיש,V;FIN;PRES;1;SG,0.0018666666666666,0.0006791666666666,j ɪ d ɪ ʃ
ייִדישן,ייִדישן,V;FIN;PRES;1;PL,0.0005666666666666,0.0006791666666666,j ɪ d ɪ ʃ n̩
לויבן,לויבן,V;NFIN,0.0002666666666666,0.0001714285714285,ɫ ɔ ɪ̯ b n̩
לויבן,לויב,V;FIN;IMP;2;SG,0.0001666666666666,0.0001714285714285,ɫ ɔ ɪ̯ b
לויבן,לויבן,V;FIN;PRES;3;PL,0.0002666666666666,0.0001714285714285,ɫ ɔ ɪ̯ b n̩
לויבן,לויבט,V;FIN;IMP;2;PL,3.3333333333333335e-05,0.0001714285714285,ɫ ɔ ɪ̯ b t
לויבן,לויבט,V;FIN;PRES;2;PL,3.3333333333333335e-05,0.0001714285714285,ɫ ɔ ɪ̯ b t
לויבן,לויב,V;FIN;PRES;1;SG,0.0001666666666666,0.0001714285714285,ɫ ɔ ɪ̯ b
לויבן,לויבן,V;FIN;PRES;1;PL,0.0002666666666666,0.0001714285714285,ɫ ɔ ɪ̯ b n̩
לויפֿן,לויפֿן,V;NFIN,6.666666666666667e-05,0.0001809523809523,ɫ ɔ ɪ̯ f n̩
לויפֿן,לויף,V;FIN;IMP;2;SG,0.0005333333333333,0.0001809523809523,ɫ ɔ ɪ̯ f
לויפֿן,לויפֿן,V;FIN;PRES;3;PL,6.666666666666667e-05,0.0001809523809523,ɫ ɔ ɪ̯ f n̩
לויפֿן,לויפֿט,V;FIN;IMP;2;PL,0.0,0.0001809523809523,ɫ ɔ ɪ̯ f t
לויפֿן,לויפֿט,V;FIN;PRES;2;PL,0.0,0.0001809523809523,ɫ ɔ ɪ̯ f t
לויפֿן,לויף,V;FIN;PRES;1;SG,0.0005333333333333,0.0001809523809523,ɫ ɔ ɪ̯ f
לויפֿן,לויפֿן,V;FIN;PRES;1;PL,6.666666666666667e-05,0.0001809523809523,ɫ ɔ ɪ̯ f n̩
ליבן,ליבן,V;NFIN,3.3333333333333335e-05,0.0004083333333333,ɫ ɪ b n̩
ליבן,ליבט,V;FIN;PRES;3;SG,6.666666666666667e-05,0.0004083333333333,ɫ ɪ b t
ליבן,ליב,V;FIN;IMP;2;SG,0.0015,0.0004083333333333,ɫ ɪ b
ליבן,ליבן,V;FIN;PRES;3;PL,3.3333333333333335e-05,0.0004083333333333,ɫ ɪ b n̩
ליבן,ליבט,V;FIN;IMP;2;PL,6.666666666666667e-05,0.0004083333333333,ɫ ɪ b t
ליבן,ליבט,V;FIN;PRES;2;PL,6.666666666666667e-05,0.0004083333333333,ɫ ɪ b t
ליבן,ליבסט,V;FIN;PRES;2;SG,0.0,0.0004083333333333,ɫ ɪ b s t
ליבן,ליב,V;FIN;PRES;1;SG,0.0015,0.0004083333333333,ɫ ɪ b
ליבן,ליבן,V;FIN;PRES;1;PL,3.3333333333333335e-05,0.0004083333333333,ɫ ɪ b n̩
ליבן,ליבן,V;NFIN,3.3333333333333335e-05,0.0004083333333333,ɫ ɪ b n̩
ליבן,ליב,V;FIN;IMP;2;SG,0.0015,0.0004083333333333,ɫ ɪ b
ליבן,ליבן,V;FIN;PRES;3;PL,3.3333333333333335e-05,0.0004083333333333,ɫ ɪ b n̩
ליבן,ליבט,V;FIN;IMP;2;PL,6.666666666666667e-05,0.0004083333333333,ɫ ɪ b t
ליבן,ליבט,V;FIN;PRES;2;PL,6.666666666666667e-05,0.0004083333333333,ɫ ɪ b t
ליבן,ליב,V;FIN;PRES;1;SG,0.0015,0.0004083333333333,ɫ ɪ b
ליבן,ליבן,V;FIN;PRES;1;PL,3.3333333333333335e-05,0.0004083333333333,ɫ ɪ b n̩
לייגן,לייגן,V;NFIN,0.0016666666666666,0.001247619047619,ɫ ɛ ɪ̯ ɡ n̩
לייגן,לייג,V;FIN;IMP;2;SG,6.666666666666667e-05,0.001247619047619,ɫ ɛ ɪ̯ ɡ
לייגן,לייגן,V;FIN;PRES;3;PL,0.0016666666666666,0.001247619047619,ɫ ɛ ɪ̯ ɡ n̩
לייגן,לייגט,V;FIN;IMP;2;PL,0.0018,0.001247619047619,ɫ ɛ ɪ̯ k t
לייגן,לייגט,V;FIN;PRES;2;PL,0.0018,0.001247619047619,ɫ ɛ ɪ̯ k t
לייגן,לייג,V;FIN;PRES;1;SG,6.666666666666667e-05,0.001247619047619,ɫ ɛ ɪ̯ ɡ
לייגן,לייגן,V;FIN;PRES;1;PL,0.0016666666666666,0.001247619047619,ɫ ɛ ɪ̯ ɡ n̩
לייענען,לייענען,V;NFIN,0.0004666666666666,0.000295238095238,ɫ ɛ ɪ̯ ə n ə n
לייענען,לייען,V;FIN;IMP;2;SG,0.0,0.000295238095238,ɫ ɛ ɪ̯ ə n
לייענען,לייענען,V;FIN;PRES;3;PL,0.0004666666666666,0.000295238095238,ɫ ɛ ɪ̯ ə n ə n
לייענען,לייענט,V;FIN;IMP;2;PL,0.0003333333333333,0.000295238095238,ɫ ɛ ɪ̯ ə n t
לייענען,לייענט,V;FIN;PRES;2;PL,0.0003333333333333,0.000295238095238,ɫ ɛ ɪ̯ ə n t
לייענען,לייען,V;FIN;PRES;1;SG,0.0,0.000295238095238,ɫ ɛ ɪ̯ ə n
לייענען,לייענען,V;FIN;PRES;1;PL,0.0004666666666666,0.000295238095238,ɫ ɛ ɪ̯ ə n ə n
לעבן,לעבן,V;NFIN,0.0134333333333333,0.0059761904761904,ɫ ɛ b n̩
לעבן,לעב,V;FIN;IMP;2;SG,0.0,0.0059761904761904,ɫ ɛ b
לעבן,לעבן,V;FIN;PRES;3;PL,0.0134333333333333,0.0059761904761904,ɫ ɛ b n̩
לעבן,לעבט,V;FIN;IMP;2;PL,0.0007666666666666,0.0059761904761904,ɫ ɛ p t
לעבן,לעבט,V;FIN;PRES;2;PL,0.0007666666666666,0.0059761904761904,ɫ ɛ p t
לעבן,לעב,V;FIN;PRES;1;SG,0.0,0.0059761904761904,ɫ ɛ b
לעבן,לעבן,V;FIN;PRES;1;PL,0.0134333333333333,0.0059761904761904,ɫ ɛ b n̩
לעבן,לעבן,V;NFIN,0.0134333333333333,0.0059761904761904,ɫ ɛ b n̩
לעבן,לעב,V;FIN;IMP;2;SG,0.0,0.0059761904761904,ɫ ɛ b
לעבן,לעבן,V;FIN;PRES;3;PL,0.0134333333333333,0.0059761904761904,ɫ ɛ b n̩
לעבן,לעבט,V;FIN;IMP;2;PL,0.0007666666666666,0.0059761904761904,ɫ ɛ p t
לעבן,לעבט,V;FIN;PRES;2;PL,0.0007666666666666,0.0059761904761904,ɫ ɛ p t
לעבן,לעב,V;FIN;PRES;1;SG,0.0,0.0059761904761904,ɫ ɛ b
לעבן,לעבן,V;FIN;PRES;1;PL,0.0134333333333333,0.0059761904761904,ɫ ɛ b n̩
מאַכן,מאַכן,V;NFIN,0.0006333333333333,0.0004238095238095,m a χ n̩
מאַכן,מאַך,V;FIN;IMP;2;SG,0.0,0.0004238095238095,m a χ
מאַכן,מאַכן,V;FIN;PRES;3;PL,0.0006333333333333,0.0004238095238095,m a χ n̩
מאַכן,מאַכט,V;FIN;IMP;2;PL,0.0005333333333333,0.0004238095238095,m a χ t
מאַכן,מאַכט,V;FIN;PRES;2;PL,0.0005333333333333,0.0004238095238095,m a χ t
מאַכן,מאַך,V;FIN;PRES;1;SG,0.0,0.0004238095238095,m a χ
מאַכן,מאַכן,V;FIN;PRES;1;PL,0.0006333333333333,0.0004238095238095,m a χ n̩
מאַכן,מאַכן,V;NFIN,0.0006333333333333,0.0004238095238095,m a χ n̩
מאַכן,מאַך,V;FIN;IMP;2;SG,0.0,0.0004238095238095,m a χ
מאַכן,מאַכן,V;FIN;PRES;3;PL,0.0006333333333333,0.0004238095238095,m a χ n̩
מאַכן,מאַכט,V;FIN;IMP;2;PL,0.0005333333333333,0.0004238095238095,m a χ t
מאַכן,מאַכט,V;FIN;PRES;2;PL,0.0005333333333333,0.0004238095238095,m a χ t
מאַכן,מאַך,V;FIN;PRES;1;SG,0.0,0.0004238095238095,m a χ
מאַכן,מאַכן,V;FIN;PRES;1;PL,0.0006333333333333,0.0004238095238095,m a χ n̩
מוזן,מוזן,V;NFIN,0.0019666666666666,0.0020904761904761,m ʊ z n̩
מוזן,מוז,V;FIN;IMP;2;SG,0.0042666666666666,0.0020904761904761,m ʊ z
מוזן,מוזן,V;FIN;PRES;3;PL,0.0019666666666666,0.0020904761904761,m ʊ z n̩
מוזן,מוזט,V;FIN;IMP;2;PL,0.0001,0.0020904761904761,m ʊ z t
מוזן,מוזט,V;FIN;PRES;2;PL,0.0001,0.0020904761904761,m ʊ z t
מוזן,מוז,V;FIN;PRES;1;SG,0.0042666666666666,0.0020904761904761,m ʊ z
מוזן,מוזן,V;FIN;PRES;1;PL,0.0019666666666666,0.0020904761904761,m ʊ z n̩
מיינען,מיינען,V;NFIN,0.0006666666666666,0.0022857142857142,m ɛ ɪ̯ n ə n
מיינען,מיין,V;FIN;IMP;2;SG,0.0015,0.0022857142857142,m ɛ ɪ̯ n
מיינען,מיינען,V;FIN;PRES;3;PL,0.0006666666666666,0.0022857142857142,m ɛ ɪ̯ n ə n
מיינען,מיינט,V;FIN;IMP;2;PL,0.0055,0.0022857142857142,m ɛ ɪ̯ n t
מיינען,מיינט,V;FIN;PRES;2;PL,0.0055,0.0022857142857142,m ɛ ɪ̯ n t
מיינען,מיין,V;FIN;PRES;1;SG,0.0015,0.0022857142857142,m ɛ ɪ̯ n
מיינען,מיינען,V;FIN;PRES;1;PL,0.0006666666666666,0.0022857142857142,m ɛ ɪ̯ n ə n
נייען,נייען,V;NFIN,6.666666666666667e-05,0.0004190476190476,n ɛ ɪ̯ ə n
נייען,ניי,V;FIN;IMP;2;SG,0.0013,0.0004190476190476,n ɛ ɪ̯
נייען,נייען,V;FIN;PRES;3;PL,6.666666666666667e-05,0.0004190476190476,n ɛ ɪ̯ ə n
נייען,נייט,V;FIN;IMP;2;PL,6.666666666666667e-05,0.0004190476190476,n ɛ ɪ̯ t
נייען,נייט,V;FIN;PRES;2;PL,6.666666666666667e-05,0.0004190476190476,n ɛ ɪ̯ t
נייען,ניי,V;FIN;PRES;1;SG,0.0013,0.0004190476190476,n ɛ ɪ̯
נייען,נייען,V;FIN;PRES;1;PL,6.666666666666667e-05,0.0004190476190476,n ɛ ɪ̯ ə n
ניצן,ניצן,V;NFIN,0.0022666666666666,0.0017428571428571,n ɪ t͡s n̩
ניצן,ניץ,V;FIN;IMP;2;SG,6.666666666666667e-05,0.0017428571428571,n ɪ t͡s
ניצן,ניצן,V;FIN;PRES;3;PL,0.0022666666666666,0.0017428571428571,n ɪ t͡s n̩
ניצן,ניצט,V;FIN;IMP;2;PL,0.0026333333333333,0.0017428571428571,n ɪ t͡s t
ניצן,ניצט,V;FIN;PRES;2;PL,0.0026333333333333,0.0017428571428571,n ɪ t͡s t
ניצן,ניץ,V;FIN;PRES;1;SG,6.666666666666667e-05,0.0017428571428571,n ɪ t͡s
ניצן,ניצן,V;FIN;PRES;1;PL,0.0022666666666666,0.0017428571428571,n ɪ t͡s n̩
נעמען,נעמען,V;NFIN,0.0090333333333333,0.0053285714285714,n ɛ m ə n
נעמען,נעם,V;FIN;IMP;2;SG,0.0001,0.0053285714285714,n ɛ m
נעמען,נעמען,V;FIN;PRES;3;PL,0.0090333333333333,0.0053285714285714,n ɛ m ə n
נעמען,נעמט,V;FIN;IMP;2;PL,0.005,0.0053285714285714,n ɛ m t
נעמען,נעמט,V;FIN;PRES;2;PL,0.005,0.0053285714285714,n ɛ m t
נעמען,נעם,V;FIN;PRES;1;SG,0.0001,0.0053285714285714,n ɛ m
נעמען,נעמען,V;FIN;PRES;1;PL,0.0090333333333333,0.0053285714285714,n ɛ m ə n
נעמען,נעמען,V;NFIN,0.0090333333333333,0.0053285714285714,n ɛ m ə n
נעמען,נעם,V;FIN;IMP;2;SG,0.0001,0.0053285714285714,n ɛ m
נעמען,נעמען,V;FIN;PRES;3;PL,0.0090333333333333,0.0053285714285714,n ɛ m ə n
נעמען,נעמט,V;FIN;IMP;2;PL,0.005,0.0053285714285714,n ɛ m t
נעמען,נעמט,V;FIN;PRES;2;PL,0.005,0.0053285714285714,n ɛ m t
נעמען,נעם,V;FIN;PRES;1;SG,0.0001,0.0053285714285714,n ɛ m
נעמען,נעמען,V;FIN;PRES;1;PL,0.0090333333333333,0.0053285714285714,n ɛ m ə n
עסן,עסן,V;NFIN,0.0068333333333333,0.031747619047619,ɛ s n̩
עסן,עס,V;FIN;IMP;2;SG,0.0996333333333333,0.031747619047619,ɛ s
עסן,עסן,V;FIN;PRES;3;PL,0.0068333333333333,0.031747619047619,ɛ s n̩
עסן,עסט,V;FIN;IMP;2;PL,0.0012333333333333,0.031747619047619,ɛ s t
עסן,עסט,V;FIN;PRES;2;PL,0.0012333333333333,0.031747619047619,ɛ s t
עסן,עס,V;FIN;PRES;1;SG,0.0996333333333333,0.031747619047619,ɛ s
עסן,עסן,V;FIN;PRES;1;PL,0.0068333333333333,0.031747619047619,ɛ s n̩
עסן,עסן,V;NFIN,0.0068333333333333,0.031747619047619,ɛ s n̩
עסן,עס,V;FIN;IMP;2;SG,0.0996333333333333,0.031747619047619,ɛ s
עסן,עסן,V;FIN;PRES;3;PL,0.0068333333333333,0.031747619047619,ɛ s n̩
עסן,עסט,V;FIN;IMP;2;PL,0.0012333333333333,0.031747619047619,ɛ s t
עסן,עסט,V;FIN;PRES;2;PL,0.0012333333333333,0.031747619047619,ɛ s t
עסן,עס,V;FIN;PRES;1;SG,0.0996333333333333,0.031747619047619,ɛ s
עסן,עסן,V;FIN;PRES;1;PL,0.0068333333333333,0.031747619047619,ɛ s n̩
עצהן,עצהן,V;NFIN,0.0,0.0003428571428571,ɛ t͡s h ə n
עצהן,עצה,V;FIN;IMP;2;SG,0.0012,0.0003428571428571,ɛ t͡s ə
עצהן,עצהן,V;FIN;PRES;3;PL,0.0,0.0003428571428571,ɛ t͡s h ə n
עצהן,עצהט,V;FIN;IMP;2;PL,0.0,0.0003428571428571,ɛ t͡s ə t
עצהן,עצהט,V;FIN;PRES;2;PL,0.0,0.0003428571428571,ɛ t͡s ə t
עצהן,עצה,V;FIN;PRES;1;SG,0.0012,0.0003428571428571,ɛ t͡s ə
עצהן,עצהן,V;FIN;PRES;1;PL,0.0,0.0003428571428571,ɛ t͡s h ə n
פֿאַרגיין,פֿאַרגיין,V;NFIN,0.0,0.0009523809523809,f a ʁ ɡ ɛ ɪ̯ n
פֿאַרגיין,פֿאַרגיי,V;FIN;IMP;2;SG,0.0,0.0009523809523809,f a ʁ ɡ ɛ ɪ̯
פֿאַרגיין,גייען,V;FIN;PRES;3;PL,0.0033333333333333,0.0009523809523809,ɡ ɛ ɪ̯ ə n
פֿאַרגיין,פֿאַרגייט,V;FIN;IMP;2;PL,0.0,0.0009523809523809,f a ʁ ɡ ɛ ɪ̯ t
פֿאַרגיין,פֿאַרגייט,V;FIN;PRES;2;PL,0.0,0.0009523809523809,f a ʁ ɡ ɛ ɪ̯ t
פֿאַרגיין,פֿאַרגיי,V;FIN;PRES;1;SG,0.0,0.0009523809523809,f a ʁ ɡ ɛ ɪ̯
פֿאַרגיין,גייען,V;FIN;PRES;1;PL,0.0033333333333333,0.0009523809523809,ɡ ɛ ɪ̯ ə n
פֿירן,פֿירן,V;NFIN,0.0002,0.0001809523809523,f ɪ ʁ n̩
פֿירן,פֿיר,V;FIN;IMP;2;SG,0.0002,0.0001809523809523,f ɪ ʁ
פֿירן,פֿירן,V;FIN;PRES;3;PL,0.0002,0.0001809523809523,f ɪ ʁ n̩
פֿירן,פֿירט,V;FIN;IMP;2;PL,0.0001333333333333,0.0001809523809523,f ɪ ʁ t
פֿירן,פֿירט,V;FIN;PRES;2;PL,0.0001333333333333,0.0001809523809523,f ɪ ʁ t
פֿירן,פֿיר,V;FIN;PRES;1;SG,0.0002,0.0001809523809523,f ɪ ʁ
פֿירן,פֿירן,V;FIN;PRES;1;PL,0.0002,0.0001809523809523,f ɪ ʁ n̩
ציִען,ציִען,V;NFIN,0.0,0.0009714285714285,t͡s ɪ ə n
ציִען,צי,V;FIN;IMP;2;SG,0.0019666666666666,0.0009714285714285,t͡s ɪ
ציִען,ציִען,V;FIN;PRES;3;PL,0.0,0.0009714285714285,t͡s ɪ ə n
ציִען,ציט,V;FIN;IMP;2;PL,0.0014333333333333,0.0009714285714285,t͡s ɪ t
ציִען,ציט,V;FIN;PRES;2;PL,0.0014333333333333,0.0009714285714285,t͡s ɪ t
ציִען,צי,V;FIN;PRES;1;SG,0.0019666666666666,0.0009714285714285,t͡s ɪ
ציִען,ציִען,V;FIN;PRES;1;PL,0.0,0.0009714285714285,t͡s ɪ ə n
צייכענען,צייכענען,V;NFIN,0.0002333333333333,0.0003380952380952,t͡s ɛ ɪ̯ χ ə n ə n
צייכענען,צייכן,V;FIN;IMP;2;SG,0.0006666666666666,0.0003380952380952,t͡s ɛ ɪ̯ χ n̩
צייכענען,צייכענען,V;FIN;PRES;3;PL,0.0002333333333333,0.0003380952380952,t͡s ɛ ɪ̯ χ ə n ə n
צייכענען,צייכנט,V;FIN;IMP;2;PL,0.0001666666666666,0.0003380952380952,t͡s ɛ ɪ̯ χ n̩ t
צייכענען,צייכנט,V;FIN;PRES;2;PL,0.0001666666666666,0.0003380952380952,t͡s ɛ ɪ̯ χ n̩ t
צייכענען,צייכן,V;FIN;PRES;1;SG,0.0006666666666666,0.0003380952380952,t͡s ɛ ɪ̯ χ n̩
צייכענען,צייכענען,V;FIN;PRES;1;PL,0.0002333333333333,0.0003380952380952,t͡s ɛ ɪ̯ χ ə n ə n
ציילן,ציילן,V;NFIN,0.0006333333333333,0.0004904761904761,t͡s ɛ ɪ̯ ɫ n̩
ציילן,צייל,V;FIN;IMP;2;SG,0.0,0.0004904761904761,t͡s ɛ ɪ̯ ɫ
ציילן,ציילן,V;FIN;PRES;3;PL,0.0006333333333333,0.0004904761904761,t͡s ɛ ɪ̯ ɫ n̩
ציילן,ציילט,V;FIN;IMP;2;PL,0.0007666666666666,0.0004904761904761,t͡s ɛ ɪ̯ ɫ t
ציילן,ציילט,V;FIN;PRES;2;PL,0.0007666666666666,0.0004904761904761,t͡s ɛ ɪ̯ ɫ t
ציילן,צייל,V;FIN;PRES;1;SG,0.0,0.0004904761904761,t͡s ɛ ɪ̯ ɫ
ציילן,ציילן,V;FIN;PRES;1;PL,0.0006333333333333,0.0004904761904761,t͡s ɛ ɪ̯ ɫ n̩
צינדן,צינדן,V;NFIN,0.0002333333333333,0.0002714285714285,t͡s ɪ n d n̩
צינדן,צינד,V;FIN;IMP;2;SG,6.666666666666667e-05,0.0002714285714285,t͡s ɪ n d
צינדן,צינדן,V;FIN;PRES;3;PL,0.0002333333333333,0.0002714285714285,t͡s ɪ n d n̩
צינדן,צינדט,V;FIN;IMP;2;PL,0.0005333333333333,0.0002714285714285,t͡s ɪ n d t
צינדן,צינדט,V;FIN;PRES;2;PL,0.0005333333333333,0.0002714285714285,t͡s ɪ n d t
צינדן,צינד,V;FIN;PRES;1;SG,6.666666666666667e-05,0.0002714285714285,t͡s ɪ n d
צינדן,צינדן,V;FIN;PRES;1;PL,0.0002333333333333,0.0002714285714285,t͡s ɪ n d n̩
קומען,קומען,V;NFIN,0.0096333333333333,0.0070619047619047,k ʊ m ə n
קומען,קום,V;FIN;IMP;2;SG,6.666666666666667e-05,0.0070619047619047,k ə m
קומען,קומען,V;FIN;PRES;3;PL,0.0096333333333333,0.0070619047619047,k ʊ m ə n
קומען,קומט,V;FIN;IMP;2;PL,0.0102,0.0070619047619047,k ʊ m t
קומען,קומט,V;FIN;PRES;2;PL,0.0102,0.0070619047619047,k ʊ m t
קומען,קום,V;FIN;PRES;1;SG,6.666666666666667e-05,0.0070619047619047,k ə m
קומען,קומען,V;FIN;PRES;1;PL,0.0096333333333333,0.0070619047619047,k ʊ m ə n
קוקן,קוקן,V;NFIN,0.0011333333333333,0.0010761904761904,k ʊ k n̩
קוקן,קוק,V;FIN;IMP;2;SG,0.0004,0.0010761904761904,k ʊ k
קוקן,קוקן,V;FIN;PRES;3;PL,0.0011333333333333,0.0010761904761904,k ʊ k n̩
קוקן,קוקט,V;FIN;IMP;2;PL,0.0016666666666666,0.0010761904761904,k ʊ k t
קוקן,קוקט,V;FIN;PRES;2;PL,0.0016666666666666,0.0010761904761904,k ʊ k t
קוקן,קוק,V;FIN;PRES;1;SG,0.0004,0.0010761904761904,k ʊ k
קוקן,קוקן,V;FIN;PRES;1;PL,0.0011333333333333,0.0010761904761904,k ʊ k n̩
קענען,קענען,V;NFIN,0.0181,0.0174047619047619,k ɛ n ə n
קענען,קען,V;FIN;IMP;2;SG,0.0332666666666666,0.0174047619047619,k ɛ n
קענען,קענען,V;FIN;PRES;3;PL,0.0181,0.0174047619047619,k ɛ n ə n
קענען,קענט,V;FIN;IMP;2;PL,0.0005,0.0174047619047619,k ɛ n t
קענען,קענט,V;FIN;PRES;2;PL,0.0005,0.0174047619047619,k ɛ n t
קענען,קען,V;FIN;PRES;1;SG,0.0332666666666666,0.0174047619047619,k ɛ n
קענען,קענען,V;FIN;PRES;1;PL,0.0181,0.0174047619047619,k ɛ n ə n
קריגן,קריגן,V;NFIN,0.0005666666666666,0.0026238095238095,k ʁ ɪ ɡ n̩
קריגן,קריג,V;FIN;IMP;2;SG,0.0082,0.0026238095238095,k ʁ ɪ ɡ
קריגן,קריגן,V;FIN;PRES;3;PL,0.0005666666666666,0.0026238095238095,k ʁ ɪ ɡ n̩
קריגן,קריגט,V;FIN;IMP;2;PL,0.0001333333333333,0.0026238095238095,k ʁ ɪ ɡ t
קריגן,קריגט,V;FIN;PRES;2;PL,0.0001333333333333,0.0026238095238095,k ʁ ɪ ɡ t
קריגן,קריג,V;FIN;PRES;1;SG,0.0082,0.0026238095238095,k ʁ ɪ ɡ
קריגן,קריגן,V;FIN;PRES;1;PL,0.0005666666666666,0.0026238095238095,k ʁ ɪ ɡ n̩
קריגן,קריגן,V;NFIN,0.0005666666666666,0.0026238095238095,k ʁ ɪ ɡ n̩
קריגן,קריג,V;FIN;IMP;2;SG,0.0082,0.0026238095238095,k ʁ ɪ ɡ
קריגן,קריגן,V;FIN;PRES;3;PL,0.0005666666666666,0.0026238095238095,k ʁ ɪ ɡ n̩
קריגן,קריגט,V;FIN;IMP;2;PL,0.0001333333333333,0.0026238095238095,k ʁ ɪ ɡ t
קריגן,קריגט,V;FIN;PRES;2;PL,0.0001333333333333,0.0026238095238095,k ʁ ɪ ɡ t
קריגן,קריג,V;FIN;PRES;1;SG,0.0082,0.0026238095238095,k ʁ ɪ ɡ
קריגן,קריגן,V;FIN;PRES;1;PL,0.0005666666666666,0.0026238095238095,k ʁ ɪ ɡ n̩
רעדן,רעדן,V;NFIN,0.0033666666666666,0.0020047619047619,ʁ ɛ d n̩
רעדן,רעד,V;FIN;IMP;2;SG,0.0001,0.0020047619047619,ʁ ɛ d
רעדן,רעדן,V;FIN;PRES;3;PL,0.0033666666666666,0.0020047619047619,ʁ ɛ d n̩
רעדן,רעדט,V;FIN;IMP;2;PL,0.0018666666666666,0.0020047619047619,ʁ ɛ d t
רעדן,רעדט,V;FIN;PRES;2;PL,0.0018666666666666,0.0020047619047619,ʁ ɛ d t
רעדן,רעד,V;FIN;PRES;1;SG,0.0001,0.0020047619047619,ʁ ɛ d
רעדן,רעדן,V;FIN;PRES;1;PL,0.0033666666666666,0.0020047619047619,ʁ ɛ d n̩
רעכענען,רעכענען,V;NFIN,0.0007,0.0006238095238095,ʁ ɛ χ ə n ə n
רעכענען,רעכן,V;FIN;IMP;2;SG,3.3333333333333335e-05,0.0006238095238095,ʁ ɛ χ n̩
רעכענען,רעכענען,V;FIN;PRES;3;PL,0.0007,0.0006238095238095,ʁ ɛ χ ə n ə n
רעכענען,רעכנט,V;FIN;IMP;2;PL,0.0011,0.0006238095238095,ʁ ɛ χ n̩ t
רעכענען,רעכנט,V;FIN;PRES;2;PL,0.0011,0.0006238095238095,ʁ ɛ χ n̩ t
רעכענען,רעכן,V;FIN;PRES;1;SG,3.3333333333333335e-05,0.0006238095238095,ʁ ɛ χ n̩
רעכענען,רעכענען,V;FIN;PRES;1;PL,0.0007,0.0006238095238095,ʁ ɛ χ ə n ə n
שווימען,שווימען,V;NFIN,0.0006,0.0003809523809523,ʃ v ɪ m ə n
שווימען,שווים,V;FIN;IMP;2;SG,0.0001,0.0003809523809523,ʃ v ɪ m
שווימען,שווימען,V;FIN;PRES;3;PL,0.0006,0.0003809523809523,ʃ v ɪ m ə n
שווימען,שווימט,V;FIN;IMP;2;PL,0.0003333333333333,0.0003809523809523,ʃ v ɪ m t
שווימען,שווימט,V;FIN;PRES;2;PL,0.0003333333333333,0.0003809523809523,ʃ v ɪ m t
שווימען,שווים,V;FIN;PRES;1;SG,0.0001,0.0003809523809523,ʃ v ɪ m
שווימען,שווימען,V;FIN;PRES;1;PL,0.0006,0.0003809523809523,ʃ v ɪ m ə n
שטיצן,שטיצן,V;NFIN,0.0005666666666666,0.0003571428571428,ʃ t ɪ t͡s n̩
שטיצן,שטיץ,V;FIN;IMP;2;SG,3.3333333333333335e-05,0.0003571428571428,ʃ t ɪ t͡s
שטיצן,שטיצן,V;FIN;PRES;3;PL,0.0005666666666666,0.0003571428571428,ʃ t ɪ t͡s n̩
שטיצן,שטיצט,V;FIN;IMP;2;PL,0.0003666666666666,0.0003571428571428,ʃ t ɪ t͡s t
שטיצן,שטיצט,V;FIN;PRES;2;PL,0.0003666666666666,0.0003571428571428,ʃ t ɪ t͡s t
שטיצן,שטיץ,V;FIN;PRES;1;SG,3.3333333333333335e-05,0.0003571428571428,ʃ t ɪ t͡s
שטיצן,שטיצן,V;FIN;PRES;1;PL,0.0005666666666666,0.0003571428571428,ʃ t ɪ t͡s n̩
שטעלן,שטעלן,V;NFIN,0.0023666666666666,0.0016428571428571,ʃ t ɛ ɫ n̩
שטעלן,שטעל,V;FIN;IMP;2;SG,0.0001666666666666,0.0016428571428571,ʃ t ɛ ɫ
שטעלן,שטעלן,V;FIN;PRES;3;PL,0.0023666666666666,0.0016428571428571,ʃ t ɛ ɫ n̩
שטעלן,שטעלט,V;FIN;IMP;2;PL,0.0020333333333333,0.0016428571428571,ʃ t ɛ ɫ t
שטעלן,שטעלט,V;FIN;PRES;2;PL,0.0020333333333333,0.0016428571428571,ʃ t ɛ ɫ t
שטעלן,שטעל,V;FIN;PRES;1;SG,0.0001666666666666,0.0016428571428571,ʃ t ɛ ɫ
שטעלן,שטעלן,V;FIN;PRES;1;PL,0.0023666666666666,0.0016428571428571,ʃ t ɛ ɫ n̩
שיסן,שיסן,V;NFIN,0.0003333333333333,0.0001904761904761,ʃ ɪ s n̩
שיסן,שיס,V;FIN;IMP;2;SG,0.0,0.0001904761904761,ʃ ɪ s
שיסן,שיסן,V;FIN;PRES;3;PL,0.0003333333333333,0.0001904761904761,ʃ ɪ s n̩
שיסן,שיסט,V;FIN;IMP;2;PL,0.0001666666666666,0.0001904761904761,ʃ ɪ s t
שיסן,שיסט,V;FIN;PRES;2;PL,0.0001666666666666,0.0001904761904761,ʃ ɪ s t
שיסן,שיס,V;FIN;PRES;1;SG,0.0,0.0001904761904761,ʃ ɪ s
שיסן,שיסן,V;FIN;PRES;1;PL,0.0003333333333333,0.0001904761904761,ʃ ɪ s n̩
שיקן,שיקן,V;NFIN,0.002,0.0012666666666666,ʃ ɪ k n̩
שיקן,שיק,V;FIN;IMP;2;SG,0.0001666666666666,0.0012666666666666,ʃ ɪ k
שיקן,שיקן,V;FIN;PRES;3;PL,0.002,0.0012666666666666,ʃ ɪ k n̩
שיקן,שיקט,V;FIN;IMP;2;PL,0.0012666666666666,0.0012666666666666,ʃ ɪ k t
שיקן,שיקט,V;FIN;PRES;2;PL,0.0012666666666666,0.0012666666666666,ʃ ɪ k t
שיקן,שיק,V;FIN;PRES;1;SG,0.0001666666666666,0.0012666666666666,ʃ ɪ k
שיקן,שיקן,V;FIN;PRES;1;PL,0.002,0.0012666666666666,ʃ ɪ k n̩
שליסן,שליסן,V;NFIN,0.0003333333333333,0.0003047619047619,ʃ ɫ ɪ s n̩
שליסן,שליס,V;FIN;IMP;2;SG,0.0,0.0003047619047619,ʃ ɫ ɪ s
שליסן,שליסן,V;FIN;PRES;3;PL,0.0003333333333333,0.0003047619047619,ʃ ɫ ɪ s n̩
שליסן,שליסט,V;FIN;IMP;2;PL,0.0005666666666666,0.0003047619047619,ʃ ɫ ɪ s t
שליסן,שליסט,V;FIN;PRES;2;PL,0.0005666666666666,0.0003047619047619,ʃ ɫ ɪ s t
שליסן,שליס,V;FIN;PRES;1;SG,0.0,0.0003047619047619,ʃ ɫ ɪ s
שליסן,שליסן,V;FIN;PRES;1;PL,0.0003333333333333,0.0003047619047619,ʃ ɫ ɪ s n̩
שערן,שן,V;NFIN,3.3333333333333335e-05,0.0008523809523809,ʃ n̩
שערן,ש,V;FIN;IMP;2;SG,0.0029333333333333,0.0008523809523809,ʃ
שערן,שן,V;FIN;PRES;3;PL,3.3333333333333335e-05,0.0008523809523809,ʃ n̩
שערן,שט,V;FIN;IMP;2;PL,0.0,0.0008523809523809,ʃ t
שערן,שט,V;FIN;PRES;2;PL,0.0,0.0008523809523809,ʃ t
שערן,ש,V;FIN;PRES;1;SG,0.0029333333333333,0.0008523809523809,ʃ
שערן,שן,V;FIN;PRES;1;PL,3.3333333333333335e-05,0.0008523809523809,ʃ n̩
שערן,שן,V;NFIN,3.3333333333333335e-05,0.0008523809523809,ʃ n̩
שערן,ש,V;FIN;IMP;2;SG,0.0029333333333333,0.0008523809523809,ʃ
שערן,שן,V;FIN;PRES;3;PL,3.3333333333333335e-05,0.0008523809523809,ʃ n̩
שערן,שט,V;FIN;IMP;2;PL,0.0,0.0008523809523809,ʃ t
שערן,שט,V;FIN;PRES;2;PL,0.0,0.0008523809523809,ʃ t
שערן,ש,V;FIN;PRES;1;SG,0.0029333333333333,0.0008523809523809,ʃ
שערן,שן,V;FIN;PRES;1;PL,3.3333333333333335e-05,0.0008523809523809,ʃ n̩
שפּילן,שפּילן,V;NFIN,0.0002,0.0002,ʃ p ɪ ɫ n̩
שפּילן,שפּיל,V;FIN;IMP;2;SG,0.0001,0.0002,ʃ p ɪ ɫ
שפּילן,שפּילן,V;FIN;PRES;3;PL,0.0002,0.0002,ʃ p ɪ ɫ n̩
שפּילן,שפּילט,V;FIN;IMP;2;PL,0.0003,0.0002,ʃ p ɪ ɫ t
שפּילן,שפּילט,V;FIN;PRES;2;PL,0.0003,0.0002,ʃ p ɪ ɫ t
שפּילן,שפּיל,V;FIN;PRES;1;SG,0.0001,0.0002,ʃ p ɪ ɫ
שפּילן,שפּילן,V;FIN;PRES;1;PL,0.0002,0.0002,ʃ p ɪ ɫ n̩
